▲ Next.js 16.3.2 (Turbopack)
- Local:         http://localhost:3000
- Network:       http://10.0.213.30:3000
- Environments: .env.local
✓ Ready in 11.0s
✓ Running next.config.ts took 638ms

 GET /settings 200 in 4.0s (next.js: 2.6s, application-code: 1359ms)
 GET /login?next=%2F 200 in 4.0s (next.js: 2.6s, application-code: 1324ms)
 GET /login?next=%2F 200 in 4.0s (next.js: 2.4s, application-code: 1546ms)
 GET /login?next=%2Fsettings 200 in 118ms (next.js: 25ms, application-code: 93ms)
 GET /settings 200 in 171ms (next.js: 78ms, application-code: 93ms)
 GET /settings 200 in 94ms (next.js: 23ms, application-code: 71ms)
 GET /settings 200 in 181ms (next.js: 21ms, application-code: 161ms)
 GET /login?next=%2Fsettings 200 in 459ms (next.js: 159ms, application-code: 300ms)
 GET / 200 in 468ms (next.js: 129ms, application-code: 339ms)
 GET /login?next=%2F 200 in 128ms (next.js: 33ms, application-code: 96ms)
 GET / 200 in 177ms (next.js: 22ms, application-code: 156ms)
 GET / 200 in 88ms (next.js: 26ms, application-code: 62ms)
 GET /discovery 200 in 197ms (next.js: 108ms, application-code: 90ms)
 GET /pam/audit 200 in 207ms (next.js: 110ms, application-code: 98ms)
 GET /pam/audit 200 in 398ms (next.js: 35ms, application-code: 364ms)
 GET /login?next=%2F 200 in 261ms (next.js: 29ms, application-code: 232ms)
 GET /login?next=%2F 200 in 257ms (next.js: 147ms, application-code: 110ms)
 GET /pam/audit 200 in 417ms (next.js: 52ms, application-code: 365ms)
 GET /login?next=%2F 200 in 264ms (next.js: 52ms, application-code: 212ms)
 GET /login?next=%2F 200 in 262ms (next.js: 137ms, application-code: 125ms)
 GET /pam/audit 200 in 373ms (next.js: 47ms, application-code: 326ms)
 GET /login?next=%2F 200 in 332ms (next.js: 126ms, application-code: 206ms)
 GET /login?next=%2F 200 in 214ms (next.js: 117ms, application-code: 96ms)
 GET /pam/audit 200 in 386ms (next.js: 40ms, application-code: 346ms)
 GET /login?next=%2F 200 in 351ms (next.js: 150ms, application-code: 202ms)
 GET /login?next=%2F 200 in 119ms (next.js: 23ms, application-code: 96ms)
 GET /pam/audit 200 in 381ms (next.js: 42ms, application-code: 339ms)
 GET /login?next=%2F 200 in 241ms (next.js: 32ms, application-code: 208ms)
 GET /login?next=%2F 200 in 215ms (next.js: 118ms, application-code: 98ms)
⚠ Fast Refresh had to perform a full reload when ./apps/web/lib/i18n/translations.ts changed. Read more: https://nextjs.org/docs/messages/fast-refresh-reload
⚠ Fast Refresh had to perform a full reload when ./apps/web/lib/i18n/translations.ts changed. Read more: https://nextjs.org/docs/messages/fast-refresh-reload
⚠ Fast Refresh had to perform a full reload when ./apps/web/lib/i18n/translations.ts changed. Read more: https://nextjs.org/docs/messages/fast-refresh-reload
⚠ Fast Refresh had to perform a full reload when ./apps/web/lib/i18n/translations.ts changed. Read more: https://nextjs.org/docs/messages/fast-refresh-reload
✓ Compiled in 466ms
⚠ Fast Refresh had to perform a full reload when ./apps/web/lib/i18n/translations.ts changed. Read more: https://nextjs.org/docs/messages/fast-refresh-reload
 GET /login?next=%2F 200 in 876ms (next.js: 297ms, application-code: 579ms)
 GET /pam/audit 200 in 885ms (next.js: 222ms, application-code: 662ms)
 GET /login?next=%2F 200 in 311ms (next.js: 71ms, application-code: 240ms)
 GET /pam/audit 200 in 1018ms (next.js: 44ms, application-code: 974ms)
 GET /login?next=%2F 200 in 1009ms (next.js: 124ms, application-code: 885ms)
 GET /login?next=%2F 200 in 408ms (next.js: 43ms, application-code: 365ms)
⚠ Fast Refresh had to perform a full reload when ./apps/web/lib/i18n/translations.ts changed. Read more: https://nextjs.org/docs/messages/fast-refresh-reload
⚠ Fast Refresh had to perform a full reload when ./apps/web/lib/i18n/translations.ts changed. Read more: https://nextjs.org/docs/messages/fast-refresh-reload
⚠ Fast Refresh had to perform a full reload when ./apps/web/lib/i18n/translations.ts changed. Read more: https://nextjs.org/docs/messages/fast-refresh-reload
✓ Compiled in 177ms
⚠ Fast Refresh had to perform a full reload when ./apps/web/lib/i18n/translations.ts changed. Read more: https://nextjs.org/docs/messages/fast-refresh-reload
⚠ Fast Refresh had to perform a full reload when ./apps/web/lib/i18n/translations.ts changed. Read more: https://nextjs.org/docs/messages/fast-refresh-reload
 GET /pam/audit 200 in 644ms (next.js: 79ms, application-code: 565ms)
 GET /login?next=%2F 200 in 728ms (next.js: 298ms, application-code: 429ms)
 GET /login?next=%2F 200 in 1077ms (next.js: 139ms, application-code: 938ms)
 GET /pam/audit 200 in 1198ms (next.js: 61ms, application-code: 1137ms)
 GET /login?next=%2F 200 in 864ms (next.js: 31ms, application-code: 834ms)
 GET /login?next=%2F 200 in 855ms (next.js: 224ms, application-code: 631ms)
 GET /login?next=%2Fpam%2Faudit 200 in 136ms (next.js: 35ms, application-code: 101ms)
 GET /pam/audit 200 in 201ms (next.js: 23ms, application-code: 177ms)
 GET /pam/audit 200 in 98ms (next.js: 20ms, application-code: 78ms)
 GET /pam/audit 200 in 153ms (next.js: 27ms, application-code: 126ms)
 GET /login?next=%2Fpam%2Faudit 200 in 60ms (next.js: 18ms, application-code: 41ms)
 GET /pam/audit 200 in 220ms (next.js: 25ms, application-code: 194ms)
 GET /pam/audit 200 in 109ms (next.js: 21ms, application-code: 88ms)
 GET /pam/audit 200 in 180ms (next.js: 22ms, application-code: 158ms)
 GET /login?next=%2Fpam%2Faudit 200 in 109ms (next.js: 26ms, application-code: 83ms)
 GET / 200 in 292ms (next.js: 41ms, application-code: 251ms)
 GET /login?next=%2F 200 in 103ms (next.js: 22ms, application-code: 81ms)
 GET /login?next=%2Fpam%2Faudit 200 in 232ms (next.js: 120ms, application-code: 112ms)
 GET / 200 in 243ms (next.js: 24ms, application-code: 219ms)
 GET /login?next=%2F 200 in 127ms (next.js: 26ms, application-code: 101ms)
 GET / 200 in 253ms (next.js: 78ms, application-code: 175ms)
 GET / 200 in 110ms (next.js: 19ms, application-code: 91ms)
 GET /my-access 200 in 272ms (next.js: 132ms, application-code: 139ms)
 GET /login?next=%2Fmy-access 200 in 222ms (next.js: 97ms, application-code: 125ms)
 GET / 200 in 232ms (next.js: 15ms, application-code: 217ms)
 GET /login?next=%2F 200 in 122ms (next.js: 26ms, application-code: 96ms)
 GET / 200 in 106ms (next.js: 24ms, application-code: 82ms)
 GET / 200 in 80ms (next.js: 17ms, application-code: 63ms)
 GET /pam/users 200 in 208ms (next.js: 109ms, application-code: 99ms)
 GET /pam/users 200 in 201ms (next.js: 21ms, application-code: 180ms)
 GET /login?next=%2Fpam%2Fusers 200 in 277ms (next.js: 134ms, application-code: 143ms)
 GET / 200 in 313ms (next.js: 25ms, application-code: 288ms)
 GET /login?next=%2F 200 in 110ms (next.js: 20ms, application-code: 90ms)
 GET / 200 in 183ms (next.js: 22ms, application-code: 161ms)
 GET / 200 in 99ms (next.js: 20ms, application-code: 79ms)
 GET /my-access 200 in 105ms (next.js: 24ms, application-code: 82ms)
 GET /pam/requests 200 in 270ms (next.js: 142ms, application-code: 128ms)
 GET /pam/rules 200 in 247ms (next.js: 125ms, application-code: 123ms)
 GET /pam/vault 200 in 509ms (next.js: 119ms, application-code: 391ms)
 GET /pam/permissions 200 in 397ms (next.js: 289ms, application-code: 108ms)
 GET /pam/users 200 in 91ms (next.js: 19ms, application-code: 72ms)
 GET /my-access 200 in 85ms (next.js: 20ms, application-code: 65ms)
 GET / 200 in 141ms (next.js: 27ms, application-code: 114ms)
 GET / 200 in 104ms (next.js: 36ms, application-code: 68ms)
⚠ Fast Refresh had to perform a full reload when ./apps/web/lib/api.ts changed. Read more: https://nextjs.org/docs/messages/fast-refresh-reload
⚠ Fast Refresh had to perform a full reload when ./apps/web/lib/api.ts changed. Read more: https://nextjs.org/docs/messages/fast-refresh-reload
⚠ Fast Refresh had to perform a full reload when ./apps/web/lib/api.ts changed. Read more: https://nextjs.org/docs/messages/fast-refresh-reload
✓ Compiled in 594ms
 GET /my-access 200 in 874ms (next.js: 63ms, application-code: 811ms)
 GET / 200 in 696ms (next.js: 186ms, application-code: 509ms)
 GET /login?next=%2F 200 in 519ms (next.js: 300ms, application-code: 219ms)
 GET /my-access 200 in 946ms (next.js: 193ms, application-code: 753ms)
 GET / 200 in 613ms (next.js: 140ms, application-code: 473ms)
 GET /login?next=%2F 200 in 572ms (next.js: 225ms, application-code: 347ms)
✓ Compiled in 230ms
 GET /my-access 200 in 336ms (next.js: 42ms, application-code: 294ms)
 GET / 200 in 203ms (next.js: 38ms, application-code: 165ms)
 GET /login?next=%2F 200 in 201ms (next.js: 106ms, application-code: 96ms)
✓ Compiled in 179ms
 GET /my-access 200 in 297ms (next.js: 31ms, application-code: 266ms)
 GET / 200 in 192ms (next.js: 26ms, application-code: 166ms)
 GET /login?next=%2F 200 in 189ms (next.js: 111ms, application-code: 78ms)
✓ Compiled in 493ms
 GET / 200 in 317ms (next.js: 123ms, application-code: 194ms)
 GET /login?next=%2F 200 in 314ms (next.js: 42ms, application-code: 273ms)
 GET /my-access 200 in 132ms (next.js: 36ms, application-code: 95ms)
✓ Compiled in 228ms
 GET /my-access 200 in 345ms (next.js: 40ms, application-code: 306ms)
 GET / 200 in 216ms (next.js: 26ms, application-code: 189ms)
 GET /login?next=%2F 200 in 212ms (next.js: 117ms, application-code: 95ms)
✓ Compiled in 224ms
 GET /my-access 200 in 362ms (next.js: 35ms, application-code: 328ms)
 GET / 200 in 210ms (next.js: 27ms, application-code: 183ms)
 GET /login?next=%2F 200 in 186ms (next.js: 97ms, application-code: 89ms)
✓ Compiled in 244ms
 GET /my-access 200 in 315ms (next.js: 33ms, application-code: 282ms)
 GET / 200 in 285ms (next.js: 105ms, application-code: 180ms)
 GET /login?next=%2F 200 in 108ms (next.js: 26ms, application-code: 82ms)
✓ Compiled in 205ms
 GET /my-access 200 in 383ms (next.js: 56ms, application-code: 326ms)
 GET / 200 in 380ms (next.js: 176ms, application-code: 204ms)
 GET /login?next=%2F 200 in 127ms (next.js: 22ms, application-code: 105ms)
✓ Compiled in 197ms
 GET / 200 in 368ms (next.js: 22ms, application-code: 346ms)
 GET /login?next=%2F 200 in 272ms (next.js: 30ms, application-code: 243ms)
 GET /my-access 200 in 272ms (next.js: 181ms, application-code: 91ms)
⚠ Fast Refresh had to perform a full reload when ./apps/web/lib/i18n/translations.ts changed. Read more: https://nextjs.org/docs/messages/fast-refresh-reload
✓ Compiled in 385ms
⚠ Fast Refresh had to perform a full reload when ./apps/web/lib/i18n/translations.ts changed. Read more: https://nextjs.org/docs/messages/fast-refresh-reload
⚠ Fast Refresh had to perform a full reload when ./apps/web/lib/i18n/translations.ts changed. Read more: https://nextjs.org/docs/messages/fast-refresh-reload
 GET /my-access 200 in 785ms (next.js: 147ms, application-code: 637ms)
 GET /login?next=%2F 200 in 504ms (next.js: 280ms, application-code: 224ms)
 GET / 200 in 873ms (next.js: 223ms, application-code: 650ms)
 GET /my-access 200 in 951ms (next.js: 35ms, application-code: 916ms)
 GET / 200 in 607ms (next.js: 26ms, application-code: 581ms)
 GET /login?next=%2F 200 in 602ms (next.js: 141ms, application-code: 461ms)
✓ Compiled in 231ms
 GET /my-access 200 in 357ms (next.js: 41ms, application-code: 316ms)
 GET / 200 in 221ms (next.js: 59ms, application-code: 162ms)
 GET /login?next=%2F 200 in 219ms (next.js: 135ms, application-code: 83ms)
⚠ Fast Refresh had to perform a full reload when ./apps/web/lib/i18n/translations.ts changed. Read more: https://nextjs.org/docs/messages/fast-refresh-reload
⚠ Fast Refresh had to perform a full reload when ./apps/web/lib/i18n/translations.ts changed. Read more: https://nextjs.org/docs/messages/fast-refresh-reload
⚠ Fast Refresh had to perform a full reload when ./apps/web/lib/i18n/translations.ts changed. Read more: https://nextjs.org/docs/messages/fast-refresh-reload
✓ Compiled in 508ms
⚠ Fast Refresh had to perform a full reload when ./apps/web/lib/i18n/translations.ts changed. Read more: https://nextjs.org/docs/messages/fast-refresh-reload
⚠ Fast Refresh had to perform a full reload when ./apps/web/lib/i18n/translations.ts changed. Read more: https://nextjs.org/docs/messages/fast-refresh-reload
 GET /my-access 200 in 622ms (next.js: 134ms, application-code: 488ms)
 GET / 200 in 659ms (next.js: 266ms, application-code: 393ms)
 GET /login?next=%2F 200 in 668ms (next.js: 499ms, application-code: 168ms)
 GET /my-access 200 in 945ms (next.js: 35ms, application-code: 909ms)
 GET / 200 in 741ms (next.js: 51ms, application-code: 690ms)
 GET /login?next=%2F 200 in 737ms (next.js: 95ms, application-code: 642ms)
⚠ Fast Refresh had to perform a full reload when ./apps/web/lib/i18n/translations.ts changed. Read more: https://nextjs.org/docs/messages/fast-refresh-reload
⚠ Fast Refresh had to perform a full reload when ./apps/web/lib/i18n/translations.ts changed. Read more: https://nextjs.org/docs/messages/fast-refresh-reload
✓ Compiled in 218ms
⚠ Fast Refresh had to perform a full reload when ./apps/web/lib/i18n/translations.ts changed. Read more: https://nextjs.org/docs/messages/fast-refresh-reload
 GET /my-access 200 in 583ms (next.js: 139ms, application-code: 444ms)
 GET / 200 in 759ms (next.js: 245ms, application-code: 514ms)
 GET /login?next=%2F 200 in 363ms (next.js: 136ms, application-code: 227ms)
 GET /my-access 200 in 849ms (next.js: 39ms, application-code: 810ms)
 GET / 200 in 848ms (next.js: 80ms, application-code: 769ms)
 GET /login?next=%2F 200 in 413ms (next.js: 66ms, application-code: 346ms)
✓ Compiled in 224ms
 GET /my-access 200 in 381ms (next.js: 33ms, application-code: 348ms)
 GET / 200 in 244ms (next.js: 28ms, application-code: 215ms)
 GET /login?next=%2F 200 in 244ms (next.js: 138ms, application-code: 105ms)
✓ Compiled in 529ms
 GET /my-access 200 in 372ms (next.js: 57ms, application-code: 315ms)
 GET / 200 in 369ms (next.js: 157ms, application-code: 213ms)
 GET /login?next=%2F 200 in 145ms (next.js: 32ms, application-code: 113ms)
✓ Compiled in 261ms
 GET /my-access 200 in 349ms (next.js: 36ms, application-code: 313ms)
 GET / 200 in 220ms (next.js: 35ms, application-code: 185ms)
 GET /login?next=%2F 200 in 218ms (next.js: 137ms, application-code: 81ms)
⨯ ./apps/web/components/AssetDetails.tsx:15:1
Error: Module not found: Can't resolve '@/components/AssetWebConsoleProfilePanel'
  [90m13 |[0m [36mimport[0m { [33mAssetAgentPanel[0m } [36mfrom[0m [32m"@/components/AssetAgentPanel"[0m;
  [90m14 |[0m [36mimport[0m { [33mAssetSnmpPanel[0m } [36mfrom[0m [32m"@/components/AssetSnmpPanel"[0m;
[31m[1m>[0m [90m15 |[0m [36mimport[0m { [33mAssetWebConsoleProfilePanel[0m } [36mfrom[0m [32m"@/components/AssetWebConsoleProfilePanel"[0m;
  [90m   |[0m [31m[1m^^^^^^^^^^^^^^^^^^^^^^^^^^^^^^^^^^^^^^^^^^^^^^^^^^^^^^^^^^^^^^^^^^^^^^^^^^^^^^^^^^^^^^^[0m
  [90m16 |[0m [36mimport[0m styles [36mfrom[0m [32m"./AssetDetails.module.css"[0m;
  [90m17 |[0m
  [90m18 |[0m [36mtype[0m [33mDict[0m = ([36mtypeof[0m translations)[[32m"tr"[0m];

Import map: aliased to relative './components/AssetWebConsoleProfilePanel' inside of [project]/apps/web


Import traces:
  Client Component Browser:
    ./apps/web/components/AssetDetails.tsx [Client Component Browser]
    ./apps/web/components/GlobalSearch.tsx [Client Component Browser]
    ./apps/web/components/TopHeader.tsx [Client Component Browser]
    ./apps/web/components/TopHeader.tsx [Server Component]
    ./apps/web/app/layout.tsx [Server Component]

  Client Component SSR:
    ./apps/web/components/AssetDetails.tsx [Client Component SSR]
    ./apps/web/components/GlobalSearch.tsx [Client Component SSR]
    ./apps/web/components/TopHeader.tsx [Client Component SSR]
    ./apps/web/components/TopHeader.tsx [Server Component]
    ./apps/web/app/layout.tsx [Server Component]

https://nextjs.org/docs/messages/module-not-found


⨯ ./apps/web/components/AssetDetails.tsx:15:1
Error: Module not found: Can't resolve '@/components/AssetWebConsoleProfilePanel'
  [90m13 |[0m [36mimport[0m { [33mAssetAgentPanel[0m } [36mfrom[0m [32m"@/components/AssetAgentPanel"[0m;
  [90m14 |[0m [36mimport[0m { [33mAssetSnmpPanel[0m } [36mfrom[0m [32m"@/components/AssetSnmpPanel"[0m;
[31m[1m>[0m [90m15 |[0m [36mimport[0m { [33mAssetWebConsoleProfilePanel[0m } [36mfrom[0m [32m"@/components/AssetWebConsoleProfilePanel"[0m;
  [90m   |[0m [31m[1m^^^^^^^^^^^^^^^^^^^^^^^^^^^^^^^^^^^^^^^^^^^^^^^^^^^^^^^^^^^^^^^^^^^^^^^^^^^^^^^^^^^^^^^[0m
  [90m16 |[0m [36mimport[0m styles [36mfrom[0m [32m"./AssetDetails.module.css"[0m;
  [90m17 |[0m
  [90m18 |[0m [36mtype[0m [33mDict[0m = ([36mtypeof[0m translations)[[32m"tr"[0m];

Import map: aliased to relative './components/AssetWebConsoleProfilePanel' inside of [project]/apps/web


Import traces:
  Client Component Browser:
    ./apps/web/components/AssetDetails.tsx [Client Component Browser]
    ./apps/web/components/GlobalSearch.tsx [Client Component Browser]
    ./apps/web/components/TopHeader.tsx [Client Component Browser]
    ./apps/web/components/TopHeader.tsx [Server Component]
    ./apps/web/app/layout.tsx [Server Component]

  Client Component SSR:
    ./apps/web/components/AssetDetails.tsx [Client Component SSR]
    ./apps/web/components/GlobalSearch.tsx [Client Component SSR]
    ./apps/web/components/TopHeader.tsx [Client Component SSR]
    ./apps/web/components/TopHeader.tsx [Server Component]
    ./apps/web/app/layout.tsx [Server Component]

https://nextjs.org/docs/messages/module-not-found


⨯ ./apps/web/components/AssetDetails.tsx:15:1
Error: Module not found: Can't resolve '@/components/AssetWebConsoleProfilePanel'
  [90m13 |[0m [36mimport[0m { [33mAssetAgentPanel[0m } [36mfrom[0m [32m"@/components/AssetAgentPanel"[0m;
  [90m14 |[0m [36mimport[0m { [33mAssetSnmpPanel[0m } [36mfrom[0m [32m"@/components/AssetSnmpPanel"[0m;
[31m[1m>[0m [90m15 |[0m [36mimport[0m { [33mAssetWebConsoleProfilePanel[0m } [36mfrom[0m [32m"@/components/AssetWebConsoleProfilePanel"[0m;
  [90m   |[0m [31m[1m^^^^^^^^^^^^^^^^^^^^^^^^^^^^^^^^^^^^^^^^^^^^^^^^^^^^^^^^^^^^^^^^^^^^^^^^^^^^^^^^^^^^^^^[0m
  [90m16 |[0m [36mimport[0m styles [36mfrom[0m [32m"./AssetDetails.module.css"[0m;
  [90m17 |[0m
  [90m18 |[0m [36mtype[0m [33mDict[0m = ([36mtypeof[0m translations)[[32m"tr"[0m];

Import map: aliased to relative './components/AssetWebConsoleProfilePanel' inside of [project]/apps/web


Import traces:
  Client Component Browser:
    ./apps/web/components/AssetDetails.tsx [Client Component Browser]
    ./apps/web/components/GlobalSearch.tsx [Client Component Browser]
    ./apps/web/components/TopHeader.tsx [Client Component Browser]
    ./apps/web/components/TopHeader.tsx [Server Component]
    ./apps/web/app/layout.tsx [Server Component]

  Client Component SSR:
    ./apps/web/components/AssetDetails.tsx [Client Component SSR]
    ./apps/web/components/GlobalSearch.tsx [Client Component SSR]
    ./apps/web/components/TopHeader.tsx [Client Component SSR]
    ./apps/web/components/TopHeader.tsx [Server Component]
    ./apps/web/app/layout.tsx [Server Component]

https://nextjs.org/docs/messages/module-not-found


⨯ ./apps/web/components/AssetDetails.tsx:15:1
Error: Module not found: Can't resolve '@/components/AssetWebConsoleProfilePanel'
  [90m13 |[0m [36mimport[0m { [33mAssetAgentPanel[0m } [36mfrom[0m [32m"@/components/AssetAgentPanel"[0m;
  [90m14 |[0m [36mimport[0m { [33mAssetSnmpPanel[0m } [36mfrom[0m [32m"@/components/AssetSnmpPanel"[0m;
[31m[1m>[0m [90m15 |[0m [36mimport[0m { [33mAssetWebConsoleProfilePanel[0m } [36mfrom[0m [32m"@/components/AssetWebConsoleProfilePanel"[0m;
  [90m   |[0m [31m[1m^^^^^^^^^^^^^^^^^^^^^^^^^^^^^^^^^^^^^^^^^^^^^^^^^^^^^^^^^^^^^^^^^^^^^^^^^^^^^^^^^^^^^^^[0m
  [90m16 |[0m [36mimport[0m styles [36mfrom[0m [32m"./AssetDetails.module.css"[0m;
  [90m17 |[0m
  [90m18 |[0m [36mtype[0m [33mDict[0m = ([36mtypeof[0m translations)[[32m"tr"[0m];

Import map: aliased to relative './components/AssetWebConsoleProfilePanel' inside of [project]/apps/web


Import traces:
  Client Component Browser:
    ./apps/web/components/AssetDetails.tsx [Client Component Browser]
    ./apps/web/components/GlobalSearch.tsx [Client Component Browser]
    ./apps/web/components/TopHeader.tsx [Client Component Browser]
    ./apps/web/components/TopHeader.tsx [Server Component]
    ./apps/web/app/layout.tsx [Server Component]

  Client Component SSR:
    ./apps/web/components/AssetDetails.tsx [Client Component SSR]
    ./apps/web/components/GlobalSearch.tsx [Client Component SSR]
    ./apps/web/components/TopHeader.tsx [Client Component SSR]
    ./apps/web/components/TopHeader.tsx [Server Component]
    ./apps/web/app/layout.tsx [Server Component]

https://nextjs.org/docs/messages/module-not-found


⨯ ./apps/web/components/AssetDetails.tsx:15:1
Error: Module not found: Can't resolve '@/components/AssetWebConsoleProfilePanel'
  [90m13 |[0m [36mimport[0m { [33mAssetAgentPanel[0m } [36mfrom[0m [32m"@/components/AssetAgentPanel"[0m;
  [90m14 |[0m [36mimport[0m { [33mAssetSnmpPanel[0m } [36mfrom[0m [32m"@/components/AssetSnmpPanel"[0m;
[31m[1m>[0m [90m15 |[0m [36mimport[0m { [33mAssetWebConsoleProfilePanel[0m } [36mfrom[0m [32m"@/components/AssetWebConsoleProfilePanel"[0m;
  [90m   |[0m [31m[1m^^^^^^^^^^^^^^^^^^^^^^^^^^^^^^^^^^^^^^^^^^^^^^^^^^^^^^^^^^^^^^^^^^^^^^^^^^^^^^^^^^^^^^^[0m
  [90m16 |[0m [36mimport[0m styles [36mfrom[0m [32m"./AssetDetails.module.css"[0m;
  [90m17 |[0m
  [90m18 |[0m [36mtype[0m [33mDict[0m = ([36mtypeof[0m translations)[[32m"tr"[0m];

Import map: aliased to relative './components/AssetWebConsoleProfilePanel' inside of [project]/apps/web


Import traces:
  Client Component Browser:
    ./apps/web/components/AssetDetails.tsx [Client Component Browser]
    ./apps/web/components/GlobalSearch.tsx [Client Component Browser]
    ./apps/web/components/TopHeader.tsx [Client Component Browser]
    ./apps/web/components/TopHeader.tsx [Server Component]
    ./apps/web/app/layout.tsx [Server Component]

  Client Component SSR:
    ./apps/web/components/AssetDetails.tsx [Client Component SSR]
    ./apps/web/components/GlobalSearch.tsx [Client Component SSR]
    ./apps/web/components/TopHeader.tsx [Client Component SSR]
    ./apps/web/components/TopHeader.tsx [Server Component]
    ./apps/web/app/layout.tsx [Server Component]

https://nextjs.org/docs/messages/module-not-found


⨯ ./apps/web/components/AssetDetails.tsx:15:1
Error: Module not found: Can't resolve '@/components/AssetWebConsoleProfilePanel'
  [90m13 |[0m [36mimport[0m { [33mAssetAgentPanel[0m } [36mfrom[0m [32m"@/components/AssetAgentPanel"[0m;
  [90m14 |[0m [36mimport[0m { [33mAssetSnmpPanel[0m } [36mfrom[0m [32m"@/components/AssetSnmpPanel"[0m;
[31m[1m>[0m [90m15 |[0m [36mimport[0m { [33mAssetWebConsoleProfilePanel[0m } [36mfrom[0m [32m"@/components/AssetWebConsoleProfilePanel"[0m;
  [90m   |[0m [31m[1m^^^^^^^^^^^^^^^^^^^^^^^^^^^^^^^^^^^^^^^^^^^^^^^^^^^^^^^^^^^^^^^^^^^^^^^^^^^^^^^^^^^^^^^[0m
  [90m16 |[0m [36mimport[0m styles [36mfrom[0m [32m"./AssetDetails.module.css"[0m;
  [90m17 |[0m
  [90m18 |[0m [36mtype[0m [33mDict[0m = ([36mtypeof[0m translations)[[32m"tr"[0m];

Import map: aliased to relative './components/AssetWebConsoleProfilePanel' inside of [project]/apps/web


Import traces:
  Client Component Browser:
    ./apps/web/components/AssetDetails.tsx [Client Component Browser]
    ./apps/web/components/GlobalSearch.tsx [Client Component Browser]
    ./apps/web/components/TopHeader.tsx [Client Component Browser]
    ./apps/web/components/TopHeader.tsx [Server Component]
    ./apps/web/app/layout.tsx [Server Component]

  Client Component SSR:
    ./apps/web/components/AssetDetails.tsx [Client Component SSR]
    ./apps/web/components/GlobalSearch.tsx [Client Component SSR]
    ./apps/web/components/TopHeader.tsx [Client Component SSR]
    ./apps/web/components/TopHeader.tsx [Server Component]
    ./apps/web/app/layout.tsx [Server Component]

https://nextjs.org/docs/messages/module-not-found


⨯ ./apps/web/components/AssetDetails.tsx:15:1
Error: Module not found: Can't resolve '@/components/AssetWebConsoleProfilePanel'
  [90m13 |[0m [36mimport[0m { [33mAssetAgentPanel[0m } [36mfrom[0m [32m"@/components/AssetAgentPanel"[0m;
  [90m14 |[0m [36mimport[0m { [33mAssetSnmpPanel[0m } [36mfrom[0m [32m"@/components/AssetSnmpPanel"[0m;
[31m[1m>[0m [90m15 |[0m [36mimport[0m { [33mAssetWebConsoleProfilePanel[0m } [36mfrom[0m [32m"@/components/AssetWebConsoleProfilePanel"[0m;
  [90m   |[0m [31m[1m^^^^^^^^^^^^^^^^^^^^^^^^^^^^^^^^^^^^^^^^^^^^^^^^^^^^^^^^^^^^^^^^^^^^^^^^^^^^^^^^^^^^^^^[0m
  [90m16 |[0m [36mimport[0m styles [36mfrom[0m [32m"./AssetDetails.module.css"[0m;
  [90m17 |[0m
  [90m18 |[0m [36mtype[0m [33mDict[0m = ([36mtypeof[0m translations)[[32m"tr"[0m];

Import map: aliased to relative './components/AssetWebConsoleProfilePanel' inside of [project]/apps/web


Import traces:
  Client Component Browser:
    ./apps/web/components/AssetDetails.tsx [Client Component Browser]
    ./apps/web/components/GlobalSearch.tsx [Client Component Browser]
    ./apps/web/components/TopHeader.tsx [Client Component Browser]
    ./apps/web/components/TopHeader.tsx [Server Component]
    ./apps/web/app/layout.tsx [Server Component]

  Client Component SSR:
    ./apps/web/components/AssetDetails.tsx [Client Component SSR]
    ./apps/web/components/GlobalSearch.tsx [Client Component SSR]
    ./apps/web/components/TopHeader.tsx [Client Component SSR]
    ./apps/web/components/TopHeader.tsx [Server Component]
    ./apps/web/app/layout.tsx [Server Component]

https://nextjs.org/docs/messages/module-not-found


⨯ ./apps/web/components/AssetDetails.tsx:15:1
Error: Module not found: Can't resolve '@/components/AssetWebConsoleProfilePanel'
  [90m13 |[0m [36mimport[0m { [33mAssetAgentPanel[0m } [36mfrom[0m [32m"@/components/AssetAgentPanel"[0m;
  [90m14 |[0m [36mimport[0m { [33mAssetSnmpPanel[0m } [36mfrom[0m [32m"@/components/AssetSnmpPanel"[0m;
[31m[1m>[0m [90m15 |[0m [36mimport[0m { [33mAssetWebConsoleProfilePanel[0m } [36mfrom[0m [32m"@/components/AssetWebConsoleProfilePanel"[0m;
  [90m   |[0m [31m[1m^^^^^^^^^^^^^^^^^^^^^^^^^^^^^^^^^^^^^^^^^^^^^^^^^^^^^^^^^^^^^^^^^^^^^^^^^^^^^^^^^^^^^^^[0m
  [90m16 |[0m [36mimport[0m styles [36mfrom[0m [32m"./AssetDetails.module.css"[0m;
  [90m17 |[0m
  [90m18 |[0m [36mtype[0m [33mDict[0m = ([36mtypeof[0m translations)[[32m"tr"[0m];

Import map: aliased to relative './components/AssetWebConsoleProfilePanel' inside of [project]/apps/web


Import traces:
  Client Component Browser:
    ./apps/web/components/AssetDetails.tsx [Client Component Browser]
    ./apps/web/components/GlobalSearch.tsx [Client Component Browser]
    ./apps/web/components/TopHeader.tsx [Client Component Browser]
    ./apps/web/components/TopHeader.tsx [Server Component]
    ./apps/web/app/layout.tsx [Server Component]

  Client Component SSR:
    ./apps/web/components/AssetDetails.tsx [Client Component SSR]
    ./apps/web/components/GlobalSearch.tsx [Client Component SSR]
    ./apps/web/components/TopHeader.tsx [Client Component SSR]
    ./apps/web/components/TopHeader.tsx [Server Component]
    ./apps/web/app/layout.tsx [Server Component]

https://nextjs.org/docs/messages/module-not-found


⨯ ./apps/web/components/AssetDetails.tsx:15:1
Error: Module not found: Can't resolve '@/components/AssetWebConsoleProfilePanel'
  [90m13 |[0m [36mimport[0m { [33mAssetAgentPanel[0m } [36mfrom[0m [32m"@/components/AssetAgentPanel"[0m;
  [90m14 |[0m [36mimport[0m { [33mAssetSnmpPanel[0m } [36mfrom[0m [32m"@/components/AssetSnmpPanel"[0m;
[31m[1m>[0m [90m15 |[0m [36mimport[0m { [33mAssetWebConsoleProfilePanel[0m } [36mfrom[0m [32m"@/components/AssetWebConsoleProfilePanel"[0m;
  [90m   |[0m [31m[1m^^^^^^^^^^^^^^^^^^^^^^^^^^^^^^^^^^^^^^^^^^^^^^^^^^^^^^^^^^^^^^^^^^^^^^^^^^^^^^^^^^^^^^^[0m
  [90m16 |[0m [36mimport[0m styles [36mfrom[0m [32m"./AssetDetails.module.css"[0m;
  [90m17 |[0m
  [90m18 |[0m [36mtype[0m [33mDict[0m = ([36mtypeof[0m translations)[[32m"tr"[0m];

Import map: aliased to relative './components/AssetWebConsoleProfilePanel' inside of [project]/apps/web


Import traces:
  Client Component Browser:
    ./apps/web/components/AssetDetails.tsx [Client Component Browser]
    ./apps/web/components/GlobalSearch.tsx [Client Component Browser]
    ./apps/web/components/TopHeader.tsx [Client Component Browser]
    ./apps/web/components/TopHeader.tsx [Server Component]
    ./apps/web/app/layout.tsx [Server Component]

  Client Component SSR:
    ./apps/web/components/AssetDetails.tsx [Client Component SSR]
    ./apps/web/components/GlobalSearch.tsx [Client Component SSR]
    ./apps/web/components/TopHeader.tsx [Client Component SSR]
    ./apps/web/components/TopHeader.tsx [Server Component]
    ./apps/web/app/layout.tsx [Server Component]

https://nextjs.org/docs/messages/module-not-found


⨯ ./apps/web/components/AssetDetails.tsx:15:1
Error: Module not found: Can't resolve '@/components/AssetWebConsoleProfilePanel'
  [90m13 |[0m [36mimport[0m { [33mAssetAgentPanel[0m } [36mfrom[0m [32m"@/components/AssetAgentPanel"[0m;
  [90m14 |[0m [36mimport[0m { [33mAssetSnmpPanel[0m } [36mfrom[0m [32m"@/components/AssetSnmpPanel"[0m;
[31m[1m>[0m [90m15 |[0m [36mimport[0m { [33mAssetWebConsoleProfilePanel[0m } [36mfrom[0m [32m"@/components/AssetWebConsoleProfilePanel"[0m;
  [90m   |[0m [31m[1m^^^^^^^^^^^^^^^^^^^^^^^^^^^^^^^^^^^^^^^^^^^^^^^^^^^^^^^^^^^^^^^^^^^^^^^^^^^^^^^^^^^^^^^[0m
  [90m16 |[0m [36mimport[0m styles [36mfrom[0m [32m"./AssetDetails.module.css"[0m;
  [90m17 |[0m
  [90m18 |[0m [36mtype[0m [33mDict[0m = ([36mtypeof[0m translations)[[32m"tr"[0m];

Import map: aliased to relative './components/AssetWebConsoleProfilePanel' inside of [project]/apps/web


Import traces:
  Client Component Browser:
    ./apps/web/components/AssetDetails.tsx [Client Component Browser]
    ./apps/web/components/GlobalSearch.tsx [Client Component Browser]
    ./apps/web/components/TopHeader.tsx [Client Component Browser]
    ./apps/web/components/TopHeader.tsx [Server Component]
    ./apps/web/app/layout.tsx [Server Component]

  Client Component SSR:
    ./apps/web/components/AssetDetails.tsx [Client Component SSR]
    ./apps/web/components/GlobalSearch.tsx [Client Component SSR]
    ./apps/web/components/TopHeader.tsx [Client Component SSR]
    ./apps/web/components/TopHeader.tsx [Server Component]
    ./apps/web/app/layout.tsx [Server Component]

https://nextjs.org/docs/messages/module-not-found


⨯ ./apps/web/components/AssetDetails.tsx:15:1
Error: Module not found: Can't resolve '@/components/AssetWebConsoleProfilePanel'
  [90m13 |[0m [36mimport[0m { [33mAssetAgentPanel[0m } [36mfrom[0m [32m"@/components/AssetAgentPanel"[0m;
  [90m14 |[0m [36mimport[0m { [33mAssetSnmpPanel[0m } [36mfrom[0m [32m"@/components/AssetSnmpPanel"[0m;
[31m[1m>[0m [90m15 |[0m [36mimport[0m { [33mAssetWebConsoleProfilePanel[0m } [36mfrom[0m [32m"@/components/AssetWebConsoleProfilePanel"[0m;
  [90m   |[0m [31m[1m^^^^^^^^^^^^^^^^^^^^^^^^^^^^^^^^^^^^^^^^^^^^^^^^^^^^^^^^^^^^^^^^^^^^^^^^^^^^^^^^^^^^^^^[0m
  [90m16 |[0m [36mimport[0m styles [36mfrom[0m [32m"./AssetDetails.module.css"[0m;
  [90m17 |[0m
  [90m18 |[0m [36mtype[0m [33mDict[0m = ([36mtypeof[0m translations)[[32m"tr"[0m];

Import map: aliased to relative './components/AssetWebConsoleProfilePanel' inside of [project]/apps/web


Import traces:
  Client Component Browser:
    ./apps/web/components/AssetDetails.tsx [Client Component Browser]
    ./apps/web/components/GlobalSearch.tsx [Client Component Browser]
    ./apps/web/components/TopHeader.tsx [Client Component Browser]
    ./apps/web/components/TopHeader.tsx [Server Component]
    ./apps/web/app/layout.tsx [Server Component]

  Client Component SSR:
    ./apps/web/components/AssetDetails.tsx [Client Component SSR]
    ./apps/web/components/GlobalSearch.tsx [Client Component SSR]
    ./apps/web/components/TopHeader.tsx [Client Component SSR]
    ./apps/web/components/TopHeader.tsx [Server Component]
    ./apps/web/app/layout.tsx [Server Component]

https://nextjs.org/docs/messages/module-not-found


⨯ ./apps/web/components/AssetDetails.tsx:15:1
Error: Module not found: Can't resolve '@/components/AssetWebConsoleProfilePanel'
  [90m13 |[0m [36mimport[0m { [33mAssetAgentPanel[0m } [36mfrom[0m [32m"@/components/AssetAgentPanel"[0m;
  [90m14 |[0m [36mimport[0m { [33mAssetSnmpPanel[0m } [36mfrom[0m [32m"@/components/AssetSnmpPanel"[0m;
[31m[1m>[0m [90m15 |[0m [36mimport[0m { [33mAssetWebConsoleProfilePanel[0m } [36mfrom[0m [32m"@/components/AssetWebConsoleProfilePanel"[0m;
  [90m   |[0m [31m[1m^^^^^^^^^^^^^^^^^^^^^^^^^^^^^^^^^^^^^^^^^^^^^^^^^^^^^^^^^^^^^^^^^^^^^^^^^^^^^^^^^^^^^^^[0m
  [90m16 |[0m [36mimport[0m styles [36mfrom[0m [32m"./AssetDetails.module.css"[0m;
  [90m17 |[0m
  [90m18 |[0m [36mtype[0m [33mDict[0m = ([36mtypeof[0m translations)[[32m"tr"[0m];

Import map: aliased to relative './components/AssetWebConsoleProfilePanel' inside of [project]/apps/web


Import traces:
  Client Component Browser:
    ./apps/web/components/AssetDetails.tsx [Client Component Browser]
    ./apps/web/components/GlobalSearch.tsx [Client Component Browser]
    ./apps/web/components/TopHeader.tsx [Client Component Browser]
    ./apps/web/components/TopHeader.tsx [Server Component]
    ./apps/web/app/layout.tsx [Server Component]

  Client Component SSR:
    ./apps/web/components/AssetDetails.tsx [Client Component SSR]
    ./apps/web/components/GlobalSearch.tsx [Client Component SSR]
    ./apps/web/components/TopHeader.tsx [Client Component SSR]
    ./apps/web/components/TopHeader.tsx [Server Component]
    ./apps/web/app/layout.tsx [Server Component]

https://nextjs.org/docs/messages/module-not-found


⨯ ./apps/web/components/AssetDetails.tsx:15:1
Error: Module not found: Can't resolve '@/components/AssetWebConsoleProfilePanel'
  [90m13 |[0m [36mimport[0m { [33mAssetAgentPanel[0m } [36mfrom[0m [32m"@/components/AssetAgentPanel"[0m;
  [90m14 |[0m [36mimport[0m { [33mAssetSnmpPanel[0m } [36mfrom[0m [32m"@/components/AssetSnmpPanel"[0m;
[31m[1m>[0m [90m15 |[0m [36mimport[0m { [33mAssetWebConsoleProfilePanel[0m } [36mfrom[0m [32m"@/components/AssetWebConsoleProfilePanel"[0m;
  [90m   |[0m [31m[1m^^^^^^^^^^^^^^^^^^^^^^^^^^^^^^^^^^^^^^^^^^^^^^^^^^^^^^^^^^^^^^^^^^^^^^^^^^^^^^^^^^^^^^^[0m
  [90m16 |[0m [36mimport[0m styles [36mfrom[0m [32m"./AssetDetails.module.css"[0m;
  [90m17 |[0m
  [90m18 |[0m [36mtype[0m [33mDict[0m = ([36mtypeof[0m translations)[[32m"tr"[0m];

Import map: aliased to relative './components/AssetWebConsoleProfilePanel' inside of [project]/apps/web


Import traces:
  Client Component Browser:
    ./apps/web/components/AssetDetails.tsx [Client Component Browser]
    ./apps/web/components/GlobalSearch.tsx [Client Component Browser]
    ./apps/web/components/TopHeader.tsx [Client Component Browser]
    ./apps/web/components/TopHeader.tsx [Server Component]
    ./apps/web/app/layout.tsx [Server Component]

  Client Component SSR:
    ./apps/web/components/AssetDetails.tsx [Client Component SSR]
    ./apps/web/components/GlobalSearch.tsx [Client Component SSR]
    ./apps/web/components/TopHeader.tsx [Client Component SSR]
    ./apps/web/components/TopHeader.tsx [Server Component]
    ./apps/web/app/layout.tsx [Server Component]

https://nextjs.org/docs/messages/module-not-found


⨯ ./apps/web/components/AssetDetails.tsx:15:1
Error: Module not found: Can't resolve '@/components/AssetWebConsoleProfilePanel'
  [90m13 |[0m [36mimport[0m { [33mAssetAgentPanel[0m } [36mfrom[0m [32m"@/components/AssetAgentPanel"[0m;
  [90m14 |[0m [36mimport[0m { [33mAssetSnmpPanel[0m } [36mfrom[0m [32m"@/components/AssetSnmpPanel"[0m;
[31m[1m>[0m [90m15 |[0m [36mimport[0m { [33mAssetWebConsoleProfilePanel[0m } [36mfrom[0m [32m"@/components/AssetWebConsoleProfilePanel"[0m;
  [90m   |[0m [31m[1m^^^^^^^^^^^^^^^^^^^^^^^^^^^^^^^^^^^^^^^^^^^^^^^^^^^^^^^^^^^^^^^^^^^^^^^^^^^^^^^^^^^^^^^[0m
  [90m16 |[0m [36mimport[0m styles [36mfrom[0m [32m"./AssetDetails.module.css"[0m;
  [90m17 |[0m
  [90m18 |[0m [36mtype[0m [33mDict[0m = ([36mtypeof[0m translations)[[32m"tr"[0m];

Import map: aliased to relative './components/AssetWebConsoleProfilePanel' inside of [project]/apps/web


Import traces:
  Client Component Browser:
    ./apps/web/components/AssetDetails.tsx [Client Component Browser]
    ./apps/web/components/GlobalSearch.tsx [Client Component Browser]
    ./apps/web/components/TopHeader.tsx [Client Component Browser]
    ./apps/web/components/TopHeader.tsx [Server Component]
    ./apps/web/app/layout.tsx [Server Component]

  Client Component SSR:
    ./apps/web/components/AssetDetails.tsx [Client Component SSR]
    ./apps/web/components/GlobalSearch.tsx [Client Component SSR]
    ./apps/web/components/TopHeader.tsx [Client Component SSR]
    ./apps/web/components/TopHeader.tsx [Server Component]
    ./apps/web/app/layout.tsx [Server Component]

https://nextjs.org/docs/messages/module-not-found


⨯ ./apps/web/components/AssetDetails.tsx:15:1
Error: Module not found: Can't resolve '@/components/AssetWebConsoleProfilePanel'
  [90m13 |[0m [36mimport[0m { [33mAssetAgentPanel[0m } [36mfrom[0m [32m"@/components/AssetAgentPanel"[0m;
  [90m14 |[0m [36mimport[0m { [33mAssetSnmpPanel[0m } [36mfrom[0m [32m"@/components/AssetSnmpPanel"[0m;
[31m[1m>[0m [90m15 |[0m [36mimport[0m { [33mAssetWebConsoleProfilePanel[0m } [36mfrom[0m [32m"@/components/AssetWebConsoleProfilePanel"[0m;
  [90m   |[0m [31m[1m^^^^^^^^^^^^^^^^^^^^^^^^^^^^^^^^^^^^^^^^^^^^^^^^^^^^^^^^^^^^^^^^^^^^^^^^^^^^^^^^^^^^^^^[0m
  [90m16 |[0m [36mimport[0m styles [36mfrom[0m [32m"./AssetDetails.module.css"[0m;
  [90m17 |[0m
  [90m18 |[0m [36mtype[0m [33mDict[0m = ([36mtypeof[0m translations)[[32m"tr"[0m];

Import map: aliased to relative './components/AssetWebConsoleProfilePanel' inside of [project]/apps/web


Import traces:
  Client Component Browser:
    ./apps/web/components/AssetDetails.tsx [Client Component Browser]
    ./apps/web/components/GlobalSearch.tsx [Client Component Browser]
    ./apps/web/components/TopHeader.tsx [Client Component Browser]
    ./apps/web/components/TopHeader.tsx [Server Component]
    ./apps/web/app/layout.tsx [Server Component]

  Client Component SSR:
    ./apps/web/components/AssetDetails.tsx [Client Component SSR]
    ./apps/web/components/GlobalSearch.tsx [Client Component SSR]
    ./apps/web/components/TopHeader.tsx [Client Component SSR]
    ./apps/web/components/TopHeader.tsx [Server Component]
    ./apps/web/app/layout.tsx [Server Component]

https://nextjs.org/docs/messages/module-not-found


⨯ ./apps/web/components/AssetDetails.tsx:15:1
Error: Module not found: Can't resolve '@/components/AssetWebConsoleProfilePanel'
  [90m13 |[0m [36mimport[0m { [33mAssetAgentPanel[0m } [36mfrom[0m [32m"@/components/AssetAgentPanel"[0m;
  [90m14 |[0m [36mimport[0m { [33mAssetSnmpPanel[0m } [36mfrom[0m [32m"@/components/AssetSnmpPanel"[0m;
[31m[1m>[0m [90m15 |[0m [36mimport[0m { [33mAssetWebConsoleProfilePanel[0m } [36mfrom[0m [32m"@/components/AssetWebConsoleProfilePanel"[0m;
  [90m   |[0m [31m[1m^^^^^^^^^^^^^^^^^^^^^^^^^^^^^^^^^^^^^^^^^^^^^^^^^^^^^^^^^^^^^^^^^^^^^^^^^^^^^^^^^^^^^^^[0m
  [90m16 |[0m [36mimport[0m styles [36mfrom[0m [32m"./AssetDetails.module.css"[0m;
  [90m17 |[0m
  [90m18 |[0m [36mtype[0m [33mDict[0m = ([36mtypeof[0m translations)[[32m"tr"[0m];

Import map: aliased to relative './components/AssetWebConsoleProfilePanel' inside of [project]/apps/web


Import traces:
  Client Component Browser:
    ./apps/web/components/AssetDetails.tsx [Client Component Browser]
    ./apps/web/components/GlobalSearch.tsx [Client Component Browser]
    ./apps/web/components/TopHeader.tsx [Client Component Browser]
    ./apps/web/components/TopHeader.tsx [Server Component]
    ./apps/web/app/layout.tsx [Server Component]

  Client Component SSR:
    ./apps/web/components/AssetDetails.tsx [Client Component SSR]
    ./apps/web/components/GlobalSearch.tsx [Client Component SSR]
    ./apps/web/components/TopHeader.tsx [Client Component SSR]
    ./apps/web/components/TopHeader.tsx [Server Component]
    ./apps/web/app/layout.tsx [Server Component]

https://nextjs.org/docs/messages/module-not-found


⨯ ./apps/web/components/AssetDetails.tsx:15:1
Error: Module not found: Can't resolve '@/components/AssetWebConsoleProfilePanel'
  [90m13 |[0m [36mimport[0m { [33mAssetAgentPanel[0m } [36mfrom[0m [32m"@/components/AssetAgentPanel"[0m;
  [90m14 |[0m [36mimport[0m { [33mAssetSnmpPanel[0m } [36mfrom[0m [32m"@/components/AssetSnmpPanel"[0m;
[31m[1m>[0m [90m15 |[0m [36mimport[0m { [33mAssetWebConsoleProfilePanel[0m } [36mfrom[0m [32m"@/components/AssetWebConsoleProfilePanel"[0m;
  [90m   |[0m [31m[1m^^^^^^^^^^^^^^^^^^^^^^^^^^^^^^^^^^^^^^^^^^^^^^^^^^^^^^^^^^^^^^^^^^^^^^^^^^^^^^^^^^^^^^^[0m
  [90m16 |[0m [36mimport[0m styles [36mfrom[0m [32m"./AssetDetails.module.css"[0m;
  [90m17 |[0m
  [90m18 |[0m [36mtype[0m [33mDict[0m = ([36mtypeof[0m translations)[[32m"tr"[0m];

Import map: aliased to relative './components/AssetWebConsoleProfilePanel' inside of [project]/apps/web


Import traces:
  Client Component Browser:
    ./apps/web/components/AssetDetails.tsx [Client Component Browser]
    ./apps/web/components/GlobalSearch.tsx [Client Component Browser]
    ./apps/web/components/TopHeader.tsx [Client Component Browser]
    ./apps/web/components/TopHeader.tsx [Server Component]
    ./apps/web/app/layout.tsx [Server Component]

  Client Component SSR:
    ./apps/web/components/AssetDetails.tsx [Client Component SSR]
    ./apps/web/components/GlobalSearch.tsx [Client Component SSR]
    ./apps/web/components/TopHeader.tsx [Client Component SSR]
    ./apps/web/components/TopHeader.tsx [Server Component]
    ./apps/web/app/layout.tsx [Server Component]

https://nextjs.org/docs/messages/module-not-found


⨯ ./apps/web/components/AssetDetails.tsx:15:1
Error: Module not found: Can't resolve '@/components/AssetWebConsoleProfilePanel'
  [90m13 |[0m [36mimport[0m { [33mAssetAgentPanel[0m } [36mfrom[0m [32m"@/components/AssetAgentPanel"[0m;
  [90m14 |[0m [36mimport[0m { [33mAssetSnmpPanel[0m } [36mfrom[0m [32m"@/components/AssetSnmpPanel"[0m;
[31m[1m>[0m [90m15 |[0m [36mimport[0m { [33mAssetWebConsoleProfilePanel[0m } [36mfrom[0m [32m"@/components/AssetWebConsoleProfilePanel"[0m;
  [90m   |[0m [31m[1m^^^^^^^^^^^^^^^^^^^^^^^^^^^^^^^^^^^^^^^^^^^^^^^^^^^^^^^^^^^^^^^^^^^^^^^^^^^^^^^^^^^^^^^[0m
  [90m16 |[0m [36mimport[0m styles [36mfrom[0m [32m"./AssetDetails.module.css"[0m;
  [90m17 |[0m
  [90m18 |[0m [36mtype[0m [33mDict[0m = ([36mtypeof[0m translations)[[32m"tr"[0m];

Import map: aliased to relative './components/AssetWebConsoleProfilePanel' inside of [project]/apps/web


Import traces:
  Client Component Browser:
    ./apps/web/components/AssetDetails.tsx [Client Component Browser]
    ./apps/web/components/GlobalSearch.tsx [Client Component Browser]
    ./apps/web/components/TopHeader.tsx [Client Component Browser]
    ./apps/web/components/TopHeader.tsx [Server Component]
    ./apps/web/app/layout.tsx [Server Component]

  Client Component SSR:
    ./apps/web/components/AssetDetails.tsx [Client Component SSR]
    ./apps/web/components/GlobalSearch.tsx [Client Component SSR]
    ./apps/web/components/TopHeader.tsx [Client Component SSR]
    ./apps/web/components/TopHeader.tsx [Server Component]
    ./apps/web/app/layout.tsx [Server Component]

https://nextjs.org/docs/messages/module-not-found


⨯ ./apps/web/components/AssetDetails.tsx:15:1
Error: Module not found: Can't resolve '@/components/AssetWebConsoleProfilePanel'
  [90m13 |[0m [36mimport[0m { [33mAssetAgentPanel[0m } [36mfrom[0m [32m"@/components/AssetAgentPanel"[0m;
  [90m14 |[0m [36mimport[0m { [33mAssetSnmpPanel[0m } [36mfrom[0m [32m"@/components/AssetSnmpPanel"[0m;
[31m[1m>[0m [90m15 |[0m [36mimport[0m { [33mAssetWebConsoleProfilePanel[0m } [36mfrom[0m [32m"@/components/AssetWebConsoleProfilePanel"[0m;
  [90m   |[0m [31m[1m^^^^^^^^^^^^^^^^^^^^^^^^^^^^^^^^^^^^^^^^^^^^^^^^^^^^^^^^^^^^^^^^^^^^^^^^^^^^^^^^^^^^^^^[0m
  [90m16 |[0m [36mimport[0m styles [36mfrom[0m [32m"./AssetDetails.module.css"[0m;
  [90m17 |[0m
  [90m18 |[0m [36mtype[0m [33mDict[0m = ([36mtypeof[0m translations)[[32m"tr"[0m];

Import map: aliased to relative './components/AssetWebConsoleProfilePanel' inside of [project]/apps/web


Import traces:
  Client Component Browser:
    ./apps/web/components/AssetDetails.tsx [Client Component Browser]
    ./apps/web/components/GlobalSearch.tsx [Client Component Browser]
    ./apps/web/components/TopHeader.tsx [Client Component Browser]
    ./apps/web/components/TopHeader.tsx [Server Component]
    ./apps/web/app/layout.tsx [Server Component]

  Client Component SSR:
    ./apps/web/components/AssetDetails.tsx [Client Component SSR]
    ./apps/web/components/GlobalSearch.tsx [Client Component SSR]
    ./apps/web/components/TopHeader.tsx [Client Component SSR]
    ./apps/web/components/TopHeader.tsx [Server Component]
    ./apps/web/app/layout.tsx [Server Component]

https://nextjs.org/docs/messages/module-not-found


⨯ ./apps/web/components/AssetDetails.tsx:15:1
Error: Module not found: Can't resolve '@/components/AssetWebConsoleProfilePanel'
  [90m13 |[0m [36mimport[0m { [33mAssetAgentPanel[0m } [36mfrom[0m [32m"@/components/AssetAgentPanel"[0m;
  [90m14 |[0m [36mimport[0m { [33mAssetSnmpPanel[0m } [36mfrom[0m [32m"@/components/AssetSnmpPanel"[0m;
[31m[1m>[0m [90m15 |[0m [36mimport[0m { [33mAssetWebConsoleProfilePanel[0m } [36mfrom[0m [32m"@/components/AssetWebConsoleProfilePanel"[0m;
  [90m   |[0m [31m[1m^^^^^^^^^^^^^^^^^^^^^^^^^^^^^^^^^^^^^^^^^^^^^^^^^^^^^^^^^^^^^^^^^^^^^^^^^^^^^^^^^^^^^^^[0m
  [90m16 |[0m [36mimport[0m styles [36mfrom[0m [32m"./AssetDetails.module.css"[0m;
  [90m17 |[0m
  [90m18 |[0m [36mtype[0m [33mDict[0m = ([36mtypeof[0m translations)[[32m"tr"[0m];

Import map: aliased to relative './components/AssetWebConsoleProfilePanel' inside of [project]/apps/web


Import traces:
  Client Component Browser:
    ./apps/web/components/AssetDetails.tsx [Client Component Browser]
    ./apps/web/components/GlobalSearch.tsx [Client Component Browser]
    ./apps/web/components/TopHeader.tsx [Client Component Browser]
    ./apps/web/components/TopHeader.tsx [Server Component]
    ./apps/web/app/layout.tsx [Server Component]

  Client Component SSR:
    ./apps/web/components/AssetDetails.tsx [Client Component SSR]
    ./apps/web/components/GlobalSearch.tsx [Client Component SSR]
    ./apps/web/components/TopHeader.tsx [Client Component SSR]
    ./apps/web/components/TopHeader.tsx [Server Component]
    ./apps/web/app/layout.tsx [Server Component]

https://nextjs.org/docs/messages/module-not-found


⨯ ./apps/web/components/AssetDetails.tsx:15:1
Error: Module not found: Can't resolve '@/components/AssetWebConsoleProfilePanel'
  [90m13 |[0m [36mimport[0m { [33mAssetAgentPanel[0m } [36mfrom[0m [32m"@/components/AssetAgentPanel"[0m;
  [90m14 |[0m [36mimport[0m { [33mAssetSnmpPanel[0m } [36mfrom[0m [32m"@/components/AssetSnmpPanel"[0m;
[31m[1m>[0m [90m15 |[0m [36mimport[0m { [33mAssetWebConsoleProfilePanel[0m } [36mfrom[0m [32m"@/components/AssetWebConsoleProfilePanel"[0m;
  [90m   |[0m [31m[1m^^^^^^^^^^^^^^^^^^^^^^^^^^^^^^^^^^^^^^^^^^^^^^^^^^^^^^^^^^^^^^^^^^^^^^^^^^^^^^^^^^^^^^^[0m
  [90m16 |[0m [36mimport[0m styles [36mfrom[0m [32m"./AssetDetails.module.css"[0m;
  [90m17 |[0m
  [90m18 |[0m [36mtype[0m [33mDict[0m = ([36mtypeof[0m translations)[[32m"tr"[0m];

Import map: aliased to relative './components/AssetWebConsoleProfilePanel' inside of [project]/apps/web


Import traces:
  Client Component Browser:
    ./apps/web/components/AssetDetails.tsx [Client Component Browser]
    ./apps/web/components/GlobalSearch.tsx [Client Component Browser]
    ./apps/web/components/TopHeader.tsx [Client Component Browser]
    ./apps/web/components/TopHeader.tsx [Server Component]
    ./apps/web/app/layout.tsx [Server Component]

  Client Component SSR:
    ./apps/web/components/AssetDetails.tsx [Client Component SSR]
    ./apps/web/components/GlobalSearch.tsx [Client Component SSR]
    ./apps/web/components/TopHeader.tsx [Client Component SSR]
    ./apps/web/components/TopHeader.tsx [Server Component]
    ./apps/web/app/layout.tsx [Server Component]

https://nextjs.org/docs/messages/module-not-found


⨯ ./apps/web/components/AssetDetails.tsx:15:1
Error: Module not found: Can't resolve '@/components/AssetWebConsoleProfilePanel'
  [90m13 |[0m [36mimport[0m { [33mAssetAgentPanel[0m } [36mfrom[0m [32m"@/components/AssetAgentPanel"[0m;
  [90m14 |[0m [36mimport[0m { [33mAssetSnmpPanel[0m } [36mfrom[0m [32m"@/components/AssetSnmpPanel"[0m;
[31m[1m>[0m [90m15 |[0m [36mimport[0m { [33mAssetWebConsoleProfilePanel[0m } [36mfrom[0m [32m"@/components/AssetWebConsoleProfilePanel"[0m;
  [90m   |[0m [31m[1m^^^^^^^^^^^^^^^^^^^^^^^^^^^^^^^^^^^^^^^^^^^^^^^^^^^^^^^^^^^^^^^^^^^^^^^^^^^^^^^^^^^^^^^[0m
  [90m16 |[0m [36mimport[0m styles [36mfrom[0m [32m"./AssetDetails.module.css"[0m;
  [90m17 |[0m
  [90m18 |[0m [36mtype[0m [33mDict[0m = ([36mtypeof[0m translations)[[32m"tr"[0m];

Import map: aliased to relative './components/AssetWebConsoleProfilePanel' inside of [project]/apps/web


Import traces:
  Client Component Browser:
    ./apps/web/components/AssetDetails.tsx [Client Component Browser]
    ./apps/web/components/GlobalSearch.tsx [Client Component Browser]
    ./apps/web/components/TopHeader.tsx [Client Component Browser]
    ./apps/web/components/TopHeader.tsx [Server Component]
    ./apps/web/app/layout.tsx [Server Component]

  Client Component SSR:
    ./apps/web/components/AssetDetails.tsx [Client Component SSR]
    ./apps/web/components/GlobalSearch.tsx [Client Component SSR]
    ./apps/web/components/TopHeader.tsx [Client Component SSR]
    ./apps/web/components/TopHeader.tsx [Server Component]
    ./apps/web/app/layout.tsx [Server Component]

https://nextjs.org/docs/messages/module-not-found


⨯ ./apps/web/components/AssetDetails.tsx:15:1
Error: Module not found: Can't resolve '@/components/AssetWebConsoleProfilePanel'
  [90m13 |[0m [36mimport[0m { [33mAssetAgentPanel[0m } [36mfrom[0m [32m"@/components/AssetAgentPanel"[0m;
  [90m14 |[0m [36mimport[0m { [33mAssetSnmpPanel[0m } [36mfrom[0m [32m"@/components/AssetSnmpPanel"[0m;
[31m[1m>[0m [90m15 |[0m [36mimport[0m { [33mAssetWebConsoleProfilePanel[0m } [36mfrom[0m [32m"@/components/AssetWebConsoleProfilePanel"[0m;
  [90m   |[0m [31m[1m^^^^^^^^^^^^^^^^^^^^^^^^^^^^^^^^^^^^^^^^^^^^^^^^^^^^^^^^^^^^^^^^^^^^^^^^^^^^^^^^^^^^^^^[0m
  [90m16 |[0m [36mimport[0m styles [36mfrom[0m [32m"./AssetDetails.module.css"[0m;
  [90m17 |[0m
  [90m18 |[0m [36mtype[0m [33mDict[0m = ([36mtypeof[0m translations)[[32m"tr"[0m];

Import map: aliased to relative './components/AssetWebConsoleProfilePanel' inside of [project]/apps/web


Import traces:
  Client Component Browser:
    ./apps/web/components/AssetDetails.tsx [Client Component Browser]
    ./apps/web/components/GlobalSearch.tsx [Client Component Browser]
    ./apps/web/components/TopHeader.tsx [Client Component Browser]
    ./apps/web/components/TopHeader.tsx [Server Component]
    ./apps/web/app/layout.tsx [Server Component]

  Client Component SSR:
    ./apps/web/components/AssetDetails.tsx [Client Component SSR]
    ./apps/web/components/GlobalSearch.tsx [Client Component SSR]
    ./apps/web/components/TopHeader.tsx [Client Component SSR]
    ./apps/web/components/TopHeader.tsx [Server Component]
    ./apps/web/app/layout.tsx [Server Component]

https://nextjs.org/docs/messages/module-not-found


⨯ ./apps/web/components/AssetDetails.tsx:15:1
Error: Module not found: Can't resolve '@/components/AssetWebConsoleProfilePanel'
  [90m13 |[0m [36mimport[0m { [33mAssetAgentPanel[0m } [36mfrom[0m [32m"@/components/AssetAgentPanel"[0m;
  [90m14 |[0m [36mimport[0m { [33mAssetSnmpPanel[0m } [36mfrom[0m [32m"@/components/AssetSnmpPanel"[0m;
[31m[1m>[0m [90m15 |[0m [36mimport[0m { [33mAssetWebConsoleProfilePanel[0m } [36mfrom[0m [32m"@/components/AssetWebConsoleProfilePanel"[0m;
  [90m   |[0m [31m[1m^^^^^^^^^^^^^^^^^^^^^^^^^^^^^^^^^^^^^^^^^^^^^^^^^^^^^^^^^^^^^^^^^^^^^^^^^^^^^^^^^^^^^^^[0m
  [90m16 |[0m [36mimport[0m styles [36mfrom[0m [32m"./AssetDetails.module.css"[0m;
  [90m17 |[0m
  [90m18 |[0m [36mtype[0m [33mDict[0m = ([36mtypeof[0m translations)[[32m"tr"[0m];

Import map: aliased to relative './components/AssetWebConsoleProfilePanel' inside of [project]/apps/web


Import traces:
  Client Component Browser:
    ./apps/web/components/AssetDetails.tsx [Client Component Browser]
    ./apps/web/components/GlobalSearch.tsx [Client Component Browser]
    ./apps/web/components/TopHeader.tsx [Client Component Browser]
    ./apps/web/components/TopHeader.tsx [Server Component]
    ./apps/web/app/layout.tsx [Server Component]

  Client Component SSR:
    ./apps/web/components/AssetDetails.tsx [Client Component SSR]
    ./apps/web/components/GlobalSearch.tsx [Client Component SSR]
    ./apps/web/components/TopHeader.tsx [Client Component SSR]
    ./apps/web/components/TopHeader.tsx [Server Component]
    ./apps/web/app/layout.tsx [Server Component]

https://nextjs.org/docs/messages/module-not-found


⨯ ./apps/web/components/AssetDetails.tsx:15:1
Error: Module not found: Can't resolve '@/components/AssetWebConsoleProfilePanel'
  [90m13 |[0m [36mimport[0m { [33mAssetAgentPanel[0m } [36mfrom[0m [32m"@/components/AssetAgentPanel"[0m;
  [90m14 |[0m [36mimport[0m { [33mAssetSnmpPanel[0m } [36mfrom[0m [32m"@/components/AssetSnmpPanel"[0m;
[31m[1m>[0m [90m15 |[0m [36mimport[0m { [33mAssetWebConsoleProfilePanel[0m } [36mfrom[0m [32m"@/components/AssetWebConsoleProfilePanel"[0m;
  [90m   |[0m [31m[1m^^^^^^^^^^^^^^^^^^^^^^^^^^^^^^^^^^^^^^^^^^^^^^^^^^^^^^^^^^^^^^^^^^^^^^^^^^^^^^^^^^^^^^^[0m
  [90m16 |[0m [36mimport[0m styles [36mfrom[0m [32m"./AssetDetails.module.css"[0m;
  [90m17 |[0m
  [90m18 |[0m [36mtype[0m [33mDict[0m = ([36mtypeof[0m translations)[[32m"tr"[0m];

Import map: aliased to relative './components/AssetWebConsoleProfilePanel' inside of [project]/apps/web


Import traces:
  Client Component Browser:
    ./apps/web/components/AssetDetails.tsx [Client Component Browser]
    ./apps/web/components/GlobalSearch.tsx [Client Component Browser]
    ./apps/web/components/TopHeader.tsx [Client Component Browser]
    ./apps/web/components/TopHeader.tsx [Server Component]
    ./apps/web/app/layout.tsx [Server Component]

  Client Component SSR:
    ./apps/web/components/AssetDetails.tsx [Client Component SSR]
    ./apps/web/components/GlobalSearch.tsx [Client Component SSR]
    ./apps/web/components/TopHeader.tsx [Client Component SSR]
    ./apps/web/components/TopHeader.tsx [Server Component]
    ./apps/web/app/layout.tsx [Server Component]

https://nextjs.org/docs/messages/module-not-found


⨯ ./apps/web/components/AssetDetails.tsx:15:1
Error: Module not found: Can't resolve '@/components/AssetWebConsoleProfilePanel'
  [90m13 |[0m [36mimport[0m { [33mAssetAgentPanel[0m } [36mfrom[0m [32m"@/components/AssetAgentPanel"[0m;
  [90m14 |[0m [36mimport[0m { [33mAssetSnmpPanel[0m } [36mfrom[0m [32m"@/components/AssetSnmpPanel"[0m;
[31m[1m>[0m [90m15 |[0m [36mimport[0m { [33mAssetWebConsoleProfilePanel[0m } [36mfrom[0m [32m"@/components/AssetWebConsoleProfilePanel"[0m;
  [90m   |[0m [31m[1m^^^^^^^^^^^^^^^^^^^^^^^^^^^^^^^^^^^^^^^^^^^^^^^^^^^^^^^^^^^^^^^^^^^^^^^^^^^^^^^^^^^^^^^[0m
  [90m16 |[0m [36mimport[0m styles [36mfrom[0m [32m"./AssetDetails.module.css"[0m;
  [90m17 |[0m
  [90m18 |[0m [36mtype[0m [33mDict[0m = ([36mtypeof[0m translations)[[32m"tr"[0m];

Import map: aliased to relative './components/AssetWebConsoleProfilePanel' inside of [project]/apps/web


Import traces:
  Client Component Browser:
    ./apps/web/components/AssetDetails.tsx [Client Component Browser]
    ./apps/web/components/GlobalSearch.tsx [Client Component Browser]
    ./apps/web/components/TopHeader.tsx [Client Component Browser]
    ./apps/web/components/TopHeader.tsx [Server Component]
    ./apps/web/app/layout.tsx [Server Component]

  Client Component SSR:
    ./apps/web/components/AssetDetails.tsx [Client Component SSR]
    ./apps/web/components/GlobalSearch.tsx [Client Component SSR]
    ./apps/web/components/TopHeader.tsx [Client Component SSR]
    ./apps/web/components/TopHeader.tsx [Server Component]
    ./apps/web/app/layout.tsx [Server Component]

https://nextjs.org/docs/messages/module-not-found


⨯ ./apps/web/components/AssetDetails.tsx:15:1
Error: Module not found: Can't resolve '@/components/AssetWebConsoleProfilePanel'
  [90m13 |[0m [36mimport[0m { [33mAssetAgentPanel[0m } [36mfrom[0m [32m"@/components/AssetAgentPanel"[0m;
  [90m14 |[0m [36mimport[0m { [33mAssetSnmpPanel[0m } [36mfrom[0m [32m"@/components/AssetSnmpPanel"[0m;
[31m[1m>[0m [90m15 |[0m [36mimport[0m { [33mAssetWebConsoleProfilePanel[0m } [36mfrom[0m [32m"@/components/AssetWebConsoleProfilePanel"[0m;
  [90m   |[0m [31m[1m^^^^^^^^^^^^^^^^^^^^^^^^^^^^^^^^^^^^^^^^^^^^^^^^^^^^^^^^^^^^^^^^^^^^^^^^^^^^^^^^^^^^^^^[0m
  [90m16 |[0m [36mimport[0m styles [36mfrom[0m [32m"./AssetDetails.module.css"[0m;
  [90m17 |[0m
  [90m18 |[0m [36mtype[0m [33mDict[0m = ([36mtypeof[0m translations)[[32m"tr"[0m];

Import map: aliased to relative './components/AssetWebConsoleProfilePanel' inside of [project]/apps/web


Import traces:
  Client Component Browser:
    ./apps/web/components/AssetDetails.tsx [Client Component Browser]
    ./apps/web/components/GlobalSearch.tsx [Client Component Browser]
    ./apps/web/components/TopHeader.tsx [Client Component Browser]
    ./apps/web/components/TopHeader.tsx [Server Component]
    ./apps/web/app/layout.tsx [Server Component]

  Client Component SSR:
    ./apps/web/components/AssetDetails.tsx [Client Component SSR]
    ./apps/web/components/GlobalSearch.tsx [Client Component SSR]
    ./apps/web/components/TopHeader.tsx [Client Component SSR]
    ./apps/web/components/TopHeader.tsx [Server Component]
    ./apps/web/app/layout.tsx [Server Component]

https://nextjs.org/docs/messages/module-not-found


⨯ ./apps/web/components/AssetDetails.tsx:15:1
Error: Module not found: Can't resolve '@/components/AssetWebConsoleProfilePanel'
  [90m13 |[0m [36mimport[0m { [33mAssetAgentPanel[0m } [36mfrom[0m [32m"@/components/AssetAgentPanel"[0m;
  [90m14 |[0m [36mimport[0m { [33mAssetSnmpPanel[0m } [36mfrom[0m [32m"@/components/AssetSnmpPanel"[0m;
[31m[1m>[0m [90m15 |[0m [36mimport[0m { [33mAssetWebConsoleProfilePanel[0m } [36mfrom[0m [32m"@/components/AssetWebConsoleProfilePanel"[0m;
  [90m   |[0m [31m[1m^^^^^^^^^^^^^^^^^^^^^^^^^^^^^^^^^^^^^^^^^^^^^^^^^^^^^^^^^^^^^^^^^^^^^^^^^^^^^^^^^^^^^^^[0m
  [90m16 |[0m [36mimport[0m styles [36mfrom[0m [32m"./AssetDetails.module.css"[0m;
  [90m17 |[0m
  [90m18 |[0m [36mtype[0m [33mDict[0m = ([36mtypeof[0m translations)[[32m"tr"[0m];

Import map: aliased to relative './components/AssetWebConsoleProfilePanel' inside of [project]/apps/web


Import traces:
  Client Component Browser:
    ./apps/web/components/AssetDetails.tsx [Client Component Browser]
    ./apps/web/components/GlobalSearch.tsx [Client Component Browser]
    ./apps/web/components/TopHeader.tsx [Client Component Browser]
    ./apps/web/components/TopHeader.tsx [Server Component]
    ./apps/web/app/layout.tsx [Server Component]

  Client Component SSR:
    ./apps/web/components/AssetDetails.tsx [Client Component SSR]
    ./apps/web/components/GlobalSearch.tsx [Client Component SSR]
    ./apps/web/components/TopHeader.tsx [Client Component SSR]
    ./apps/web/components/TopHeader.tsx [Server Component]
    ./apps/web/app/layout.tsx [Server Component]

https://nextjs.org/docs/messages/module-not-found


⨯ ./apps/web/components/AssetDetails.tsx:15:1
Error: Module not found: Can't resolve '@/components/AssetWebConsoleProfilePanel'
  [90m13 |[0m [36mimport[0m { [33mAssetAgentPanel[0m } [36mfrom[0m [32m"@/components/AssetAgentPanel"[0m;
  [90m14 |[0m [36mimport[0m { [33mAssetSnmpPanel[0m } [36mfrom[0m [32m"@/components/AssetSnmpPanel"[0m;
[31m[1m>[0m [90m15 |[0m [36mimport[0m { [33mAssetWebConsoleProfilePanel[0m } [36mfrom[0m [32m"@/components/AssetWebConsoleProfilePanel"[0m;
  [90m   |[0m [31m[1m^^^^^^^^^^^^^^^^^^^^^^^^^^^^^^^^^^^^^^^^^^^^^^^^^^^^^^^^^^^^^^^^^^^^^^^^^^^^^^^^^^^^^^^[0m
  [90m16 |[0m [36mimport[0m styles [36mfrom[0m [32m"./AssetDetails.module.css"[0m;
  [90m17 |[0m
  [90m18 |[0m [36mtype[0m [33mDict[0m = ([36mtypeof[0m translations)[[32m"tr"[0m];

Import map: aliased to relative './components/AssetWebConsoleProfilePanel' inside of [project]/apps/web


Import traces:
  Client Component Browser:
    ./apps/web/components/AssetDetails.tsx [Client Component Browser]
    ./apps/web/components/GlobalSearch.tsx [Client Component Browser]
    ./apps/web/components/TopHeader.tsx [Client Component Browser]
    ./apps/web/components/TopHeader.tsx [Server Component]
    ./apps/web/app/layout.tsx [Server Component]

  Client Component SSR:
    ./apps/web/components/AssetDetails.tsx [Client Component SSR]
    ./apps/web/components/GlobalSearch.tsx [Client Component SSR]
    ./apps/web/components/TopHeader.tsx [Client Component SSR]
    ./apps/web/components/TopHeader.tsx [Server Component]
    ./apps/web/app/layout.tsx [Server Component]

https://nextjs.org/docs/messages/module-not-found


⨯ ./apps/web/components/AssetDetails.tsx:15:1
Error: Module not found: Can't resolve '@/components/AssetWebConsoleProfilePanel'
  [90m13 |[0m [36mimport[0m { [33mAssetAgentPanel[0m } [36mfrom[0m [32m"@/components/AssetAgentPanel"[0m;
  [90m14 |[0m [36mimport[0m { [33mAssetSnmpPanel[0m } [36mfrom[0m [32m"@/components/AssetSnmpPanel"[0m;
[31m[1m>[0m [90m15 |[0m [36mimport[0m { [33mAssetWebConsoleProfilePanel[0m } [36mfrom[0m [32m"@/components/AssetWebConsoleProfilePanel"[0m;
  [90m   |[0m [31m[1m^^^^^^^^^^^^^^^^^^^^^^^^^^^^^^^^^^^^^^^^^^^^^^^^^^^^^^^^^^^^^^^^^^^^^^^^^^^^^^^^^^^^^^^[0m
  [90m16 |[0m [36mimport[0m styles [36mfrom[0m [32m"./AssetDetails.module.css"[0m;
  [90m17 |[0m
  [90m18 |[0m [36mtype[0m [33mDict[0m = ([36mtypeof[0m translations)[[32m"tr"[0m];

Import map: aliased to relative './components/AssetWebConsoleProfilePanel' inside of [project]/apps/web


Import traces:
  Client Component Browser:
    ./apps/web/components/AssetDetails.tsx [Client Component Browser]
    ./apps/web/components/GlobalSearch.tsx [Client Component Browser]
    ./apps/web/components/TopHeader.tsx [Client Component Browser]
    ./apps/web/components/TopHeader.tsx [Server Component]
    ./apps/web/app/layout.tsx [Server Component]

  Client Component SSR:
    ./apps/web/components/AssetDetails.tsx [Client Component SSR]
    ./apps/web/components/GlobalSearch.tsx [Client Component SSR]
    ./apps/web/components/TopHeader.tsx [Client Component SSR]
    ./apps/web/components/TopHeader.tsx [Server Component]
    ./apps/web/app/layout.tsx [Server Component]

https://nextjs.org/docs/messages/module-not-found


⨯ ./apps/web/components/AssetDetails.tsx:15:1
Error: Module not found: Can't resolve '@/components/AssetWebConsoleProfilePanel'
  [90m13 |[0m [36mimport[0m { [33mAssetAgentPanel[0m } [36mfrom[0m [32m"@/components/AssetAgentPanel"[0m;
  [90m14 |[0m [36mimport[0m { [33mAssetSnmpPanel[0m } [36mfrom[0m [32m"@/components/AssetSnmpPanel"[0m;
[31m[1m>[0m [90m15 |[0m [36mimport[0m { [33mAssetWebConsoleProfilePanel[0m } [36mfrom[0m [32m"@/components/AssetWebConsoleProfilePanel"[0m;
  [90m   |[0m [31m[1m^^^^^^^^^^^^^^^^^^^^^^^^^^^^^^^^^^^^^^^^^^^^^^^^^^^^^^^^^^^^^^^^^^^^^^^^^^^^^^^^^^^^^^^[0m
  [90m16 |[0m [36mimport[0m styles [36mfrom[0m [32m"./AssetDetails.module.css"[0m;
  [90m17 |[0m
  [90m18 |[0m [36mtype[0m [33mDict[0m = ([36mtypeof[0m translations)[[32m"tr"[0m];

Import map: aliased to relative './components/AssetWebConsoleProfilePanel' inside of [project]/apps/web


Import traces:
  Client Component Browser:
    ./apps/web/components/AssetDetails.tsx [Client Component Browser]
    ./apps/web/components/GlobalSearch.tsx [Client Component Browser]
    ./apps/web/components/TopHeader.tsx [Client Component Browser]
    ./apps/web/components/TopHeader.tsx [Server Component]
    ./apps/web/app/layout.tsx [Server Component]

  Client Component SSR:
    ./apps/web/components/AssetDetails.tsx [Client Component SSR]
    ./apps/web/components/GlobalSearch.tsx [Client Component SSR]
    ./apps/web/components/TopHeader.tsx [Client Component SSR]
    ./apps/web/components/TopHeader.tsx [Server Component]
    ./apps/web/app/layout.tsx [Server Component]

https://nextjs.org/docs/messages/module-not-found


⨯ ./apps/web/components/AssetDetails.tsx:15:1
Error: Module not found: Can't resolve '@/components/AssetWebConsoleProfilePanel'
  [90m13 |[0m [36mimport[0m { [33mAssetAgentPanel[0m } [36mfrom[0m [32m"@/components/AssetAgentPanel"[0m;
  [90m14 |[0m [36mimport[0m { [33mAssetSnmpPanel[0m } [36mfrom[0m [32m"@/components/AssetSnmpPanel"[0m;
[31m[1m>[0m [90m15 |[0m [36mimport[0m { [33mAssetWebConsoleProfilePanel[0m } [36mfrom[0m [32m"@/components/AssetWebConsoleProfilePanel"[0m;
  [90m   |[0m [31m[1m^^^^^^^^^^^^^^^^^^^^^^^^^^^^^^^^^^^^^^^^^^^^^^^^^^^^^^^^^^^^^^^^^^^^^^^^^^^^^^^^^^^^^^^[0m
  [90m16 |[0m [36mimport[0m styles [36mfrom[0m [32m"./AssetDetails.module.css"[0m;
  [90m17 |[0m
  [90m18 |[0m [36mtype[0m [33mDict[0m = ([36mtypeof[0m translations)[[32m"tr"[0m];

Import map: aliased to relative './components/AssetWebConsoleProfilePanel' inside of [project]/apps/web


Import traces:
  Client Component Browser:
    ./apps/web/components/AssetDetails.tsx [Client Component Browser]
    ./apps/web/components/GlobalSearch.tsx [Client Component Browser]
    ./apps/web/components/TopHeader.tsx [Client Component Browser]
    ./apps/web/components/TopHeader.tsx [Server Component]
    ./apps/web/app/layout.tsx [Server Component]

  Client Component SSR:
    ./apps/web/components/AssetDetails.tsx [Client Component SSR]
    ./apps/web/components/GlobalSearch.tsx [Client Component SSR]
    ./apps/web/components/TopHeader.tsx [Client Component SSR]
    ./apps/web/components/TopHeader.tsx [Server Component]
    ./apps/web/app/layout.tsx [Server Component]

https://nextjs.org/docs/messages/module-not-found


⨯ ./apps/web/components/AssetDetails.tsx:15:1
Error: Module not found: Can't resolve '@/components/AssetWebConsoleProfilePanel'
  [90m13 |[0m [36mimport[0m { [33mAssetAgentPanel[0m } [36mfrom[0m [32m"@/components/AssetAgentPanel"[0m;
  [90m14 |[0m [36mimport[0m { [33mAssetSnmpPanel[0m } [36mfrom[0m [32m"@/components/AssetSnmpPanel"[0m;
[31m[1m>[0m [90m15 |[0m [36mimport[0m { [33mAssetWebConsoleProfilePanel[0m } [36mfrom[0m [32m"@/components/AssetWebConsoleProfilePanel"[0m;
  [90m   |[0m [31m[1m^^^^^^^^^^^^^^^^^^^^^^^^^^^^^^^^^^^^^^^^^^^^^^^^^^^^^^^^^^^^^^^^^^^^^^^^^^^^^^^^^^^^^^^[0m
  [90m16 |[0m [36mimport[0m styles [36mfrom[0m [32m"./AssetDetails.module.css"[0m;
  [90m17 |[0m
  [90m18 |[0m [36mtype[0m [33mDict[0m = ([36mtypeof[0m translations)[[32m"tr"[0m];

Import map: aliased to relative './components/AssetWebConsoleProfilePanel' inside of [project]/apps/web


Import traces:
  Client Component Browser:
    ./apps/web/components/AssetDetails.tsx [Client Component Browser]
    ./apps/web/components/GlobalSearch.tsx [Client Component Browser]
    ./apps/web/components/TopHeader.tsx [Client Component Browser]
    ./apps/web/components/TopHeader.tsx [Server Component]
    ./apps/web/app/layout.tsx [Server Component]

  Client Component SSR:
    ./apps/web/components/AssetDetails.tsx [Client Component SSR]
    ./apps/web/components/GlobalSearch.tsx [Client Component SSR]
    ./apps/web/components/TopHeader.tsx [Client Component SSR]
    ./apps/web/components/TopHeader.tsx [Server Component]
    ./apps/web/app/layout.tsx [Server Component]

https://nextjs.org/docs/messages/module-not-found


⨯ ./apps/web/components/AssetDetails.tsx:15:1
Error: Module not found: Can't resolve '@/components/AssetWebConsoleProfilePanel'
  [90m13 |[0m [36mimport[0m { [33mAssetAgentPanel[0m } [36mfrom[0m [32m"@/components/AssetAgentPanel"[0m;
  [90m14 |[0m [36mimport[0m { [33mAssetSnmpPanel[0m } [36mfrom[0m [32m"@/components/AssetSnmpPanel"[0m;
[31m[1m>[0m [90m15 |[0m [36mimport[0m { [33mAssetWebConsoleProfilePanel[0m } [36mfrom[0m [32m"@/components/AssetWebConsoleProfilePanel"[0m;
  [90m   |[0m [31m[1m^^^^^^^^^^^^^^^^^^^^^^^^^^^^^^^^^^^^^^^^^^^^^^^^^^^^^^^^^^^^^^^^^^^^^^^^^^^^^^^^^^^^^^^[0m
  [90m16 |[0m [36mimport[0m styles [36mfrom[0m [32m"./AssetDetails.module.css"[0m;
  [90m17 |[0m
  [90m18 |[0m [36mtype[0m [33mDict[0m = ([36mtypeof[0m translations)[[32m"tr"[0m];

Import map: aliased to relative './components/AssetWebConsoleProfilePanel' inside of [project]/apps/web


Import traces:
  Client Component Browser:
    ./apps/web/components/AssetDetails.tsx [Client Component Browser]
    ./apps/web/components/GlobalSearch.tsx [Client Component Browser]
    ./apps/web/components/TopHeader.tsx [Client Component Browser]
    ./apps/web/components/TopHeader.tsx [Server Component]
    ./apps/web/app/layout.tsx [Server Component]

  Client Component SSR:
    ./apps/web/components/AssetDetails.tsx [Client Component SSR]
    ./apps/web/components/GlobalSearch.tsx [Client Component SSR]
    ./apps/web/components/TopHeader.tsx [Client Component SSR]
    ./apps/web/components/TopHeader.tsx [Server Component]
    ./apps/web/app/layout.tsx [Server Component]

https://nextjs.org/docs/messages/module-not-found


⨯ ./apps/web/components/AssetDetails.tsx:15:1
Error: Module not found: Can't resolve '@/components/AssetWebConsoleProfilePanel'
  [90m13 |[0m [36mimport[0m { [33mAssetAgentPanel[0m } [36mfrom[0m [32m"@/components/AssetAgentPanel"[0m;
  [90m14 |[0m [36mimport[0m { [33mAssetSnmpPanel[0m } [36mfrom[0m [32m"@/components/AssetSnmpPanel"[0m;
[31m[1m>[0m [90m15 |[0m [36mimport[0m { [33mAssetWebConsoleProfilePanel[0m } [36mfrom[0m [32m"@/components/AssetWebConsoleProfilePanel"[0m;
  [90m   |[0m [31m[1m^^^^^^^^^^^^^^^^^^^^^^^^^^^^^^^^^^^^^^^^^^^^^^^^^^^^^^^^^^^^^^^^^^^^^^^^^^^^^^^^^^^^^^^[0m
  [90m16 |[0m [36mimport[0m styles [36mfrom[0m [32m"./AssetDetails.module.css"[0m;
  [90m17 |[0m
  [90m18 |[0m [36mtype[0m [33mDict[0m = ([36mtypeof[0m translations)[[32m"tr"[0m];

Import map: aliased to relative './components/AssetWebConsoleProfilePanel' inside of [project]/apps/web


Import traces:
  Client Component Browser:
    ./apps/web/components/AssetDetails.tsx [Client Component Browser]
    ./apps/web/components/GlobalSearch.tsx [Client Component Browser]
    ./apps/web/components/TopHeader.tsx [Client Component Browser]
    ./apps/web/components/TopHeader.tsx [Server Component]
    ./apps/web/app/layout.tsx [Server Component]

  Client Component SSR:
    ./apps/web/components/AssetDetails.tsx [Client Component SSR]
    ./apps/web/components/GlobalSearch.tsx [Client Component SSR]
    ./apps/web/components/TopHeader.tsx [Client Component SSR]
    ./apps/web/components/TopHeader.tsx [Server Component]
    ./apps/web/app/layout.tsx [Server Component]

https://nextjs.org/docs/messages/module-not-found


⨯ ./apps/web/components/AssetDetails.tsx:15:1
Error: Module not found: Can't resolve '@/components/AssetWebConsoleProfilePanel'
  [90m13 |[0m [36mimport[0m { [33mAssetAgentPanel[0m } [36mfrom[0m [32m"@/components/AssetAgentPanel"[0m;
  [90m14 |[0m [36mimport[0m { [33mAssetSnmpPanel[0m } [36mfrom[0m [32m"@/components/AssetSnmpPanel"[0m;
[31m[1m>[0m [90m15 |[0m [36mimport[0m { [33mAssetWebConsoleProfilePanel[0m } [36mfrom[0m [32m"@/components/AssetWebConsoleProfilePanel"[0m;
  [90m   |[0m [31m[1m^^^^^^^^^^^^^^^^^^^^^^^^^^^^^^^^^^^^^^^^^^^^^^^^^^^^^^^^^^^^^^^^^^^^^^^^^^^^^^^^^^^^^^^[0m
  [90m16 |[0m [36mimport[0m styles [36mfrom[0m [32m"./AssetDetails.module.css"[0m;
  [90m17 |[0m
  [90m18 |[0m [36mtype[0m [33mDict[0m = ([36mtypeof[0m translations)[[32m"tr"[0m];

Import map: aliased to relative './components/AssetWebConsoleProfilePanel' inside of [project]/apps/web


Import traces:
  Client Component Browser:
    ./apps/web/components/AssetDetails.tsx [Client Component Browser]
    ./apps/web/components/GlobalSearch.tsx [Client Component Browser]
    ./apps/web/components/TopHeader.tsx [Client Component Browser]
    ./apps/web/components/TopHeader.tsx [Server Component]
    ./apps/web/app/layout.tsx [Server Component]

  Client Component SSR:
    ./apps/web/components/AssetDetails.tsx [Client Component SSR]
    ./apps/web/components/GlobalSearch.tsx [Client Component SSR]
    ./apps/web/components/TopHeader.tsx [Client Component SSR]
    ./apps/web/components/TopHeader.tsx [Server Component]
    ./apps/web/app/layout.tsx [Server Component]

https://nextjs.org/docs/messages/module-not-found


⨯ ./apps/web/components/AssetDetails.tsx:15:1
Error: Module not found: Can't resolve '@/components/AssetWebConsoleProfilePanel'
  [90m13 |[0m [36mimport[0m { [33mAssetAgentPanel[0m } [36mfrom[0m [32m"@/components/AssetAgentPanel"[0m;
  [90m14 |[0m [36mimport[0m { [33mAssetSnmpPanel[0m } [36mfrom[0m [32m"@/components/AssetSnmpPanel"[0m;
[31m[1m>[0m [90m15 |[0m [36mimport[0m { [33mAssetWebConsoleProfilePanel[0m } [36mfrom[0m [32m"@/components/AssetWebConsoleProfilePanel"[0m;
  [90m   |[0m [31m[1m^^^^^^^^^^^^^^^^^^^^^^^^^^^^^^^^^^^^^^^^^^^^^^^^^^^^^^^^^^^^^^^^^^^^^^^^^^^^^^^^^^^^^^^[0m
  [90m16 |[0m [36mimport[0m styles [36mfrom[0m [32m"./AssetDetails.module.css"[0m;
  [90m17 |[0m
  [90m18 |[0m [36mtype[0m [33mDict[0m = ([36mtypeof[0m translations)[[32m"tr"[0m];

Import map: aliased to relative './components/AssetWebConsoleProfilePanel' inside of [project]/apps/web


Import traces:
  Client Component Browser:
    ./apps/web/components/AssetDetails.tsx [Client Component Browser]
    ./apps/web/components/GlobalSearch.tsx [Client Component Browser]
    ./apps/web/components/TopHeader.tsx [Client Component Browser]
    ./apps/web/components/TopHeader.tsx [Server Component]
    ./apps/web/app/layout.tsx [Server Component]

  Client Component SSR:
    ./apps/web/components/AssetDetails.tsx [Client Component SSR]
    ./apps/web/components/GlobalSearch.tsx [Client Component SSR]
    ./apps/web/components/TopHeader.tsx [Client Component SSR]
    ./apps/web/components/TopHeader.tsx [Server Component]
    ./apps/web/app/layout.tsx [Server Component]

https://nextjs.org/docs/messages/module-not-found


⨯ ./apps/web/components/AssetDetails.tsx:15:1
Error: Module not found: Can't resolve '@/components/AssetWebConsoleProfilePanel'
  [90m13 |[0m [36mimport[0m { [33mAssetAgentPanel[0m } [36mfrom[0m [32m"@/components/AssetAgentPanel"[0m;
  [90m14 |[0m [36mimport[0m { [33mAssetSnmpPanel[0m } [36mfrom[0m [32m"@/components/AssetSnmpPanel"[0m;
[31m[1m>[0m [90m15 |[0m [36mimport[0m { [33mAssetWebConsoleProfilePanel[0m } [36mfrom[0m [32m"@/components/AssetWebConsoleProfilePanel"[0m;
  [90m   |[0m [31m[1m^^^^^^^^^^^^^^^^^^^^^^^^^^^^^^^^^^^^^^^^^^^^^^^^^^^^^^^^^^^^^^^^^^^^^^^^^^^^^^^^^^^^^^^[0m
  [90m16 |[0m [36mimport[0m styles [36mfrom[0m [32m"./AssetDetails.module.css"[0m;
  [90m17 |[0m
  [90m18 |[0m [36mtype[0m [33mDict[0m = ([36mtypeof[0m translations)[[32m"tr"[0m];

Import map: aliased to relative './components/AssetWebConsoleProfilePanel' inside of [project]/apps/web


Import traces:
  Client Component Browser:
    ./apps/web/components/AssetDetails.tsx [Client Component Browser]
    ./apps/web/components/GlobalSearch.tsx [Client Component Browser]
    ./apps/web/components/TopHeader.tsx [Client Component Browser]
    ./apps/web/components/TopHeader.tsx [Server Component]
    ./apps/web/app/layout.tsx [Server Component]

  Client Component SSR:
    ./apps/web/components/AssetDetails.tsx [Client Component SSR]
    ./apps/web/components/GlobalSearch.tsx [Client Component SSR]
    ./apps/web/components/TopHeader.tsx [Client Component SSR]
    ./apps/web/components/TopHeader.tsx [Server Component]
    ./apps/web/app/layout.tsx [Server Component]

https://nextjs.org/docs/messages/module-not-found


⨯ ./apps/web/components/AssetDetails.tsx:15:1
Error: Module not found: Can't resolve '@/components/AssetWebConsoleProfilePanel'
  [90m13 |[0m [36mimport[0m { [33mAssetAgentPanel[0m } [36mfrom[0m [32m"@/components/AssetAgentPanel"[0m;
  [90m14 |[0m [36mimport[0m { [33mAssetSnmpPanel[0m } [36mfrom[0m [32m"@/components/AssetSnmpPanel"[0m;
[31m[1m>[0m [90m15 |[0m [36mimport[0m { [33mAssetWebConsoleProfilePanel[0m } [36mfrom[0m [32m"@/components/AssetWebConsoleProfilePanel"[0m;
  [90m   |[0m [31m[1m^^^^^^^^^^^^^^^^^^^^^^^^^^^^^^^^^^^^^^^^^^^^^^^^^^^^^^^^^^^^^^^^^^^^^^^^^^^^^^^^^^^^^^^[0m
  [90m16 |[0m [36mimport[0m styles [36mfrom[0m [32m"./AssetDetails.module.css"[0m;
  [90m17 |[0m
  [90m18 |[0m [36mtype[0m [33mDict[0m = ([36mtypeof[0m translations)[[32m"tr"[0m];

Import map: aliased to relative './components/AssetWebConsoleProfilePanel' inside of [project]/apps/web


Import traces:
  Client Component Browser:
    ./apps/web/components/AssetDetails.tsx [Client Component Browser]
    ./apps/web/components/GlobalSearch.tsx [Client Component Browser]
    ./apps/web/components/TopHeader.tsx [Client Component Browser]
    ./apps/web/components/TopHeader.tsx [Server Component]
    ./apps/web/app/layout.tsx [Server Component]

  Client Component SSR:
    ./apps/web/components/AssetDetails.tsx [Client Component SSR]
    ./apps/web/components/GlobalSearch.tsx [Client Component SSR]
    ./apps/web/components/TopHeader.tsx [Client Component SSR]
    ./apps/web/components/TopHeader.tsx [Server Component]
    ./apps/web/app/layout.tsx [Server Component]

https://nextjs.org/docs/messages/module-not-found


⨯ ./apps/web/components/AssetDetails.tsx:15:1
Error: Module not found: Can't resolve '@/components/AssetWebConsoleProfilePanel'
  [90m13 |[0m [36mimport[0m { [33mAssetAgentPanel[0m } [36mfrom[0m [32m"@/components/AssetAgentPanel"[0m;
  [90m14 |[0m [36mimport[0m { [33mAssetSnmpPanel[0m } [36mfrom[0m [32m"@/components/AssetSnmpPanel"[0m;
[31m[1m>[0m [90m15 |[0m [36mimport[0m { [33mAssetWebConsoleProfilePanel[0m } [36mfrom[0m [32m"@/components/AssetWebConsoleProfilePanel"[0m;
  [90m   |[0m [31m[1m^^^^^^^^^^^^^^^^^^^^^^^^^^^^^^^^^^^^^^^^^^^^^^^^^^^^^^^^^^^^^^^^^^^^^^^^^^^^^^^^^^^^^^^[0m
  [90m16 |[0m [36mimport[0m styles [36mfrom[0m [32m"./AssetDetails.module.css"[0m;
  [90m17 |[0m
  [90m18 |[0m [36mtype[0m [33mDict[0m = ([36mtypeof[0m translations)[[32m"tr"[0m];

Import map: aliased to relative './components/AssetWebConsoleProfilePanel' inside of [project]/apps/web


Import traces:
  Client Component Browser:
    ./apps/web/components/AssetDetails.tsx [Client Component Browser]
    ./apps/web/components/GlobalSearch.tsx [Client Component Browser]
    ./apps/web/components/TopHeader.tsx [Client Component Browser]
    ./apps/web/components/TopHeader.tsx [Server Component]
    ./apps/web/app/layout.tsx [Server Component]

  Client Component SSR:
    ./apps/web/components/AssetDetails.tsx [Client Component SSR]
    ./apps/web/components/GlobalSearch.tsx [Client Component SSR]
    ./apps/web/components/TopHeader.tsx [Client Component SSR]
    ./apps/web/components/TopHeader.tsx [Server Component]
    ./apps/web/app/layout.tsx [Server Component]

https://nextjs.org/docs/messages/module-not-found


⨯ ./apps/web/components/AssetDetails.tsx:15:1
Error: Module not found: Can't resolve '@/components/AssetWebConsoleProfilePanel'
  [90m13 |[0m [36mimport[0m { [33mAssetAgentPanel[0m } [36mfrom[0m [32m"@/components/AssetAgentPanel"[0m;
  [90m14 |[0m [36mimport[0m { [33mAssetSnmpPanel[0m } [36mfrom[0m [32m"@/components/AssetSnmpPanel"[0m;
[31m[1m>[0m [90m15 |[0m [36mimport[0m { [33mAssetWebConsoleProfilePanel[0m } [36mfrom[0m [32m"@/components/AssetWebConsoleProfilePanel"[0m;
  [90m   |[0m [31m[1m^^^^^^^^^^^^^^^^^^^^^^^^^^^^^^^^^^^^^^^^^^^^^^^^^^^^^^^^^^^^^^^^^^^^^^^^^^^^^^^^^^^^^^^[0m
  [90m16 |[0m [36mimport[0m styles [36mfrom[0m [32m"./AssetDetails.module.css"[0m;
  [90m17 |[0m
  [90m18 |[0m [36mtype[0m [33mDict[0m = ([36mtypeof[0m translations)[[32m"tr"[0m];

Import map: aliased to relative './components/AssetWebConsoleProfilePanel' inside of [project]/apps/web


Import traces:
  Client Component Browser:
    ./apps/web/components/AssetDetails.tsx [Client Component Browser]
    ./apps/web/components/GlobalSearch.tsx [Client Component Browser]
    ./apps/web/components/TopHeader.tsx [Client Component Browser]
    ./apps/web/components/TopHeader.tsx [Server Component]
    ./apps/web/app/layout.tsx [Server Component]

  Client Component SSR:
    ./apps/web/components/AssetDetails.tsx [Client Component SSR]
    ./apps/web/components/GlobalSearch.tsx [Client Component SSR]
    ./apps/web/components/TopHeader.tsx [Client Component SSR]
    ./apps/web/components/TopHeader.tsx [Server Component]
    ./apps/web/app/layout.tsx [Server Component]

https://nextjs.org/docs/messages/module-not-found


⨯ ./apps/web/components/AssetDetails.tsx:15:1
Error: Module not found: Can't resolve '@/components/AssetWebConsoleProfilePanel'
  [90m13 |[0m [36mimport[0m { [33mAssetAgentPanel[0m } [36mfrom[0m [32m"@/components/AssetAgentPanel"[0m;
  [90m14 |[0m [36mimport[0m { [33mAssetSnmpPanel[0m } [36mfrom[0m [32m"@/components/AssetSnmpPanel"[0m;
[31m[1m>[0m [90m15 |[0m [36mimport[0m { [33mAssetWebConsoleProfilePanel[0m } [36mfrom[0m [32m"@/components/AssetWebConsoleProfilePanel"[0m;
  [90m   |[0m [31m[1m^^^^^^^^^^^^^^^^^^^^^^^^^^^^^^^^^^^^^^^^^^^^^^^^^^^^^^^^^^^^^^^^^^^^^^^^^^^^^^^^^^^^^^^[0m
  [90m16 |[0m [36mimport[0m styles [36mfrom[0m [32m"./AssetDetails.module.css"[0m;
  [90m17 |[0m
  [90m18 |[0m [36mtype[0m [33mDict[0m = ([36mtypeof[0m translations)[[32m"tr"[0m];

Import map: aliased to relative './components/AssetWebConsoleProfilePanel' inside of [project]/apps/web


Import traces:
  Client Component Browser:
    ./apps/web/components/AssetDetails.tsx [Client Component Browser]
    ./apps/web/components/GlobalSearch.tsx [Client Component Browser]
    ./apps/web/components/TopHeader.tsx [Client Component Browser]
    ./apps/web/components/TopHeader.tsx [Server Component]
    ./apps/web/app/layout.tsx [Server Component]

  Client Component SSR:
    ./apps/web/components/AssetDetails.tsx [Client Component SSR]
    ./apps/web/components/GlobalSearch.tsx [Client Component SSR]
    ./apps/web/components/TopHeader.tsx [Client Component SSR]
    ./apps/web/components/TopHeader.tsx [Server Component]
    ./apps/web/app/layout.tsx [Server Component]

https://nextjs.org/docs/messages/module-not-found


⨯ ./apps/web/components/AssetDetails.tsx:15:1
Error: Module not found: Can't resolve '@/components/AssetWebConsoleProfilePanel'
  [90m13 |[0m [36mimport[0m { [33mAssetAgentPanel[0m } [36mfrom[0m [32m"@/components/AssetAgentPanel"[0m;
  [90m14 |[0m [36mimport[0m { [33mAssetSnmpPanel[0m } [36mfrom[0m [32m"@/components/AssetSnmpPanel"[0m;
[31m[1m>[0m [90m15 |[0m [36mimport[0m { [33mAssetWebConsoleProfilePanel[0m } [36mfrom[0m [32m"@/components/AssetWebConsoleProfilePanel"[0m;
  [90m   |[0m [31m[1m^^^^^^^^^^^^^^^^^^^^^^^^^^^^^^^^^^^^^^^^^^^^^^^^^^^^^^^^^^^^^^^^^^^^^^^^^^^^^^^^^^^^^^^[0m
  [90m16 |[0m [36mimport[0m styles [36mfrom[0m [32m"./AssetDetails.module.css"[0m;
  [90m17 |[0m
  [90m18 |[0m [36mtype[0m [33mDict[0m = ([36mtypeof[0m translations)[[32m"tr"[0m];

Import map: aliased to relative './components/AssetWebConsoleProfilePanel' inside of [project]/apps/web


Import traces:
  Client Component Browser:
    ./apps/web/components/AssetDetails.tsx [Client Component Browser]
    ./apps/web/components/GlobalSearch.tsx [Client Component Browser]
    ./apps/web/components/TopHeader.tsx [Client Component Browser]
    ./apps/web/components/TopHeader.tsx [Server Component]
    ./apps/web/app/layout.tsx [Server Component]

  Client Component SSR:
    ./apps/web/components/AssetDetails.tsx [Client Component SSR]
    ./apps/web/components/GlobalSearch.tsx [Client Component SSR]
    ./apps/web/components/TopHeader.tsx [Client Component SSR]
    ./apps/web/components/TopHeader.tsx [Server Component]
    ./apps/web/app/layout.tsx [Server Component]

https://nextjs.org/docs/messages/module-not-found


⨯ ./apps/web/components/AssetDetails.tsx:15:1
Error: Module not found: Can't resolve '@/components/AssetWebConsoleProfilePanel'
  [90m13 |[0m [36mimport[0m { [33mAssetAgentPanel[0m } [36mfrom[0m [32m"@/components/AssetAgentPanel"[0m;
  [90m14 |[0m [36mimport[0m { [33mAssetSnmpPanel[0m } [36mfrom[0m [32m"@/components/AssetSnmpPanel"[0m;
[31m[1m>[0m [90m15 |[0m [36mimport[0m { [33mAssetWebConsoleProfilePanel[0m } [36mfrom[0m [32m"@/components/AssetWebConsoleProfilePanel"[0m;
  [90m   |[0m [31m[1m^^^^^^^^^^^^^^^^^^^^^^^^^^^^^^^^^^^^^^^^^^^^^^^^^^^^^^^^^^^^^^^^^^^^^^^^^^^^^^^^^^^^^^^[0m
  [90m16 |[0m [36mimport[0m styles [36mfrom[0m [32m"./AssetDetails.module.css"[0m;
  [90m17 |[0m
  [90m18 |[0m [36mtype[0m [33mDict[0m = ([36mtypeof[0m translations)[[32m"tr"[0m];

Import map: aliased to relative './components/AssetWebConsoleProfilePanel' inside of [project]/apps/web


Import traces:
  Client Component Browser:
    ./apps/web/components/AssetDetails.tsx [Client Component Browser]
    ./apps/web/components/GlobalSearch.tsx [Client Component Browser]
    ./apps/web/components/TopHeader.tsx [Client Component Browser]
    ./apps/web/components/TopHeader.tsx [Server Component]
    ./apps/web/app/layout.tsx [Server Component]

  Client Component SSR:
    ./apps/web/components/AssetDetails.tsx [Client Component SSR]
    ./apps/web/components/GlobalSearch.tsx [Client Component SSR]
    ./apps/web/components/TopHeader.tsx [Client Component SSR]
    ./apps/web/components/TopHeader.tsx [Server Component]
    ./apps/web/app/layout.tsx [Server Component]

https://nextjs.org/docs/messages/module-not-found


⨯ ./apps/web/components/AssetDetails.tsx:15:1
Error: Module not found: Can't resolve '@/components/AssetWebConsoleProfilePanel'
  [90m13 |[0m [36mimport[0m { [33mAssetAgentPanel[0m } [36mfrom[0m [32m"@/components/AssetAgentPanel"[0m;
  [90m14 |[0m [36mimport[0m { [33mAssetSnmpPanel[0m } [36mfrom[0m [32m"@/components/AssetSnmpPanel"[0m;
[31m[1m>[0m [90m15 |[0m [36mimport[0m { [33mAssetWebConsoleProfilePanel[0m } [36mfrom[0m [32m"@/components/AssetWebConsoleProfilePanel"[0m;
  [90m   |[0m [31m[1m^^^^^^^^^^^^^^^^^^^^^^^^^^^^^^^^^^^^^^^^^^^^^^^^^^^^^^^^^^^^^^^^^^^^^^^^^^^^^^^^^^^^^^^[0m
  [90m16 |[0m [36mimport[0m styles [36mfrom[0m [32m"./AssetDetails.module.css"[0m;
  [90m17 |[0m
  [90m18 |[0m [36mtype[0m [33mDict[0m = ([36mtypeof[0m translations)[[32m"tr"[0m];

Import map: aliased to relative './components/AssetWebConsoleProfilePanel' inside of [project]/apps/web


Import traces:
  Client Component Browser:
    ./apps/web/components/AssetDetails.tsx [Client Component Browser]
    ./apps/web/components/GlobalSearch.tsx [Client Component Browser]
    ./apps/web/components/TopHeader.tsx [Client Component Browser]
    ./apps/web/components/TopHeader.tsx [Server Component]
    ./apps/web/app/layout.tsx [Server Component]

  Client Component SSR:
    ./apps/web/components/AssetDetails.tsx [Client Component SSR]
    ./apps/web/components/GlobalSearch.tsx [Client Component SSR]
    ./apps/web/components/TopHeader.tsx [Client Component SSR]
    ./apps/web/components/TopHeader.tsx [Server Component]
    ./apps/web/app/layout.tsx [Server Component]

https://nextjs.org/docs/messages/module-not-found


⨯ ./apps/web/components/AssetDetails.tsx:15:1
Error: Module not found: Can't resolve '@/components/AssetWebConsoleProfilePanel'
  [90m13 |[0m [36mimport[0m { [33mAssetAgentPanel[0m } [36mfrom[0m [32m"@/components/AssetAgentPanel"[0m;
  [90m14 |[0m [36mimport[0m { [33mAssetSnmpPanel[0m } [36mfrom[0m [32m"@/components/AssetSnmpPanel"[0m;
[31m[1m>[0m [90m15 |[0m [36mimport[0m { [33mAssetWebConsoleProfilePanel[0m } [36mfrom[0m [32m"@/components/AssetWebConsoleProfilePanel"[0m;
  [90m   |[0m [31m[1m^^^^^^^^^^^^^^^^^^^^^^^^^^^^^^^^^^^^^^^^^^^^^^^^^^^^^^^^^^^^^^^^^^^^^^^^^^^^^^^^^^^^^^^[0m
  [90m16 |[0m [36mimport[0m styles [36mfrom[0m [32m"./AssetDetails.module.css"[0m;
  [90m17 |[0m
  [90m18 |[0m [36mtype[0m [33mDict[0m = ([36mtypeof[0m translations)[[32m"tr"[0m];

Import map: aliased to relative './components/AssetWebConsoleProfilePanel' inside of [project]/apps/web


Import traces:
  Client Component Browser:
    ./apps/web/components/AssetDetails.tsx [Client Component Browser]
    ./apps/web/components/GlobalSearch.tsx [Client Component Browser]
    ./apps/web/components/TopHeader.tsx [Client Component Browser]
    ./apps/web/components/TopHeader.tsx [Server Component]
    ./apps/web/app/layout.tsx [Server Component]

  Client Component SSR:
    ./apps/web/components/AssetDetails.tsx [Client Component SSR]
    ./apps/web/components/GlobalSearch.tsx [Client Component SSR]
    ./apps/web/components/TopHeader.tsx [Client Component SSR]
    ./apps/web/components/TopHeader.tsx [Server Component]
    ./apps/web/app/layout.tsx [Server Component]

https://nextjs.org/docs/messages/module-not-found


⨯ ./apps/web/components/AssetDetails.tsx:15:1
Error: Module not found: Can't resolve '@/components/AssetWebConsoleProfilePanel'
  [90m13 |[0m [36mimport[0m { [33mAssetAgentPanel[0m } [36mfrom[0m [32m"@/components/AssetAgentPanel"[0m;
  [90m14 |[0m [36mimport[0m { [33mAssetSnmpPanel[0m } [36mfrom[0m [32m"@/components/AssetSnmpPanel"[0m;
[31m[1m>[0m [90m15 |[0m [36mimport[0m { [33mAssetWebConsoleProfilePanel[0m } [36mfrom[0m [32m"@/components/AssetWebConsoleProfilePanel"[0m;
  [90m   |[0m [31m[1m^^^^^^^^^^^^^^^^^^^^^^^^^^^^^^^^^^^^^^^^^^^^^^^^^^^^^^^^^^^^^^^^^^^^^^^^^^^^^^^^^^^^^^^[0m
  [90m16 |[0m [36mimport[0m styles [36mfrom[0m [32m"./AssetDetails.module.css"[0m;
  [90m17 |[0m
  [90m18 |[0m [36mtype[0m [33mDict[0m = ([36mtypeof[0m translations)[[32m"tr"[0m];

Import map: aliased to relative './components/AssetWebConsoleProfilePanel' inside of [project]/apps/web


Import traces:
  Client Component Browser:
    ./apps/web/components/AssetDetails.tsx [Client Component Browser]
    ./apps/web/components/GlobalSearch.tsx [Client Component Browser]
    ./apps/web/components/TopHeader.tsx [Client Component Browser]
    ./apps/web/components/TopHeader.tsx [Server Component]
    ./apps/web/app/layout.tsx [Server Component]

  Client Component SSR:
    ./apps/web/components/AssetDetails.tsx [Client Component SSR]
    ./apps/web/components/GlobalSearch.tsx [Client Component SSR]
    ./apps/web/components/TopHeader.tsx [Client Component SSR]
    ./apps/web/components/TopHeader.tsx [Server Component]
    ./apps/web/app/layout.tsx [Server Component]

https://nextjs.org/docs/messages/module-not-found


⨯ ./apps/web/components/AssetDetails.tsx:15:1
Error: Module not found: Can't resolve '@/components/AssetWebConsoleProfilePanel'
  [90m13 |[0m [36mimport[0m { [33mAssetAgentPanel[0m } [36mfrom[0m [32m"@/components/AssetAgentPanel"[0m;
  [90m14 |[0m [36mimport[0m { [33mAssetSnmpPanel[0m } [36mfrom[0m [32m"@/components/AssetSnmpPanel"[0m;
[31m[1m>[0m [90m15 |[0m [36mimport[0m { [33mAssetWebConsoleProfilePanel[0m } [36mfrom[0m [32m"@/components/AssetWebConsoleProfilePanel"[0m;
  [90m   |[0m [31m[1m^^^^^^^^^^^^^^^^^^^^^^^^^^^^^^^^^^^^^^^^^^^^^^^^^^^^^^^^^^^^^^^^^^^^^^^^^^^^^^^^^^^^^^^[0m
  [90m16 |[0m [36mimport[0m styles [36mfrom[0m [32m"./AssetDetails.module.css"[0m;
  [90m17 |[0m
  [90m18 |[0m [36mtype[0m [33mDict[0m = ([36mtypeof[0m translations)[[32m"tr"[0m];

Import map: aliased to relative './components/AssetWebConsoleProfilePanel' inside of [project]/apps/web


Import traces:
  Client Component Browser:
    ./apps/web/components/AssetDetails.tsx [Client Component Browser]
    ./apps/web/components/GlobalSearch.tsx [Client Component Browser]
    ./apps/web/components/TopHeader.tsx [Client Component Browser]
    ./apps/web/components/TopHeader.tsx [Server Component]
    ./apps/web/app/layout.tsx [Server Component]

  Client Component SSR:
    ./apps/web/components/AssetDetails.tsx [Client Component SSR]
    ./apps/web/components/GlobalSearch.tsx [Client Component SSR]
    ./apps/web/components/TopHeader.tsx [Client Component SSR]
    ./apps/web/components/TopHeader.tsx [Server Component]
    ./apps/web/app/layout.tsx [Server Component]

https://nextjs.org/docs/messages/module-not-found


⨯ ./apps/web/components/AssetDetails.tsx:15:1
Error: Module not found: Can't resolve '@/components/AssetWebConsoleProfilePanel'
  [90m13 |[0m [36mimport[0m { [33mAssetAgentPanel[0m } [36mfrom[0m [32m"@/components/AssetAgentPanel"[0m;
  [90m14 |[0m [36mimport[0m { [33mAssetSnmpPanel[0m } [36mfrom[0m [32m"@/components/AssetSnmpPanel"[0m;
[31m[1m>[0m [90m15 |[0m [36mimport[0m { [33mAssetWebConsoleProfilePanel[0m } [36mfrom[0m [32m"@/components/AssetWebConsoleProfilePanel"[0m;
  [90m   |[0m [31m[1m^^^^^^^^^^^^^^^^^^^^^^^^^^^^^^^^^^^^^^^^^^^^^^^^^^^^^^^^^^^^^^^^^^^^^^^^^^^^^^^^^^^^^^^[0m
  [90m16 |[0m [36mimport[0m styles [36mfrom[0m [32m"./AssetDetails.module.css"[0m;
  [90m17 |[0m
  [90m18 |[0m [36mtype[0m [33mDict[0m = ([36mtypeof[0m translations)[[32m"tr"[0m];

Import map: aliased to relative './components/AssetWebConsoleProfilePanel' inside of [project]/apps/web


Import traces:
  Client Component Browser:
    ./apps/web/components/AssetDetails.tsx [Client Component Browser]
    ./apps/web/components/GlobalSearch.tsx [Client Component Browser]
    ./apps/web/components/TopHeader.tsx [Client Component Browser]
    ./apps/web/components/TopHeader.tsx [Server Component]
    ./apps/web/app/layout.tsx [Server Component]

  Client Component SSR:
    ./apps/web/components/AssetDetails.tsx [Client Component SSR]
    ./apps/web/components/GlobalSearch.tsx [Client Component SSR]
    ./apps/web/components/TopHeader.tsx [Client Component SSR]
    ./apps/web/components/TopHeader.tsx [Server Component]
    ./apps/web/app/layout.tsx [Server Component]

https://nextjs.org/docs/messages/module-not-found


⨯ ./apps/web/components/AssetDetails.tsx:15:1
Error: Module not found: Can't resolve '@/components/AssetWebConsoleProfilePanel'
  [90m13 |[0m [36mimport[0m { [33mAssetAgentPanel[0m } [36mfrom[0m [32m"@/components/AssetAgentPanel"[0m;
  [90m14 |[0m [36mimport[0m { [33mAssetSnmpPanel[0m } [36mfrom[0m [32m"@/components/AssetSnmpPanel"[0m;
[31m[1m>[0m [90m15 |[0m [36mimport[0m { [33mAssetWebConsoleProfilePanel[0m } [36mfrom[0m [32m"@/components/AssetWebConsoleProfilePanel"[0m;
  [90m   |[0m [31m[1m^^^^^^^^^^^^^^^^^^^^^^^^^^^^^^^^^^^^^^^^^^^^^^^^^^^^^^^^^^^^^^^^^^^^^^^^^^^^^^^^^^^^^^^[0m
  [90m16 |[0m [36mimport[0m styles [36mfrom[0m [32m"./AssetDetails.module.css"[0m;
  [90m17 |[0m
  [90m18 |[0m [36mtype[0m [33mDict[0m = ([36mtypeof[0m translations)[[32m"tr"[0m];

Import map: aliased to relative './components/AssetWebConsoleProfilePanel' inside of [project]/apps/web


Import traces:
  Client Component Browser:
    ./apps/web/components/AssetDetails.tsx [Client Component Browser]
    ./apps/web/components/GlobalSearch.tsx [Client Component Browser]
    ./apps/web/components/TopHeader.tsx [Client Component Browser]
    ./apps/web/components/TopHeader.tsx [Server Component]
    ./apps/web/app/layout.tsx [Server Component]

  Client Component SSR:
    ./apps/web/components/AssetDetails.tsx [Client Component SSR]
    ./apps/web/components/GlobalSearch.tsx [Client Component SSR]
    ./apps/web/components/TopHeader.tsx [Client Component SSR]
    ./apps/web/components/TopHeader.tsx [Server Component]
    ./apps/web/app/layout.tsx [Server Component]

https://nextjs.org/docs/messages/module-not-found


⨯ ./apps/web/components/AssetDetails.tsx:15:1
Error: Module not found: Can't resolve '@/components/AssetWebConsoleProfilePanel'
  [90m13 |[0m [36mimport[0m { [33mAssetAgentPanel[0m } [36mfrom[0m [32m"@/components/AssetAgentPanel"[0m;
  [90m14 |[0m [36mimport[0m { [33mAssetSnmpPanel[0m } [36mfrom[0m [32m"@/components/AssetSnmpPanel"[0m;
[31m[1m>[0m [90m15 |[0m [36mimport[0m { [33mAssetWebConsoleProfilePanel[0m } [36mfrom[0m [32m"@/components/AssetWebConsoleProfilePanel"[0m;
  [90m   |[0m [31m[1m^^^^^^^^^^^^^^^^^^^^^^^^^^^^^^^^^^^^^^^^^^^^^^^^^^^^^^^^^^^^^^^^^^^^^^^^^^^^^^^^^^^^^^^[0m
  [90m16 |[0m [36mimport[0m styles [36mfrom[0m [32m"./AssetDetails.module.css"[0m;
  [90m17 |[0m
  [90m18 |[0m [36mtype[0m [33mDict[0m = ([36mtypeof[0m translations)[[32m"tr"[0m];

Import map: aliased to relative './components/AssetWebConsoleProfilePanel' inside of [project]/apps/web


Import traces:
  Client Component Browser:
    ./apps/web/components/AssetDetails.tsx [Client Component Browser]
    ./apps/web/components/GlobalSearch.tsx [Client Component Browser]
    ./apps/web/components/TopHeader.tsx [Client Component Browser]
    ./apps/web/components/TopHeader.tsx [Server Component]
    ./apps/web/app/layout.tsx [Server Component]

  Client Component SSR:
    ./apps/web/components/AssetDetails.tsx [Client Component SSR]
    ./apps/web/components/GlobalSearch.tsx [Client Component SSR]
    ./apps/web/components/TopHeader.tsx [Client Component SSR]
    ./apps/web/components/TopHeader.tsx [Server Component]
    ./apps/web/app/layout.tsx [Server Component]

https://nextjs.org/docs/messages/module-not-found


⨯ ./apps/web/components/AssetDetails.tsx:15:1
Error: Module not found: Can't resolve '@/components/AssetWebConsoleProfilePanel'
  [90m13 |[0m [36mimport[0m { [33mAssetAgentPanel[0m } [36mfrom[0m [32m"@/components/AssetAgentPanel"[0m;
  [90m14 |[0m [36mimport[0m { [33mAssetSnmpPanel[0m } [36mfrom[0m [32m"@/components/AssetSnmpPanel"[0m;
[31m[1m>[0m [90m15 |[0m [36mimport[0m { [33mAssetWebConsoleProfilePanel[0m } [36mfrom[0m [32m"@/components/AssetWebConsoleProfilePanel"[0m;
  [90m   |[0m [31m[1m^^^^^^^^^^^^^^^^^^^^^^^^^^^^^^^^^^^^^^^^^^^^^^^^^^^^^^^^^^^^^^^^^^^^^^^^^^^^^^^^^^^^^^^[0m
  [90m16 |[0m [36mimport[0m styles [36mfrom[0m [32m"./AssetDetails.module.css"[0m;
  [90m17 |[0m
  [90m18 |[0m [36mtype[0m [33mDict[0m = ([36mtypeof[0m translations)[[32m"tr"[0m];

Import map: aliased to relative './components/AssetWebConsoleProfilePanel' inside of [project]/apps/web


Import traces:
  Client Component Browser:
    ./apps/web/components/AssetDetails.tsx [Client Component Browser]
    ./apps/web/components/GlobalSearch.tsx [Client Component Browser]
    ./apps/web/components/TopHeader.tsx [Client Component Browser]
    ./apps/web/components/TopHeader.tsx [Server Component]
    ./apps/web/app/layout.tsx [Server Component]

  Client Component SSR:
    ./apps/web/components/AssetDetails.tsx [Client Component SSR]
    ./apps/web/components/GlobalSearch.tsx [Client Component SSR]
    ./apps/web/components/TopHeader.tsx [Client Component SSR]
    ./apps/web/components/TopHeader.tsx [Server Component]
    ./apps/web/app/layout.tsx [Server Component]

https://nextjs.org/docs/messages/module-not-found


⨯ ./apps/web/components/AssetDetails.tsx:15:1
Error: Module not found: Can't resolve '@/components/AssetWebConsoleProfilePanel'
  [90m13 |[0m [36mimport[0m { [33mAssetAgentPanel[0m } [36mfrom[0m [32m"@/components/AssetAgentPanel"[0m;
  [90m14 |[0m [36mimport[0m { [33mAssetSnmpPanel[0m } [36mfrom[0m [32m"@/components/AssetSnmpPanel"[0m;
[31m[1m>[0m [90m15 |[0m [36mimport[0m { [33mAssetWebConsoleProfilePanel[0m } [36mfrom[0m [32m"@/components/AssetWebConsoleProfilePanel"[0m;
  [90m   |[0m [31m[1m^^^^^^^^^^^^^^^^^^^^^^^^^^^^^^^^^^^^^^^^^^^^^^^^^^^^^^^^^^^^^^^^^^^^^^^^^^^^^^^^^^^^^^^[0m
  [90m16 |[0m [36mimport[0m styles [36mfrom[0m [32m"./AssetDetails.module.css"[0m;
  [90m17 |[0m
  [90m18 |[0m [36mtype[0m [33mDict[0m = ([36mtypeof[0m translations)[[32m"tr"[0m];

Import map: aliased to relative './components/AssetWebConsoleProfilePanel' inside of [project]/apps/web


Import traces:
  Client Component Browser:
    ./apps/web/components/AssetDetails.tsx [Client Component Browser]
    ./apps/web/components/GlobalSearch.tsx [Client Component Browser]
    ./apps/web/components/TopHeader.tsx [Client Component Browser]
    ./apps/web/components/TopHeader.tsx [Server Component]
    ./apps/web/app/layout.tsx [Server Component]

  Client Component SSR:
    ./apps/web/components/AssetDetails.tsx [Client Component SSR]
    ./apps/web/components/GlobalSearch.tsx [Client Component SSR]
    ./apps/web/components/TopHeader.tsx [Client Component SSR]
    ./apps/web/components/TopHeader.tsx [Server Component]
    ./apps/web/app/layout.tsx [Server Component]

https://nextjs.org/docs/messages/module-not-found


⨯ ./apps/web/components/AssetDetails.tsx:15:1
Error: Module not found: Can't resolve '@/components/AssetWebConsoleProfilePanel'
  [90m13 |[0m [36mimport[0m { [33mAssetAgentPanel[0m } [36mfrom[0m [32m"@/components/AssetAgentPanel"[0m;
  [90m14 |[0m [36mimport[0m { [33mAssetSnmpPanel[0m } [36mfrom[0m [32m"@/components/AssetSnmpPanel"[0m;
[31m[1m>[0m [90m15 |[0m [36mimport[0m { [33mAssetWebConsoleProfilePanel[0m } [36mfrom[0m [32m"@/components/AssetWebConsoleProfilePanel"[0m;
  [90m   |[0m [31m[1m^^^^^^^^^^^^^^^^^^^^^^^^^^^^^^^^^^^^^^^^^^^^^^^^^^^^^^^^^^^^^^^^^^^^^^^^^^^^^^^^^^^^^^^[0m
  [90m16 |[0m [36mimport[0m styles [36mfrom[0m [32m"./AssetDetails.module.css"[0m;
  [90m17 |[0m
  [90m18 |[0m [36mtype[0m [33mDict[0m = ([36mtypeof[0m translations)[[32m"tr"[0m];

Import map: aliased to relative './components/AssetWebConsoleProfilePanel' inside of [project]/apps/web


Import traces:
  Client Component Browser:
    ./apps/web/components/AssetDetails.tsx [Client Component Browser]
    ./apps/web/components/GlobalSearch.tsx [Client Component Browser]
    ./apps/web/components/TopHeader.tsx [Client Component Browser]
    ./apps/web/components/TopHeader.tsx [Server Component]
    ./apps/web/app/layout.tsx [Server Component]

  Client Component SSR:
    ./apps/web/components/AssetDetails.tsx [Client Component SSR]
    ./apps/web/components/GlobalSearch.tsx [Client Component SSR]
    ./apps/web/components/TopHeader.tsx [Client Component SSR]
    ./apps/web/components/TopHeader.tsx [Server Component]
    ./apps/web/app/layout.tsx [Server Component]

https://nextjs.org/docs/messages/module-not-found


⨯ ./apps/web/components/AssetDetails.tsx:15:1
Error: Module not found: Can't resolve '@/components/AssetWebConsoleProfilePanel'
  [90m13 |[0m [36mimport[0m { [33mAssetAgentPanel[0m } [36mfrom[0m [32m"@/components/AssetAgentPanel"[0m;
  [90m14 |[0m [36mimport[0m { [33mAssetSnmpPanel[0m } [36mfrom[0m [32m"@/components/AssetSnmpPanel"[0m;
[31m[1m>[0m [90m15 |[0m [36mimport[0m { [33mAssetWebConsoleProfilePanel[0m } [36mfrom[0m [32m"@/components/AssetWebConsoleProfilePanel"[0m;
  [90m   |[0m [31m[1m^^^^^^^^^^^^^^^^^^^^^^^^^^^^^^^^^^^^^^^^^^^^^^^^^^^^^^^^^^^^^^^^^^^^^^^^^^^^^^^^^^^^^^^[0m
  [90m16 |[0m [36mimport[0m styles [36mfrom[0m [32m"./AssetDetails.module.css"[0m;
  [90m17 |[0m
  [90m18 |[0m [36mtype[0m [33mDict[0m = ([36mtypeof[0m translations)[[32m"tr"[0m];

Import map: aliased to relative './components/AssetWebConsoleProfilePanel' inside of [project]/apps/web


Import traces:
  Client Component Browser:
    ./apps/web/components/AssetDetails.tsx [Client Component Browser]
    ./apps/web/components/GlobalSearch.tsx [Client Component Browser]
    ./apps/web/components/TopHeader.tsx [Client Component Browser]
    ./apps/web/components/TopHeader.tsx [Server Component]
    ./apps/web/app/layout.tsx [Server Component]

  Client Component SSR:
    ./apps/web/components/AssetDetails.tsx [Client Component SSR]
    ./apps/web/components/GlobalSearch.tsx [Client Component SSR]
    ./apps/web/components/TopHeader.tsx [Client Component SSR]
    ./apps/web/components/TopHeader.tsx [Server Component]
    ./apps/web/app/layout.tsx [Server Component]

https://nextjs.org/docs/messages/module-not-found


⨯ ./apps/web/components/AssetDetails.tsx:15:1
Error: Module not found: Can't resolve '@/components/AssetWebConsoleProfilePanel'
  [90m13 |[0m [36mimport[0m { [33mAssetAgentPanel[0m } [36mfrom[0m [32m"@/components/AssetAgentPanel"[0m;
  [90m14 |[0m [36mimport[0m { [33mAssetSnmpPanel[0m } [36mfrom[0m [32m"@/components/AssetSnmpPanel"[0m;
[31m[1m>[0m [90m15 |[0m [36mimport[0m { [33mAssetWebConsoleProfilePanel[0m } [36mfrom[0m [32m"@/components/AssetWebConsoleProfilePanel"[0m;
  [90m   |[0m [31m[1m^^^^^^^^^^^^^^^^^^^^^^^^^^^^^^^^^^^^^^^^^^^^^^^^^^^^^^^^^^^^^^^^^^^^^^^^^^^^^^^^^^^^^^^[0m
  [90m16 |[0m [36mimport[0m styles [36mfrom[0m [32m"./AssetDetails.module.css"[0m;
  [90m17 |[0m
  [90m18 |[0m [36mtype[0m [33mDict[0m = ([36mtypeof[0m translations)[[32m"tr"[0m];

Import map: aliased to relative './components/AssetWebConsoleProfilePanel' inside of [project]/apps/web


Import traces:
  Client Component Browser:
    ./apps/web/components/AssetDetails.tsx [Client Component Browser]
    ./apps/web/components/GlobalSearch.tsx [Client Component Browser]
    ./apps/web/components/TopHeader.tsx [Client Component Browser]
    ./apps/web/components/TopHeader.tsx [Server Component]
    ./apps/web/app/layout.tsx [Server Component]

  Client Component SSR:
    ./apps/web/components/AssetDetails.tsx [Client Component SSR]
    ./apps/web/components/GlobalSearch.tsx [Client Component SSR]
    ./apps/web/components/TopHeader.tsx [Client Component SSR]
    ./apps/web/components/TopHeader.tsx [Server Component]
    ./apps/web/app/layout.tsx [Server Component]

https://nextjs.org/docs/messages/module-not-found


⨯ ./apps/web/components/AssetDetails.tsx:15:1
Error: Module not found: Can't resolve '@/components/AssetWebConsoleProfilePanel'
  [90m13 |[0m [36mimport[0m { [33mAssetAgentPanel[0m } [36mfrom[0m [32m"@/components/AssetAgentPanel"[0m;
  [90m14 |[0m [36mimport[0m { [33mAssetSnmpPanel[0m } [36mfrom[0m [32m"@/components/AssetSnmpPanel"[0m;
[31m[1m>[0m [90m15 |[0m [36mimport[0m { [33mAssetWebConsoleProfilePanel[0m } [36mfrom[0m [32m"@/components/AssetWebConsoleProfilePanel"[0m;
  [90m   |[0m [31m[1m^^^^^^^^^^^^^^^^^^^^^^^^^^^^^^^^^^^^^^^^^^^^^^^^^^^^^^^^^^^^^^^^^^^^^^^^^^^^^^^^^^^^^^^[0m
  [90m16 |[0m [36mimport[0m styles [36mfrom[0m [32m"./AssetDetails.module.css"[0m;
  [90m17 |[0m
  [90m18 |[0m [36mtype[0m [33mDict[0m = ([36mtypeof[0m translations)[[32m"tr"[0m];

Import map: aliased to relative './components/AssetWebConsoleProfilePanel' inside of [project]/apps/web


Import traces:
  Client Component Browser:
    ./apps/web/components/AssetDetails.tsx [Client Component Browser]
    ./apps/web/components/GlobalSearch.tsx [Client Component Browser]
    ./apps/web/components/TopHeader.tsx [Client Component Browser]
    ./apps/web/components/TopHeader.tsx [Server Component]
    ./apps/web/app/layout.tsx [Server Component]

  Client Component SSR:
    ./apps/web/components/AssetDetails.tsx [Client Component SSR]
    ./apps/web/components/GlobalSearch.tsx [Client Component SSR]
    ./apps/web/components/TopHeader.tsx [Client Component SSR]
    ./apps/web/components/TopHeader.tsx [Server Component]
    ./apps/web/app/layout.tsx [Server Component]

https://nextjs.org/docs/messages/module-not-found


⨯ ./apps/web/components/AssetDetails.tsx:15:1
Error: Module not found: Can't resolve '@/components/AssetWebConsoleProfilePanel'
  [90m13 |[0m [36mimport[0m { [33mAssetAgentPanel[0m } [36mfrom[0m [32m"@/components/AssetAgentPanel"[0m;
  [90m14 |[0m [36mimport[0m { [33mAssetSnmpPanel[0m } [36mfrom[0m [32m"@/components/AssetSnmpPanel"[0m;
[31m[1m>[0m [90m15 |[0m [36mimport[0m { [33mAssetWebConsoleProfilePanel[0m } [36mfrom[0m [32m"@/components/AssetWebConsoleProfilePanel"[0m;
  [90m   |[0m [31m[1m^^^^^^^^^^^^^^^^^^^^^^^^^^^^^^^^^^^^^^^^^^^^^^^^^^^^^^^^^^^^^^^^^^^^^^^^^^^^^^^^^^^^^^^[0m
  [90m16 |[0m [36mimport[0m styles [36mfrom[0m [32m"./AssetDetails.module.css"[0m;
  [90m17 |[0m
  [90m18 |[0m [36mtype[0m [33mDict[0m = ([36mtypeof[0m translations)[[32m"tr"[0m];

Import map: aliased to relative './components/AssetWebConsoleProfilePanel' inside of [project]/apps/web


Import traces:
  Client Component Browser:
    ./apps/web/components/AssetDetails.tsx [Client Component Browser]
    ./apps/web/components/GlobalSearch.tsx [Client Component Browser]
    ./apps/web/components/TopHeader.tsx [Client Component Browser]
    ./apps/web/components/TopHeader.tsx [Server Component]
    ./apps/web/app/layout.tsx [Server Component]

  Client Component SSR:
    ./apps/web/components/AssetDetails.tsx [Client Component SSR]
    ./apps/web/components/GlobalSearch.tsx [Client Component SSR]
    ./apps/web/components/TopHeader.tsx [Client Component SSR]
    ./apps/web/components/TopHeader.tsx [Server Component]
    ./apps/web/app/layout.tsx [Server Component]

https://nextjs.org/docs/messages/module-not-found


⨯ ./apps/web/components/AssetDetails.tsx:15:1
Error: Module not found: Can't resolve '@/components/AssetWebConsoleProfilePanel'
  [90m13 |[0m [36mimport[0m { [33mAssetAgentPanel[0m } [36mfrom[0m [32m"@/components/AssetAgentPanel"[0m;
  [90m14 |[0m [36mimport[0m { [33mAssetSnmpPanel[0m } [36mfrom[0m [32m"@/components/AssetSnmpPanel"[0m;
[31m[1m>[0m [90m15 |[0m [36mimport[0m { [33mAssetWebConsoleProfilePanel[0m } [36mfrom[0m [32m"@/components/AssetWebConsoleProfilePanel"[0m;
  [90m   |[0m [31m[1m^^^^^^^^^^^^^^^^^^^^^^^^^^^^^^^^^^^^^^^^^^^^^^^^^^^^^^^^^^^^^^^^^^^^^^^^^^^^^^^^^^^^^^^[0m
  [90m16 |[0m [36mimport[0m styles [36mfrom[0m [32m"./AssetDetails.module.css"[0m;
  [90m17 |[0m
  [90m18 |[0m [36mtype[0m [33mDict[0m = ([36mtypeof[0m translations)[[32m"tr"[0m];

Import map: aliased to relative './components/AssetWebConsoleProfilePanel' inside of [project]/apps/web


Import traces:
  Client Component Browser:
    ./apps/web/components/AssetDetails.tsx [Client Component Browser]
    ./apps/web/components/GlobalSearch.tsx [Client Component Browser]
    ./apps/web/components/TopHeader.tsx [Client Component Browser]
    ./apps/web/components/TopHeader.tsx [Server Component]
    ./apps/web/app/layout.tsx [Server Component]

  Client Component SSR:
    ./apps/web/components/AssetDetails.tsx [Client Component SSR]
    ./apps/web/components/GlobalSearch.tsx [Client Component SSR]
    ./apps/web/components/TopHeader.tsx [Client Component SSR]
    ./apps/web/components/TopHeader.tsx [Server Component]
    ./apps/web/app/layout.tsx [Server Component]

https://nextjs.org/docs/messages/module-not-found


⨯ ./apps/web/components/AssetDetails.tsx:15:1
Error: Module not found: Can't resolve '@/components/AssetWebConsoleProfilePanel'
  [90m13 |[0m [36mimport[0m { [33mAssetAgentPanel[0m } [36mfrom[0m [32m"@/components/AssetAgentPanel"[0m;
  [90m14 |[0m [36mimport[0m { [33mAssetSnmpPanel[0m } [36mfrom[0m [32m"@/components/AssetSnmpPanel"[0m;
[31m[1m>[0m [90m15 |[0m [36mimport[0m { [33mAssetWebConsoleProfilePanel[0m } [36mfrom[0m [32m"@/components/AssetWebConsoleProfilePanel"[0m;
  [90m   |[0m [31m[1m^^^^^^^^^^^^^^^^^^^^^^^^^^^^^^^^^^^^^^^^^^^^^^^^^^^^^^^^^^^^^^^^^^^^^^^^^^^^^^^^^^^^^^^[0m
  [90m16 |[0m [36mimport[0m styles [36mfrom[0m [32m"./AssetDetails.module.css"[0m;
  [90m17 |[0m
  [90m18 |[0m [36mtype[0m [33mDict[0m = ([36mtypeof[0m translations)[[32m"tr"[0m];

Import map: aliased to relative './components/AssetWebConsoleProfilePanel' inside of [project]/apps/web


Import traces:
  Client Component Browser:
    ./apps/web/components/AssetDetails.tsx [Client Component Browser]
    ./apps/web/components/GlobalSearch.tsx [Client Component Browser]
    ./apps/web/components/TopHeader.tsx [Client Component Browser]
    ./apps/web/components/TopHeader.tsx [Server Component]
    ./apps/web/app/layout.tsx [Server Component]

  Client Component SSR:
    ./apps/web/components/AssetDetails.tsx [Client Component SSR]
    ./apps/web/components/GlobalSearch.tsx [Client Component SSR]
    ./apps/web/components/TopHeader.tsx [Client Component SSR]
    ./apps/web/components/TopHeader.tsx [Server Component]
    ./apps/web/app/layout.tsx [Server Component]

https://nextjs.org/docs/messages/module-not-found


⨯ ./apps/web/components/AssetDetails.tsx:15:1
Error: Module not found: Can't resolve '@/components/AssetWebConsoleProfilePanel'
  [90m13 |[0m [36mimport[0m { [33mAssetAgentPanel[0m } [36mfrom[0m [32m"@/components/AssetAgentPanel"[0m;
  [90m14 |[0m [36mimport[0m { [33mAssetSnmpPanel[0m } [36mfrom[0m [32m"@/components/AssetSnmpPanel"[0m;
[31m[1m>[0m [90m15 |[0m [36mimport[0m { [33mAssetWebConsoleProfilePanel[0m } [36mfrom[0m [32m"@/components/AssetWebConsoleProfilePanel"[0m;
  [90m   |[0m [31m[1m^^^^^^^^^^^^^^^^^^^^^^^^^^^^^^^^^^^^^^^^^^^^^^^^^^^^^^^^^^^^^^^^^^^^^^^^^^^^^^^^^^^^^^^[0m
  [90m16 |[0m [36mimport[0m styles [36mfrom[0m [32m"./AssetDetails.module.css"[0m;
  [90m17 |[0m
  [90m18 |[0m [36mtype[0m [33mDict[0m = ([36mtypeof[0m translations)[[32m"tr"[0m];

Import map: aliased to relative './components/AssetWebConsoleProfilePanel' inside of [project]/apps/web


Import traces:
  Client Component Browser:
    ./apps/web/components/AssetDetails.tsx [Client Component Browser]
    ./apps/web/components/GlobalSearch.tsx [Client Component Browser]
    ./apps/web/components/TopHeader.tsx [Client Component Browser]
    ./apps/web/components/TopHeader.tsx [Server Component]
    ./apps/web/app/layout.tsx [Server Component]

  Client Component SSR:
    ./apps/web/components/AssetDetails.tsx [Client Component SSR]
    ./apps/web/components/GlobalSearch.tsx [Client Component SSR]
    ./apps/web/components/TopHeader.tsx [Client Component SSR]
    ./apps/web/components/TopHeader.tsx [Server Component]
    ./apps/web/app/layout.tsx [Server Component]

https://nextjs.org/docs/messages/module-not-found


⨯ ./apps/web/components/AssetDetails.tsx:15:1
Error: Module not found: Can't resolve '@/components/AssetWebConsoleProfilePanel'
  [90m13 |[0m [36mimport[0m { [33mAssetAgentPanel[0m } [36mfrom[0m [32m"@/components/AssetAgentPanel"[0m;
  [90m14 |[0m [36mimport[0m { [33mAssetSnmpPanel[0m } [36mfrom[0m [32m"@/components/AssetSnmpPanel"[0m;
[31m[1m>[0m [90m15 |[0m [36mimport[0m { [33mAssetWebConsoleProfilePanel[0m } [36mfrom[0m [32m"@/components/AssetWebConsoleProfilePanel"[0m;
  [90m   |[0m [31m[1m^^^^^^^^^^^^^^^^^^^^^^^^^^^^^^^^^^^^^^^^^^^^^^^^^^^^^^^^^^^^^^^^^^^^^^^^^^^^^^^^^^^^^^^[0m
  [90m16 |[0m [36mimport[0m styles [36mfrom[0m [32m"./AssetDetails.module.css"[0m;
  [90m17 |[0m
  [90m18 |[0m [36mtype[0m [33mDict[0m = ([36mtypeof[0m translations)[[32m"tr"[0m];

Import map: aliased to relative './components/AssetWebConsoleProfilePanel' inside of [project]/apps/web


Import traces:
  Client Component Browser:
    ./apps/web/components/AssetDetails.tsx [Client Component Browser]
    ./apps/web/components/GlobalSearch.tsx [Client Component Browser]
    ./apps/web/components/TopHeader.tsx [Client Component Browser]
    ./apps/web/components/TopHeader.tsx [Server Component]
    ./apps/web/app/layout.tsx [Server Component]

  Client Component SSR:
    ./apps/web/components/AssetDetails.tsx [Client Component SSR]
    ./apps/web/components/GlobalSearch.tsx [Client Component SSR]
    ./apps/web/components/TopHeader.tsx [Client Component SSR]
    ./apps/web/components/TopHeader.tsx [Server Component]
    ./apps/web/app/layout.tsx [Server Component]

https://nextjs.org/docs/messages/module-not-found


⨯ ./apps/web/components/AssetDetails.tsx:15:1
Error: Module not found: Can't resolve '@/components/AssetWebConsoleProfilePanel'
  [90m13 |[0m [36mimport[0m { [33mAssetAgentPanel[0m } [36mfrom[0m [32m"@/components/AssetAgentPanel"[0m;
  [90m14 |[0m [36mimport[0m { [33mAssetSnmpPanel[0m } [36mfrom[0m [32m"@/components/AssetSnmpPanel"[0m;
[31m[1m>[0m [90m15 |[0m [36mimport[0m { [33mAssetWebConsoleProfilePanel[0m } [36mfrom[0m [32m"@/components/AssetWebConsoleProfilePanel"[0m;
  [90m   |[0m [31m[1m^^^^^^^^^^^^^^^^^^^^^^^^^^^^^^^^^^^^^^^^^^^^^^^^^^^^^^^^^^^^^^^^^^^^^^^^^^^^^^^^^^^^^^^[0m
  [90m16 |[0m [36mimport[0m styles [36mfrom[0m [32m"./AssetDetails.module.css"[0m;
  [90m17 |[0m
  [90m18 |[0m [36mtype[0m [33mDict[0m = ([36mtypeof[0m translations)[[32m"tr"[0m];

Import map: aliased to relative './components/AssetWebConsoleProfilePanel' inside of [project]/apps/web


Import traces:
  Client Component Browser:
    ./apps/web/components/AssetDetails.tsx [Client Component Browser]
    ./apps/web/components/GlobalSearch.tsx [Client Component Browser]
    ./apps/web/components/TopHeader.tsx [Client Component Browser]
    ./apps/web/components/TopHeader.tsx [Server Component]
    ./apps/web/app/layout.tsx [Server Component]

  Client Component SSR:
    ./apps/web/components/AssetDetails.tsx [Client Component SSR]
    ./apps/web/components/GlobalSearch.tsx [Client Component SSR]
    ./apps/web/components/TopHeader.tsx [Client Component SSR]
    ./apps/web/components/TopHeader.tsx [Server Component]
    ./apps/web/app/layout.tsx [Server Component]

https://nextjs.org/docs/messages/module-not-found


⨯ ./apps/web/components/AssetDetails.tsx:15:1
Error: Module not found: Can't resolve '@/components/AssetWebConsoleProfilePanel'
  [90m13 |[0m [36mimport[0m { [33mAssetAgentPanel[0m } [36mfrom[0m [32m"@/components/AssetAgentPanel"[0m;
  [90m14 |[0m [36mimport[0m { [33mAssetSnmpPanel[0m } [36mfrom[0m [32m"@/components/AssetSnmpPanel"[0m;
[31m[1m>[0m [90m15 |[0m [36mimport[0m { [33mAssetWebConsoleProfilePanel[0m } [36mfrom[0m [32m"@/components/AssetWebConsoleProfilePanel"[0m;
  [90m   |[0m [31m[1m^^^^^^^^^^^^^^^^^^^^^^^^^^^^^^^^^^^^^^^^^^^^^^^^^^^^^^^^^^^^^^^^^^^^^^^^^^^^^^^^^^^^^^^[0m
  [90m16 |[0m [36mimport[0m styles [36mfrom[0m [32m"./AssetDetails.module.css"[0m;
  [90m17 |[0m
  [90m18 |[0m [36mtype[0m [33mDict[0m = ([36mtypeof[0m translations)[[32m"tr"[0m];

Import map: aliased to relative './components/AssetWebConsoleProfilePanel' inside of [project]/apps/web


Import traces:
  Client Component Browser:
    ./apps/web/components/AssetDetails.tsx [Client Component Browser]
    ./apps/web/components/GlobalSearch.tsx [Client Component Browser]
    ./apps/web/components/TopHeader.tsx [Client Component Browser]
    ./apps/web/components/TopHeader.tsx [Server Component]
    ./apps/web/app/layout.tsx [Server Component]

  Client Component SSR:
    ./apps/web/components/AssetDetails.tsx [Client Component SSR]
    ./apps/web/components/GlobalSearch.tsx [Client Component SSR]
    ./apps/web/components/TopHeader.tsx [Client Component SSR]
    ./apps/web/components/TopHeader.tsx [Server Component]
    ./apps/web/app/layout.tsx [Server Component]

https://nextjs.org/docs/messages/module-not-found


⨯ ./apps/web/components/AssetDetails.tsx:15:1
Error: Module not found: Can't resolve '@/components/AssetWebConsoleProfilePanel'
  [90m13 |[0m [36mimport[0m { [33mAssetAgentPanel[0m } [36mfrom[0m [32m"@/components/AssetAgentPanel"[0m;
  [90m14 |[0m [36mimport[0m { [33mAssetSnmpPanel[0m } [36mfrom[0m [32m"@/components/AssetSnmpPanel"[0m;
[31m[1m>[0m [90m15 |[0m [36mimport[0m { [33mAssetWebConsoleProfilePanel[0m } [36mfrom[0m [32m"@/components/AssetWebConsoleProfilePanel"[0m;
  [90m   |[0m [31m[1m^^^^^^^^^^^^^^^^^^^^^^^^^^^^^^^^^^^^^^^^^^^^^^^^^^^^^^^^^^^^^^^^^^^^^^^^^^^^^^^^^^^^^^^[0m
  [90m16 |[0m [36mimport[0m styles [36mfrom[0m [32m"./AssetDetails.module.css"[0m;
  [90m17 |[0m
  [90m18 |[0m [36mtype[0m [33mDict[0m = ([36mtypeof[0m translations)[[32m"tr"[0m];

Import map: aliased to relative './components/AssetWebConsoleProfilePanel' inside of [project]/apps/web


Import traces:
  Client Component Browser:
    ./apps/web/components/AssetDetails.tsx [Client Component Browser]
    ./apps/web/components/GlobalSearch.tsx [Client Component Browser]
    ./apps/web/components/TopHeader.tsx [Client Component Browser]
    ./apps/web/components/TopHeader.tsx [Server Component]
    ./apps/web/app/layout.tsx [Server Component]

  Client Component SSR:
    ./apps/web/components/AssetDetails.tsx [Client Component SSR]
    ./apps/web/components/GlobalSearch.tsx [Client Component SSR]
    ./apps/web/components/TopHeader.tsx [Client Component SSR]
    ./apps/web/components/TopHeader.tsx [Server Component]
    ./apps/web/app/layout.tsx [Server Component]

https://nextjs.org/docs/messages/module-not-found


⨯ ./apps/web/components/AssetDetails.tsx:15:1
Error: Module not found: Can't resolve '@/components/AssetWebConsoleProfilePanel'
  [90m13 |[0m [36mimport[0m { [33mAssetAgentPanel[0m } [36mfrom[0m [32m"@/components/AssetAgentPanel"[0m;
  [90m14 |[0m [36mimport[0m { [33mAssetSnmpPanel[0m } [36mfrom[0m [32m"@/components/AssetSnmpPanel"[0m;
[31m[1m>[0m [90m15 |[0m [36mimport[0m { [33mAssetWebConsoleProfilePanel[0m } [36mfrom[0m [32m"@/components/AssetWebConsoleProfilePanel"[0m;
  [90m   |[0m [31m[1m^^^^^^^^^^^^^^^^^^^^^^^^^^^^^^^^^^^^^^^^^^^^^^^^^^^^^^^^^^^^^^^^^^^^^^^^^^^^^^^^^^^^^^^[0m
  [90m16 |[0m [36mimport[0m styles [36mfrom[0m [32m"./AssetDetails.module.css"[0m;
  [90m17 |[0m
  [90m18 |[0m [36mtype[0m [33mDict[0m = ([36mtypeof[0m translations)[[32m"tr"[0m];

Import map: aliased to relative './components/AssetWebConsoleProfilePanel' inside of [project]/apps/web


Import traces:
  Client Component Browser:
    ./apps/web/components/AssetDetails.tsx [Client Component Browser]
    ./apps/web/components/GlobalSearch.tsx [Client Component Browser]
    ./apps/web/components/TopHeader.tsx [Client Component Browser]
    ./apps/web/components/TopHeader.tsx [Server Component]
    ./apps/web/app/layout.tsx [Server Component]

  Client Component SSR:
    ./apps/web/components/AssetDetails.tsx [Client Component SSR]
    ./apps/web/components/GlobalSearch.tsx [Client Component SSR]
    ./apps/web/components/TopHeader.tsx [Client Component SSR]
    ./apps/web/components/TopHeader.tsx [Server Component]
    ./apps/web/app/layout.tsx [Server Component]

https://nextjs.org/docs/messages/module-not-found


⨯ ./apps/web/components/AssetDetails.tsx:15:1
Error: Module not found: Can't resolve '@/components/AssetWebConsoleProfilePanel'
  [90m13 |[0m [36mimport[0m { [33mAssetAgentPanel[0m } [36mfrom[0m [32m"@/components/AssetAgentPanel"[0m;
  [90m14 |[0m [36mimport[0m { [33mAssetSnmpPanel[0m } [36mfrom[0m [32m"@/components/AssetSnmpPanel"[0m;
[31m[1m>[0m [90m15 |[0m [36mimport[0m { [33mAssetWebConsoleProfilePanel[0m } [36mfrom[0m [32m"@/components/AssetWebConsoleProfilePanel"[0m;
  [90m   |[0m [31m[1m^^^^^^^^^^^^^^^^^^^^^^^^^^^^^^^^^^^^^^^^^^^^^^^^^^^^^^^^^^^^^^^^^^^^^^^^^^^^^^^^^^^^^^^[0m
  [90m16 |[0m [36mimport[0m styles [36mfrom[0m [32m"./AssetDetails.module.css"[0m;
  [90m17 |[0m
  [90m18 |[0m [36mtype[0m [33mDict[0m = ([36mtypeof[0m translations)[[32m"tr"[0m];

Import map: aliased to relative './components/AssetWebConsoleProfilePanel' inside of [project]/apps/web


Import traces:
  Client Component Browser:
    ./apps/web/components/AssetDetails.tsx [Client Component Browser]
    ./apps/web/components/GlobalSearch.tsx [Client Component Browser]
    ./apps/web/components/TopHeader.tsx [Client Component Browser]
    ./apps/web/components/TopHeader.tsx [Server Component]
    ./apps/web/app/layout.tsx [Server Component]

  Client Component SSR:
    ./apps/web/components/AssetDetails.tsx [Client Component SSR]
    ./apps/web/components/GlobalSearch.tsx [Client Component SSR]
    ./apps/web/components/TopHeader.tsx [Client Component SSR]
    ./apps/web/components/TopHeader.tsx [Server Component]
    ./apps/web/app/layout.tsx [Server Component]

https://nextjs.org/docs/messages/module-not-found


⨯ ./apps/web/components/AssetDetails.tsx:15:1
Error: Module not found: Can't resolve '@/components/AssetWebConsoleProfilePanel'
  [90m13 |[0m [36mimport[0m { [33mAssetAgentPanel[0m } [36mfrom[0m [32m"@/components/AssetAgentPanel"[0m;
  [90m14 |[0m [36mimport[0m { [33mAssetSnmpPanel[0m } [36mfrom[0m [32m"@/components/AssetSnmpPanel"[0m;
[31m[1m>[0m [90m15 |[0m [36mimport[0m { [33mAssetWebConsoleProfilePanel[0m } [36mfrom[0m [32m"@/components/AssetWebConsoleProfilePanel"[0m;
  [90m   |[0m [31m[1m^^^^^^^^^^^^^^^^^^^^^^^^^^^^^^^^^^^^^^^^^^^^^^^^^^^^^^^^^^^^^^^^^^^^^^^^^^^^^^^^^^^^^^^[0m
  [90m16 |[0m [36mimport[0m styles [36mfrom[0m [32m"./AssetDetails.module.css"[0m;
  [90m17 |[0m
  [90m18 |[0m [36mtype[0m [33mDict[0m = ([36mtypeof[0m translations)[[32m"tr"[0m];

Import map: aliased to relative './components/AssetWebConsoleProfilePanel' inside of [project]/apps/web


Import traces:
  Client Component Browser:
    ./apps/web/components/AssetDetails.tsx [Client Component Browser]
    ./apps/web/components/GlobalSearch.tsx [Client Component Browser]
    ./apps/web/components/TopHeader.tsx [Client Component Browser]
    ./apps/web/components/TopHeader.tsx [Server Component]
    ./apps/web/app/layout.tsx [Server Component]

  Client Component SSR:
    ./apps/web/components/AssetDetails.tsx [Client Component SSR]
    ./apps/web/components/GlobalSearch.tsx [Client Component SSR]
    ./apps/web/components/TopHeader.tsx [Client Component SSR]
    ./apps/web/components/TopHeader.tsx [Server Component]
    ./apps/web/app/layout.tsx [Server Component]

https://nextjs.org/docs/messages/module-not-found


⨯ ./apps/web/components/AssetDetails.tsx:15:1
Error: Module not found: Can't resolve '@/components/AssetWebConsoleProfilePanel'
  [90m13 |[0m [36mimport[0m { [33mAssetAgentPanel[0m } [36mfrom[0m [32m"@/components/AssetAgentPanel"[0m;
  [90m14 |[0m [36mimport[0m { [33mAssetSnmpPanel[0m } [36mfrom[0m [32m"@/components/AssetSnmpPanel"[0m;
[31m[1m>[0m [90m15 |[0m [36mimport[0m { [33mAssetWebConsoleProfilePanel[0m } [36mfrom[0m [32m"@/components/AssetWebConsoleProfilePanel"[0m;
  [90m   |[0m [31m[1m^^^^^^^^^^^^^^^^^^^^^^^^^^^^^^^^^^^^^^^^^^^^^^^^^^^^^^^^^^^^^^^^^^^^^^^^^^^^^^^^^^^^^^^[0m
  [90m16 |[0m [36mimport[0m styles [36mfrom[0m [32m"./AssetDetails.module.css"[0m;
  [90m17 |[0m
  [90m18 |[0m [36mtype[0m [33mDict[0m = ([36mtypeof[0m translations)[[32m"tr"[0m];

Import map: aliased to relative './components/AssetWebConsoleProfilePanel' inside of [project]/apps/web


Import traces:
  Client Component Browser:
    ./apps/web/components/AssetDetails.tsx [Client Component Browser]
    ./apps/web/components/GlobalSearch.tsx [Client Component Browser]
    ./apps/web/components/TopHeader.tsx [Client Component Browser]
    ./apps/web/components/TopHeader.tsx [Server Component]
    ./apps/web/app/layout.tsx [Server Component]

  Client Component SSR:
    ./apps/web/components/AssetDetails.tsx [Client Component SSR]
    ./apps/web/components/GlobalSearch.tsx [Client Component SSR]
    ./apps/web/components/TopHeader.tsx [Client Component SSR]
    ./apps/web/components/TopHeader.tsx [Server Component]
    ./apps/web/app/layout.tsx [Server Component]

https://nextjs.org/docs/messages/module-not-found


⨯ ./apps/web/components/AssetDetails.tsx:15:1
Error: Module not found: Can't resolve '@/components/AssetWebConsoleProfilePanel'
  [90m13 |[0m [36mimport[0m { [33mAssetAgentPanel[0m } [36mfrom[0m [32m"@/components/AssetAgentPanel"[0m;
  [90m14 |[0m [36mimport[0m { [33mAssetSnmpPanel[0m } [36mfrom[0m [32m"@/components/AssetSnmpPanel"[0m;
[31m[1m>[0m [90m15 |[0m [36mimport[0m { [33mAssetWebConsoleProfilePanel[0m } [36mfrom[0m [32m"@/components/AssetWebConsoleProfilePanel"[0m;
  [90m   |[0m [31m[1m^^^^^^^^^^^^^^^^^^^^^^^^^^^^^^^^^^^^^^^^^^^^^^^^^^^^^^^^^^^^^^^^^^^^^^^^^^^^^^^^^^^^^^^[0m
  [90m16 |[0m [36mimport[0m styles [36mfrom[0m [32m"./AssetDetails.module.css"[0m;
  [90m17 |[0m
  [90m18 |[0m [36mtype[0m [33mDict[0m = ([36mtypeof[0m translations)[[32m"tr"[0m];

Import map: aliased to relative './components/AssetWebConsoleProfilePanel' inside of [project]/apps/web


Import traces:
  Client Component Browser:
    ./apps/web/components/AssetDetails.tsx [Client Component Browser]
    ./apps/web/components/GlobalSearch.tsx [Client Component Browser]
    ./apps/web/components/TopHeader.tsx [Client Component Browser]
    ./apps/web/components/TopHeader.tsx [Server Component]
    ./apps/web/app/layout.tsx [Server Component]

  Client Component SSR:
    ./apps/web/components/AssetDetails.tsx [Client Component SSR]
    ./apps/web/components/GlobalSearch.tsx [Client Component SSR]
    ./apps/web/components/TopHeader.tsx [Client Component SSR]
    ./apps/web/components/TopHeader.tsx [Server Component]
    ./apps/web/app/layout.tsx [Server Component]

https://nextjs.org/docs/messages/module-not-found


⨯ ./apps/web/components/AssetDetails.tsx:15:1
Error: Module not found: Can't resolve '@/components/AssetWebConsoleProfilePanel'
  [90m13 |[0m [36mimport[0m { [33mAssetAgentPanel[0m } [36mfrom[0m [32m"@/components/AssetAgentPanel"[0m;
  [90m14 |[0m [36mimport[0m { [33mAssetSnmpPanel[0m } [36mfrom[0m [32m"@/components/AssetSnmpPanel"[0m;
[31m[1m>[0m [90m15 |[0m [36mimport[0m { [33mAssetWebConsoleProfilePanel[0m } [36mfrom[0m [32m"@/components/AssetWebConsoleProfilePanel"[0m;
  [90m   |[0m [31m[1m^^^^^^^^^^^^^^^^^^^^^^^^^^^^^^^^^^^^^^^^^^^^^^^^^^^^^^^^^^^^^^^^^^^^^^^^^^^^^^^^^^^^^^^[0m
  [90m16 |[0m [36mimport[0m styles [36mfrom[0m [32m"./AssetDetails.module.css"[0m;
  [90m17 |[0m
  [90m18 |[0m [36mtype[0m [33mDict[0m = ([36mtypeof[0m translations)[[32m"tr"[0m];

Import map: aliased to relative './components/AssetWebConsoleProfilePanel' inside of [project]/apps/web


Import traces:
  Client Component Browser:
    ./apps/web/components/AssetDetails.tsx [Client Component Browser]
    ./apps/web/components/GlobalSearch.tsx [Client Component Browser]
    ./apps/web/components/TopHeader.tsx [Client Component Browser]
    ./apps/web/components/TopHeader.tsx [Server Component]
    ./apps/web/app/layout.tsx [Server Component]

  Client Component SSR:
    ./apps/web/components/AssetDetails.tsx [Client Component SSR]
    ./apps/web/components/GlobalSearch.tsx [Client Component SSR]
    ./apps/web/components/TopHeader.tsx [Client Component SSR]
    ./apps/web/components/TopHeader.tsx [Server Component]
    ./apps/web/app/layout.tsx [Server Component]

https://nextjs.org/docs/messages/module-not-found


⨯ ./apps/web/components/AssetDetails.tsx:15:1
Error: Module not found: Can't resolve '@/components/AssetWebConsoleProfilePanel'
  [90m13 |[0m [36mimport[0m { [33mAssetAgentPanel[0m } [36mfrom[0m [32m"@/components/AssetAgentPanel"[0m;
  [90m14 |[0m [36mimport[0m { [33mAssetSnmpPanel[0m } [36mfrom[0m [32m"@/components/AssetSnmpPanel"[0m;
[31m[1m>[0m [90m15 |[0m [36mimport[0m { [33mAssetWebConsoleProfilePanel[0m } [36mfrom[0m [32m"@/components/AssetWebConsoleProfilePanel"[0m;
  [90m   |[0m [31m[1m^^^^^^^^^^^^^^^^^^^^^^^^^^^^^^^^^^^^^^^^^^^^^^^^^^^^^^^^^^^^^^^^^^^^^^^^^^^^^^^^^^^^^^^[0m
  [90m16 |[0m [36mimport[0m styles [36mfrom[0m [32m"./AssetDetails.module.css"[0m;
  [90m17 |[0m
  [90m18 |[0m [36mtype[0m [33mDict[0m = ([36mtypeof[0m translations)[[32m"tr"[0m];

Import map: aliased to relative './components/AssetWebConsoleProfilePanel' inside of [project]/apps/web


Import traces:
  Client Component Browser:
    ./apps/web/components/AssetDetails.tsx [Client Component Browser]
    ./apps/web/components/GlobalSearch.tsx [Client Component Browser]
    ./apps/web/components/TopHeader.tsx [Client Component Browser]
    ./apps/web/components/TopHeader.tsx [Server Component]
    ./apps/web/app/layout.tsx [Server Component]

  Client Component SSR:
    ./apps/web/components/AssetDetails.tsx [Client Component SSR]
    ./apps/web/components/GlobalSearch.tsx [Client Component SSR]
    ./apps/web/components/TopHeader.tsx [Client Component SSR]
    ./apps/web/components/TopHeader.tsx [Server Component]
    ./apps/web/app/layout.tsx [Server Component]

https://nextjs.org/docs/messages/module-not-found


⨯ ./apps/web/components/AssetDetails.tsx:15:1
Error: Module not found: Can't resolve '@/components/AssetWebConsoleProfilePanel'
  [90m13 |[0m [36mimport[0m { [33mAssetAgentPanel[0m } [36mfrom[0m [32m"@/components/AssetAgentPanel"[0m;
  [90m14 |[0m [36mimport[0m { [33mAssetSnmpPanel[0m } [36mfrom[0m [32m"@/components/AssetSnmpPanel"[0m;
[31m[1m>[0m [90m15 |[0m [36mimport[0m { [33mAssetWebConsoleProfilePanel[0m } [36mfrom[0m [32m"@/components/AssetWebConsoleProfilePanel"[0m;
  [90m   |[0m [31m[1m^^^^^^^^^^^^^^^^^^^^^^^^^^^^^^^^^^^^^^^^^^^^^^^^^^^^^^^^^^^^^^^^^^^^^^^^^^^^^^^^^^^^^^^[0m
  [90m16 |[0m [36mimport[0m styles [36mfrom[0m [32m"./AssetDetails.module.css"[0m;
  [90m17 |[0m
  [90m18 |[0m [36mtype[0m [33mDict[0m = ([36mtypeof[0m translations)[[32m"tr"[0m];

Import map: aliased to relative './components/AssetWebConsoleProfilePanel' inside of [project]/apps/web


Import traces:
  Client Component Browser:
    ./apps/web/components/AssetDetails.tsx [Client Component Browser]
    ./apps/web/components/GlobalSearch.tsx [Client Component Browser]
    ./apps/web/components/TopHeader.tsx [Client Component Browser]
    ./apps/web/components/TopHeader.tsx [Server Component]
    ./apps/web/app/layout.tsx [Server Component]

  Client Component SSR:
    ./apps/web/components/AssetDetails.tsx [Client Component SSR]
    ./apps/web/components/GlobalSearch.tsx [Client Component SSR]
    ./apps/web/components/TopHeader.tsx [Client Component SSR]
    ./apps/web/components/TopHeader.tsx [Server Component]
    ./apps/web/app/layout.tsx [Server Component]

https://nextjs.org/docs/messages/module-not-found


⨯ ./apps/web/components/AssetDetails.tsx:15:1
Error: Module not found: Can't resolve '@/components/AssetWebConsoleProfilePanel'
  [90m13 |[0m [36mimport[0m { [33mAssetAgentPanel[0m } [36mfrom[0m [32m"@/components/AssetAgentPanel"[0m;
  [90m14 |[0m [36mimport[0m { [33mAssetSnmpPanel[0m } [36mfrom[0m [32m"@/components/AssetSnmpPanel"[0m;
[31m[1m>[0m [90m15 |[0m [36mimport[0m { [33mAssetWebConsoleProfilePanel[0m } [36mfrom[0m [32m"@/components/AssetWebConsoleProfilePanel"[0m;
  [90m   |[0m [31m[1m^^^^^^^^^^^^^^^^^^^^^^^^^^^^^^^^^^^^^^^^^^^^^^^^^^^^^^^^^^^^^^^^^^^^^^^^^^^^^^^^^^^^^^^[0m
  [90m16 |[0m [36mimport[0m styles [36mfrom[0m [32m"./AssetDetails.module.css"[0m;
  [90m17 |[0m
  [90m18 |[0m [36mtype[0m [33mDict[0m = ([36mtypeof[0m translations)[[32m"tr"[0m];

Import map: aliased to relative './components/AssetWebConsoleProfilePanel' inside of [project]/apps/web


Import traces:
  Client Component Browser:
    ./apps/web/components/AssetDetails.tsx [Client Component Browser]
    ./apps/web/components/GlobalSearch.tsx [Client Component Browser]
    ./apps/web/components/TopHeader.tsx [Client Component Browser]
    ./apps/web/components/TopHeader.tsx [Server Component]
    ./apps/web/app/layout.tsx [Server Component]

  Client Component SSR:
    ./apps/web/components/AssetDetails.tsx [Client Component SSR]
    ./apps/web/components/GlobalSearch.tsx [Client Component SSR]
    ./apps/web/components/TopHeader.tsx [Client Component SSR]
    ./apps/web/components/TopHeader.tsx [Server Component]
    ./apps/web/app/layout.tsx [Server Component]

https://nextjs.org/docs/messages/module-not-found


⨯ ./apps/web/components/AssetDetails.tsx:15:1
Error: Module not found: Can't resolve '@/components/AssetWebConsoleProfilePanel'
  [90m13 |[0m [36mimport[0m { [33mAssetAgentPanel[0m } [36mfrom[0m [32m"@/components/AssetAgentPanel"[0m;
  [90m14 |[0m [36mimport[0m { [33mAssetSnmpPanel[0m } [36mfrom[0m [32m"@/components/AssetSnmpPanel"[0m;
[31m[1m>[0m [90m15 |[0m [36mimport[0m { [33mAssetWebConsoleProfilePanel[0m } [36mfrom[0m [32m"@/components/AssetWebConsoleProfilePanel"[0m;
  [90m   |[0m [31m[1m^^^^^^^^^^^^^^^^^^^^^^^^^^^^^^^^^^^^^^^^^^^^^^^^^^^^^^^^^^^^^^^^^^^^^^^^^^^^^^^^^^^^^^^[0m
  [90m16 |[0m [36mimport[0m styles [36mfrom[0m [32m"./AssetDetails.module.css"[0m;
  [90m17 |[0m
  [90m18 |[0m [36mtype[0m [33mDict[0m = ([36mtypeof[0m translations)[[32m"tr"[0m];

Import map: aliased to relative './components/AssetWebConsoleProfilePanel' inside of [project]/apps/web


Import traces:
  Client Component Browser:
    ./apps/web/components/AssetDetails.tsx [Client Component Browser]
    ./apps/web/components/GlobalSearch.tsx [Client Component Browser]
    ./apps/web/components/TopHeader.tsx [Client Component Browser]
    ./apps/web/components/TopHeader.tsx [Server Component]
    ./apps/web/app/layout.tsx [Server Component]

  Client Component SSR:
    ./apps/web/components/AssetDetails.tsx [Client Component SSR]
    ./apps/web/components/GlobalSearch.tsx [Client Component SSR]
    ./apps/web/components/TopHeader.tsx [Client Component SSR]
    ./apps/web/components/TopHeader.tsx [Server Component]
    ./apps/web/app/layout.tsx [Server Component]

https://nextjs.org/docs/messages/module-not-found


⨯ ./apps/web/components/AssetDetails.tsx:15:1
Error: Module not found: Can't resolve '@/components/AssetWebConsoleProfilePanel'
  [90m13 |[0m [36mimport[0m { [33mAssetAgentPanel[0m } [36mfrom[0m [32m"@/components/AssetAgentPanel"[0m;
  [90m14 |[0m [36mimport[0m { [33mAssetSnmpPanel[0m } [36mfrom[0m [32m"@/components/AssetSnmpPanel"[0m;
[31m[1m>[0m [90m15 |[0m [36mimport[0m { [33mAssetWebConsoleProfilePanel[0m } [36mfrom[0m [32m"@/components/AssetWebConsoleProfilePanel"[0m;
  [90m   |[0m [31m[1m^^^^^^^^^^^^^^^^^^^^^^^^^^^^^^^^^^^^^^^^^^^^^^^^^^^^^^^^^^^^^^^^^^^^^^^^^^^^^^^^^^^^^^^[0m
  [90m16 |[0m [36mimport[0m styles [36mfrom[0m [32m"./AssetDetails.module.css"[0m;
  [90m17 |[0m
  [90m18 |[0m [36mtype[0m [33mDict[0m = ([36mtypeof[0m translations)[[32m"tr"[0m];

Import map: aliased to relative './components/AssetWebConsoleProfilePanel' inside of [project]/apps/web


Import traces:
  Client Component Browser:
    ./apps/web/components/AssetDetails.tsx [Client Component Browser]
    ./apps/web/components/GlobalSearch.tsx [Client Component Browser]
    ./apps/web/components/TopHeader.tsx [Client Component Browser]
    ./apps/web/components/TopHeader.tsx [Server Component]
    ./apps/web/app/layout.tsx [Server Component]

  Client Component SSR:
    ./apps/web/components/AssetDetails.tsx [Client Component SSR]
    ./apps/web/components/GlobalSearch.tsx [Client Component SSR]
    ./apps/web/components/TopHeader.tsx [Client Component SSR]
    ./apps/web/components/TopHeader.tsx [Server Component]
    ./apps/web/app/layout.tsx [Server Component]

https://nextjs.org/docs/messages/module-not-found


⨯ ./apps/web/components/AssetDetails.tsx:15:1
Error: Module not found: Can't resolve '@/components/AssetWebConsoleProfilePanel'
  [90m13 |[0m [36mimport[0m { [33mAssetAgentPanel[0m } [36mfrom[0m [32m"@/components/AssetAgentPanel"[0m;
  [90m14 |[0m [36mimport[0m { [33mAssetSnmpPanel[0m } [36mfrom[0m [32m"@/components/AssetSnmpPanel"[0m;
[31m[1m>[0m [90m15 |[0m [36mimport[0m { [33mAssetWebConsoleProfilePanel[0m } [36mfrom[0m [32m"@/components/AssetWebConsoleProfilePanel"[0m;
  [90m   |[0m [31m[1m^^^^^^^^^^^^^^^^^^^^^^^^^^^^^^^^^^^^^^^^^^^^^^^^^^^^^^^^^^^^^^^^^^^^^^^^^^^^^^^^^^^^^^^[0m
  [90m16 |[0m [36mimport[0m styles [36mfrom[0m [32m"./AssetDetails.module.css"[0m;
  [90m17 |[0m
  [90m18 |[0m [36mtype[0m [33mDict[0m = ([36mtypeof[0m translations)[[32m"tr"[0m];

Import map: aliased to relative './components/AssetWebConsoleProfilePanel' inside of [project]/apps/web


Import traces:
  Client Component Browser:
    ./apps/web/components/AssetDetails.tsx [Client Component Browser]
    ./apps/web/components/GlobalSearch.tsx [Client Component Browser]
    ./apps/web/components/TopHeader.tsx [Client Component Browser]
    ./apps/web/components/TopHeader.tsx [Server Component]
    ./apps/web/app/layout.tsx [Server Component]

  Client Component SSR:
    ./apps/web/components/AssetDetails.tsx [Client Component SSR]
    ./apps/web/components/GlobalSearch.tsx [Client Component SSR]
    ./apps/web/components/TopHeader.tsx [Client Component SSR]
    ./apps/web/components/TopHeader.tsx [Server Component]
    ./apps/web/app/layout.tsx [Server Component]

https://nextjs.org/docs/messages/module-not-found


⨯ ./apps/web/components/AssetDetails.tsx:15:1
Error: Module not found: Can't resolve '@/components/AssetWebConsoleProfilePanel'
  [90m13 |[0m [36mimport[0m { [33mAssetAgentPanel[0m } [36mfrom[0m [32m"@/components/AssetAgentPanel"[0m;
  [90m14 |[0m [36mimport[0m { [33mAssetSnmpPanel[0m } [36mfrom[0m [32m"@/components/AssetSnmpPanel"[0m;
[31m[1m>[0m [90m15 |[0m [36mimport[0m { [33mAssetWebConsoleProfilePanel[0m } [36mfrom[0m [32m"@/components/AssetWebConsoleProfilePanel"[0m;
  [90m   |[0m [31m[1m^^^^^^^^^^^^^^^^^^^^^^^^^^^^^^^^^^^^^^^^^^^^^^^^^^^^^^^^^^^^^^^^^^^^^^^^^^^^^^^^^^^^^^^[0m
  [90m16 |[0m [36mimport[0m styles [36mfrom[0m [32m"./AssetDetails.module.css"[0m;
  [90m17 |[0m
  [90m18 |[0m [36mtype[0m [33mDict[0m = ([36mtypeof[0m translations)[[32m"tr"[0m];

Import map: aliased to relative './components/AssetWebConsoleProfilePanel' inside of [project]/apps/web


Import traces:
  Client Component Browser:
    ./apps/web/components/AssetDetails.tsx [Client Component Browser]
    ./apps/web/components/GlobalSearch.tsx [Client Component Browser]
    ./apps/web/components/TopHeader.tsx [Client Component Browser]
    ./apps/web/components/TopHeader.tsx [Server Component]
    ./apps/web/app/layout.tsx [Server Component]

  Client Component SSR:
    ./apps/web/components/AssetDetails.tsx [Client Component SSR]
    ./apps/web/components/GlobalSearch.tsx [Client Component SSR]
    ./apps/web/components/TopHeader.tsx [Client Component SSR]
    ./apps/web/components/TopHeader.tsx [Server Component]
    ./apps/web/app/layout.tsx [Server Component]

https://nextjs.org/docs/messages/module-not-found


⨯ ./apps/web/components/AssetDetails.tsx:15:1
Error: Module not found: Can't resolve '@/components/AssetWebConsoleProfilePanel'
  [90m13 |[0m [36mimport[0m { [33mAssetAgentPanel[0m } [36mfrom[0m [32m"@/components/AssetAgentPanel"[0m;
  [90m14 |[0m [36mimport[0m { [33mAssetSnmpPanel[0m } [36mfrom[0m [32m"@/components/AssetSnmpPanel"[0m;
[31m[1m>[0m [90m15 |[0m [36mimport[0m { [33mAssetWebConsoleProfilePanel[0m } [36mfrom[0m [32m"@/components/AssetWebConsoleProfilePanel"[0m;
  [90m   |[0m [31m[1m^^^^^^^^^^^^^^^^^^^^^^^^^^^^^^^^^^^^^^^^^^^^^^^^^^^^^^^^^^^^^^^^^^^^^^^^^^^^^^^^^^^^^^^[0m
  [90m16 |[0m [36mimport[0m styles [36mfrom[0m [32m"./AssetDetails.module.css"[0m;
  [90m17 |[0m
  [90m18 |[0m [36mtype[0m [33mDict[0m = ([36mtypeof[0m translations)[[32m"tr"[0m];

Import map: aliased to relative './components/AssetWebConsoleProfilePanel' inside of [project]/apps/web


Import traces:
  Client Component Browser:
    ./apps/web/components/AssetDetails.tsx [Client Component Browser]
    ./apps/web/components/GlobalSearch.tsx [Client Component Browser]
    ./apps/web/components/TopHeader.tsx [Client Component Browser]
    ./apps/web/components/TopHeader.tsx [Server Component]
    ./apps/web/app/layout.tsx [Server Component]

  Client Component SSR:
    ./apps/web/components/AssetDetails.tsx [Client Component SSR]
    ./apps/web/components/GlobalSearch.tsx [Client Component SSR]
    ./apps/web/components/TopHeader.tsx [Client Component SSR]
    ./apps/web/components/TopHeader.tsx [Server Component]
    ./apps/web/app/layout.tsx [Server Component]

https://nextjs.org/docs/messages/module-not-found


⨯ ./apps/web/components/AssetDetails.tsx:15:1
Error: Module not found: Can't resolve '@/components/AssetWebConsoleProfilePanel'
  [90m13 |[0m [36mimport[0m { [33mAssetAgentPanel[0m } [36mfrom[0m [32m"@/components/AssetAgentPanel"[0m;
  [90m14 |[0m [36mimport[0m { [33mAssetSnmpPanel[0m } [36mfrom[0m [32m"@/components/AssetSnmpPanel"[0m;
[31m[1m>[0m [90m15 |[0m [36mimport[0m { [33mAssetWebConsoleProfilePanel[0m } [36mfrom[0m [32m"@/components/AssetWebConsoleProfilePanel"[0m;
  [90m   |[0m [31m[1m^^^^^^^^^^^^^^^^^^^^^^^^^^^^^^^^^^^^^^^^^^^^^^^^^^^^^^^^^^^^^^^^^^^^^^^^^^^^^^^^^^^^^^^[0m
  [90m16 |[0m [36mimport[0m styles [36mfrom[0m [32m"./AssetDetails.module.css"[0m;
  [90m17 |[0m
  [90m18 |[0m [36mtype[0m [33mDict[0m = ([36mtypeof[0m translations)[[32m"tr"[0m];

Import map: aliased to relative './components/AssetWebConsoleProfilePanel' inside of [project]/apps/web


Import traces:
  Client Component Browser:
    ./apps/web/components/AssetDetails.tsx [Client Component Browser]
    ./apps/web/components/GlobalSearch.tsx [Client Component Browser]
    ./apps/web/components/TopHeader.tsx [Client Component Browser]
    ./apps/web/components/TopHeader.tsx [Server Component]
    ./apps/web/app/layout.tsx [Server Component]

  Client Component SSR:
    ./apps/web/components/AssetDetails.tsx [Client Component SSR]
    ./apps/web/components/GlobalSearch.tsx [Client Component SSR]
    ./apps/web/components/TopHeader.tsx [Client Component SSR]
    ./apps/web/components/TopHeader.tsx [Server Component]
    ./apps/web/app/layout.tsx [Server Component]

https://nextjs.org/docs/messages/module-not-found


✓ Compiled in 873ms
⨯ ./apps/web/components/AssetDetails.tsx:15:1
Error: Module not found: Can't resolve '@/components/AssetWebConsoleProfilePanel'
  [90m13 |[0m [36mimport[0m { [33mAssetAgentPanel[0m } [36mfrom[0m [32m"@/components/AssetAgentPanel"[0m;
  [90m14 |[0m [36mimport[0m { [33mAssetSnmpPanel[0m } [36mfrom[0m [32m"@/components/AssetSnmpPanel"[0m;
[31m[1m>[0m [90m15 |[0m [36mimport[0m { [33mAssetWebConsoleProfilePanel[0m } [36mfrom[0m [32m"@/components/AssetWebConsoleProfilePanel"[0m;
  [90m   |[0m [31m[1m^^^^^^^^^^^^^^^^^^^^^^^^^^^^^^^^^^^^^^^^^^^^^^^^^^^^^^^^^^^^^^^^^^^^^^^^^^^^^^^^^^^^^^^[0m
  [90m16 |[0m [36mimport[0m styles [36mfrom[0m [32m"./AssetDetails.module.css"[0m;
  [90m17 |[0m
  [90m18 |[0m [36mtype[0m [33mDict[0m = ([36mtypeof[0m translations)[[32m"tr"[0m];

Import map: aliased to relative './components/AssetWebConsoleProfilePanel' inside of [project]/apps/web


Import traces:
  Client Component Browser:
    ./apps/web/components/AssetDetails.tsx [Client Component Browser]
    ./apps/web/components/GlobalSearch.tsx [Client Component Browser]
    ./apps/web/components/TopHeader.tsx [Client Component Browser]
    ./apps/web/components/TopHeader.tsx [Server Component]
    ./apps/web/app/layout.tsx [Server Component]

  Client Component SSR:
    ./apps/web/components/AssetDetails.tsx [Client Component SSR]
    ./apps/web/components/GlobalSearch.tsx [Client Component SSR]
    ./apps/web/components/TopHeader.tsx [Client Component SSR]
    ./apps/web/components/TopHeader.tsx [Server Component]
    ./apps/web/app/layout.tsx [Server Component]

https://nextjs.org/docs/messages/module-not-found


⨯ ./apps/web/components/AssetDetails.tsx:15:1
Error: Module not found: Can't resolve '@/components/AssetWebConsoleProfilePanel'
  [90m13 |[0m [36mimport[0m { [33mAssetAgentPanel[0m } [36mfrom[0m [32m"@/components/AssetAgentPanel"[0m;
  [90m14 |[0m [36mimport[0m { [33mAssetSnmpPanel[0m } [36mfrom[0m [32m"@/components/AssetSnmpPanel"[0m;
[31m[1m>[0m [90m15 |[0m [36mimport[0m { [33mAssetWebConsoleProfilePanel[0m } [36mfrom[0m [32m"@/components/AssetWebConsoleProfilePanel"[0m;
  [90m   |[0m [31m[1m^^^^^^^^^^^^^^^^^^^^^^^^^^^^^^^^^^^^^^^^^^^^^^^^^^^^^^^^^^^^^^^^^^^^^^^^^^^^^^^^^^^^^^^[0m
  [90m16 |[0m [36mimport[0m styles [36mfrom[0m [32m"./AssetDetails.module.css"[0m;
  [90m17 |[0m
  [90m18 |[0m [36mtype[0m [33mDict[0m = ([36mtypeof[0m translations)[[32m"tr"[0m];

Import map: aliased to relative './components/AssetWebConsoleProfilePanel' inside of [project]/apps/web


Import traces:
  Client Component Browser:
    ./apps/web/components/AssetDetails.tsx [Client Component Browser]
    ./apps/web/components/GlobalSearch.tsx [Client Component Browser]
    ./apps/web/components/TopHeader.tsx [Client Component Browser]
    ./apps/web/components/TopHeader.tsx [Server Component]
    ./apps/web/app/layout.tsx [Server Component]

  Client Component SSR:
    ./apps/web/components/AssetDetails.tsx [Client Component SSR]
    ./apps/web/components/GlobalSearch.tsx [Client Component SSR]
    ./apps/web/components/TopHeader.tsx [Client Component SSR]
    ./apps/web/components/TopHeader.tsx [Server Component]
    ./apps/web/app/layout.tsx [Server Component]

https://nextjs.org/docs/messages/module-not-found


⨯ ./apps/web/components/AssetDetails.tsx:15:1
Error: Module not found: Can't resolve '@/components/AssetWebConsoleProfilePanel'
  [90m13 |[0m [36mimport[0m { [33mAssetAgentPanel[0m } [36mfrom[0m [32m"@/components/AssetAgentPanel"[0m;
  [90m14 |[0m [36mimport[0m { [33mAssetSnmpPanel[0m } [36mfrom[0m [32m"@/components/AssetSnmpPanel"[0m;
[31m[1m>[0m [90m15 |[0m [36mimport[0m { [33mAssetWebConsoleProfilePanel[0m } [36mfrom[0m [32m"@/components/AssetWebConsoleProfilePanel"[0m;
  [90m   |[0m [31m[1m^^^^^^^^^^^^^^^^^^^^^^^^^^^^^^^^^^^^^^^^^^^^^^^^^^^^^^^^^^^^^^^^^^^^^^^^^^^^^^^^^^^^^^^[0m
  [90m16 |[0m [36mimport[0m styles [36mfrom[0m [32m"./AssetDetails.module.css"[0m;
  [90m17 |[0m
  [90m18 |[0m [36mtype[0m [33mDict[0m = ([36mtypeof[0m translations)[[32m"tr"[0m];

Import map: aliased to relative './components/AssetWebConsoleProfilePanel' inside of [project]/apps/web


Import traces:
  Client Component Browser:
    ./apps/web/components/AssetDetails.tsx [Client Component Browser]
    ./apps/web/components/GlobalSearch.tsx [Client Component Browser]
    ./apps/web/components/TopHeader.tsx [Client Component Browser]
    ./apps/web/components/TopHeader.tsx [Server Component]
    ./apps/web/app/layout.tsx [Server Component]

  Client Component SSR:
    ./apps/web/components/AssetDetails.tsx [Client Component SSR]
    ./apps/web/components/GlobalSearch.tsx [Client Component SSR]
    ./apps/web/components/TopHeader.tsx [Client Component SSR]
    ./apps/web/components/TopHeader.tsx [Server Component]
    ./apps/web/app/layout.tsx [Server Component]

https://nextjs.org/docs/messages/module-not-found


⨯ ./apps/web/components/AssetDetails.tsx:15:1
Error: Module not found: Can't resolve '@/components/AssetWebConsoleProfilePanel'
  [90m13 |[0m [36mimport[0m { [33mAssetAgentPanel[0m } [36mfrom[0m [32m"@/components/AssetAgentPanel"[0m;
  [90m14 |[0m [36mimport[0m { [33mAssetSnmpPanel[0m } [36mfrom[0m [32m"@/components/AssetSnmpPanel"[0m;
[31m[1m>[0m [90m15 |[0m [36mimport[0m { [33mAssetWebConsoleProfilePanel[0m } [36mfrom[0m [32m"@/components/AssetWebConsoleProfilePanel"[0m;
  [90m   |[0m [31m[1m^^^^^^^^^^^^^^^^^^^^^^^^^^^^^^^^^^^^^^^^^^^^^^^^^^^^^^^^^^^^^^^^^^^^^^^^^^^^^^^^^^^^^^^[0m
  [90m16 |[0m [36mimport[0m styles [36mfrom[0m [32m"./AssetDetails.module.css"[0m;
  [90m17 |[0m
  [90m18 |[0m [36mtype[0m [33mDict[0m = ([36mtypeof[0m translations)[[32m"tr"[0m];

Import map: aliased to relative './components/AssetWebConsoleProfilePanel' inside of [project]/apps/web


Import traces:
  Client Component Browser:
    ./apps/web/components/AssetDetails.tsx [Client Component Browser]
    ./apps/web/components/GlobalSearch.tsx [Client Component Browser]
    ./apps/web/components/TopHeader.tsx [Client Component Browser]
    ./apps/web/components/TopHeader.tsx [Server Component]
    ./apps/web/app/layout.tsx [Server Component]

  Client Component SSR:
    ./apps/web/components/AssetDetails.tsx [Client Component SSR]
    ./apps/web/components/GlobalSearch.tsx [Client Component SSR]
    ./apps/web/components/TopHeader.tsx [Client Component SSR]
    ./apps/web/components/TopHeader.tsx [Server Component]
    ./apps/web/app/layout.tsx [Server Component]

https://nextjs.org/docs/messages/module-not-found


⨯ ./apps/web/components/AssetDetails.tsx:15:1
Error: Module not found: Can't resolve '@/components/AssetWebConsoleProfilePanel'
  [90m13 |[0m [36mimport[0m { [33mAssetAgentPanel[0m } [36mfrom[0m [32m"@/components/AssetAgentPanel"[0m;
  [90m14 |[0m [36mimport[0m { [33mAssetSnmpPanel[0m } [36mfrom[0m [32m"@/components/AssetSnmpPanel"[0m;
[31m[1m>[0m [90m15 |[0m [36mimport[0m { [33mAssetWebConsoleProfilePanel[0m } [36mfrom[0m [32m"@/components/AssetWebConsoleProfilePanel"[0m;
  [90m   |[0m [31m[1m^^^^^^^^^^^^^^^^^^^^^^^^^^^^^^^^^^^^^^^^^^^^^^^^^^^^^^^^^^^^^^^^^^^^^^^^^^^^^^^^^^^^^^^[0m
  [90m16 |[0m [36mimport[0m styles [36mfrom[0m [32m"./AssetDetails.module.css"[0m;
  [90m17 |[0m
  [90m18 |[0m [36mtype[0m [33mDict[0m = ([36mtypeof[0m translations)[[32m"tr"[0m];

Import map: aliased to relative './components/AssetWebConsoleProfilePanel' inside of [project]/apps/web


Import traces:
  Client Component Browser:
    ./apps/web/components/AssetDetails.tsx [Client Component Browser]
    ./apps/web/components/GlobalSearch.tsx [Client Component Browser]
    ./apps/web/components/TopHeader.tsx [Client Component Browser]
    ./apps/web/components/TopHeader.tsx [Server Component]
    ./apps/web/app/layout.tsx [Server Component]

  Client Component SSR:
    ./apps/web/components/AssetDetails.tsx [Client Component SSR]
    ./apps/web/components/GlobalSearch.tsx [Client Component SSR]
    ./apps/web/components/TopHeader.tsx [Client Component SSR]
    ./apps/web/components/TopHeader.tsx [Server Component]
    ./apps/web/app/layout.tsx [Server Component]

https://nextjs.org/docs/messages/module-not-found


⨯ ./apps/web/components/AssetDetails.tsx:15:1
Error: Module not found: Can't resolve '@/components/AssetWebConsoleProfilePanel'
  [90m13 |[0m [36mimport[0m { [33mAssetAgentPanel[0m } [36mfrom[0m [32m"@/components/AssetAgentPanel"[0m;
  [90m14 |[0m [36mimport[0m { [33mAssetSnmpPanel[0m } [36mfrom[0m [32m"@/components/AssetSnmpPanel"[0m;
[31m[1m>[0m [90m15 |[0m [36mimport[0m { [33mAssetWebConsoleProfilePanel[0m } [36mfrom[0m [32m"@/components/AssetWebConsoleProfilePanel"[0m;
  [90m   |[0m [31m[1m^^^^^^^^^^^^^^^^^^^^^^^^^^^^^^^^^^^^^^^^^^^^^^^^^^^^^^^^^^^^^^^^^^^^^^^^^^^^^^^^^^^^^^^[0m
  [90m16 |[0m [36mimport[0m styles [36mfrom[0m [32m"./AssetDetails.module.css"[0m;
  [90m17 |[0m
  [90m18 |[0m [36mtype[0m [33mDict[0m = ([36mtypeof[0m translations)[[32m"tr"[0m];

Import map: aliased to relative './components/AssetWebConsoleProfilePanel' inside of [project]/apps/web


Import traces:
  Client Component Browser:
    ./apps/web/components/AssetDetails.tsx [Client Component Browser]
    ./apps/web/components/GlobalSearch.tsx [Client Component Browser]
    ./apps/web/components/TopHeader.tsx [Client Component Browser]
    ./apps/web/components/TopHeader.tsx [Server Component]
    ./apps/web/app/layout.tsx [Server Component]

  Client Component SSR:
    ./apps/web/components/AssetDetails.tsx [Client Component SSR]
    ./apps/web/components/GlobalSearch.tsx [Client Component SSR]
    ./apps/web/components/TopHeader.tsx [Client Component SSR]
    ./apps/web/components/TopHeader.tsx [Server Component]
    ./apps/web/app/layout.tsx [Server Component]

https://nextjs.org/docs/messages/module-not-found


⨯ ./apps/web/components/AssetDetails.tsx:15:1
Error: Module not found: Can't resolve '@/components/AssetWebConsoleProfilePanel'
  [90m13 |[0m [36mimport[0m { [33mAssetAgentPanel[0m } [36mfrom[0m [32m"@/components/AssetAgentPanel"[0m;
  [90m14 |[0m [36mimport[0m { [33mAssetSnmpPanel[0m } [36mfrom[0m [32m"@/components/AssetSnmpPanel"[0m;
[31m[1m>[0m [90m15 |[0m [36mimport[0m { [33mAssetWebConsoleProfilePanel[0m } [36mfrom[0m [32m"@/components/AssetWebConsoleProfilePanel"[0m;
  [90m   |[0m [31m[1m^^^^^^^^^^^^^^^^^^^^^^^^^^^^^^^^^^^^^^^^^^^^^^^^^^^^^^^^^^^^^^^^^^^^^^^^^^^^^^^^^^^^^^^[0m
  [90m16 |[0m [36mimport[0m styles [36mfrom[0m [32m"./AssetDetails.module.css"[0m;
  [90m17 |[0m
  [90m18 |[0m [36mtype[0m [33mDict[0m = ([36mtypeof[0m translations)[[32m"tr"[0m];

Import map: aliased to relative './components/AssetWebConsoleProfilePanel' inside of [project]/apps/web


Import traces:
  Client Component Browser:
    ./apps/web/components/AssetDetails.tsx [Client Component Browser]
    ./apps/web/components/GlobalSearch.tsx [Client Component Browser]
    ./apps/web/components/TopHeader.tsx [Client Component Browser]
    ./apps/web/components/TopHeader.tsx [Server Component]
    ./apps/web/app/layout.tsx [Server Component]

  Client Component SSR:
    ./apps/web/components/AssetDetails.tsx [Client Component SSR]
    ./apps/web/components/GlobalSearch.tsx [Client Component SSR]
    ./apps/web/components/TopHeader.tsx [Client Component SSR]
    ./apps/web/components/TopHeader.tsx [Server Component]
    ./apps/web/app/layout.tsx [Server Component]

https://nextjs.org/docs/messages/module-not-found


⨯ ./apps/web/components/AssetDetails.tsx:15:1
Error: Module not found: Can't resolve '@/components/AssetWebConsoleProfilePanel'
  [90m13 |[0m [36mimport[0m { [33mAssetAgentPanel[0m } [36mfrom[0m [32m"@/components/AssetAgentPanel"[0m;
  [90m14 |[0m [36mimport[0m { [33mAssetSnmpPanel[0m } [36mfrom[0m [32m"@/components/AssetSnmpPanel"[0m;
[31m[1m>[0m [90m15 |[0m [36mimport[0m { [33mAssetWebConsoleProfilePanel[0m } [36mfrom[0m [32m"@/components/AssetWebConsoleProfilePanel"[0m;
  [90m   |[0m [31m[1m^^^^^^^^^^^^^^^^^^^^^^^^^^^^^^^^^^^^^^^^^^^^^^^^^^^^^^^^^^^^^^^^^^^^^^^^^^^^^^^^^^^^^^^[0m
  [90m16 |[0m [36mimport[0m styles [36mfrom[0m [32m"./AssetDetails.module.css"[0m;
  [90m17 |[0m
  [90m18 |[0m [36mtype[0m [33mDict[0m = ([36mtypeof[0m translations)[[32m"tr"[0m];

Import map: aliased to relative './components/AssetWebConsoleProfilePanel' inside of [project]/apps/web


Import traces:
  Client Component Browser:
    ./apps/web/components/AssetDetails.tsx [Client Component Browser]
    ./apps/web/components/GlobalSearch.tsx [Client Component Browser]
    ./apps/web/components/TopHeader.tsx [Client Component Browser]
    ./apps/web/components/TopHeader.tsx [Server Component]
    ./apps/web/app/layout.tsx [Server Component]

  Client Component SSR:
    ./apps/web/components/AssetDetails.tsx [Client Component SSR]
    ./apps/web/components/GlobalSearch.tsx [Client Component SSR]
    ./apps/web/components/TopHeader.tsx [Client Component SSR]
    ./apps/web/components/TopHeader.tsx [Server Component]
    ./apps/web/app/layout.tsx [Server Component]

https://nextjs.org/docs/messages/module-not-found


⨯ ./apps/web/components/AssetDetails.tsx:15:1
Error: Module not found: Can't resolve '@/components/AssetWebConsoleProfilePanel'
  [90m13 |[0m [36mimport[0m { [33mAssetAgentPanel[0m } [36mfrom[0m [32m"@/components/AssetAgentPanel"[0m;
  [90m14 |[0m [36mimport[0m { [33mAssetSnmpPanel[0m } [36mfrom[0m [32m"@/components/AssetSnmpPanel"[0m;
[31m[1m>[0m [90m15 |[0m [36mimport[0m { [33mAssetWebConsoleProfilePanel[0m } [36mfrom[0m [32m"@/components/AssetWebConsoleProfilePanel"[0m;
  [90m   |[0m [31m[1m^^^^^^^^^^^^^^^^^^^^^^^^^^^^^^^^^^^^^^^^^^^^^^^^^^^^^^^^^^^^^^^^^^^^^^^^^^^^^^^^^^^^^^^[0m
  [90m16 |[0m [36mimport[0m styles [36mfrom[0m [32m"./AssetDetails.module.css"[0m;
  [90m17 |[0m
  [90m18 |[0m [36mtype[0m [33mDict[0m = ([36mtypeof[0m translations)[[32m"tr"[0m];

Import map: aliased to relative './components/AssetWebConsoleProfilePanel' inside of [project]/apps/web


Import traces:
  Client Component Browser:
    ./apps/web/components/AssetDetails.tsx [Client Component Browser]
    ./apps/web/components/GlobalSearch.tsx [Client Component Browser]
    ./apps/web/components/TopHeader.tsx [Client Component Browser]
    ./apps/web/components/TopHeader.tsx [Server Component]
    ./apps/web/app/layout.tsx [Server Component]

  Client Component SSR:
    ./apps/web/components/AssetDetails.tsx [Client Component SSR]
    ./apps/web/components/GlobalSearch.tsx [Client Component SSR]
    ./apps/web/components/TopHeader.tsx [Client Component SSR]
    ./apps/web/components/TopHeader.tsx [Server Component]
    ./apps/web/app/layout.tsx [Server Component]

https://nextjs.org/docs/messages/module-not-found


⨯ ./apps/web/components/AssetDetails.tsx:15:1
Error: Module not found: Can't resolve '@/components/AssetWebConsoleProfilePanel'
  [90m13 |[0m [36mimport[0m { [33mAssetAgentPanel[0m } [36mfrom[0m [32m"@/components/AssetAgentPanel"[0m;
  [90m14 |[0m [36mimport[0m { [33mAssetSnmpPanel[0m } [36mfrom[0m [32m"@/components/AssetSnmpPanel"[0m;
[31m[1m>[0m [90m15 |[0m [36mimport[0m { [33mAssetWebConsoleProfilePanel[0m } [36mfrom[0m [32m"@/components/AssetWebConsoleProfilePanel"[0m;
  [90m   |[0m [31m[1m^^^^^^^^^^^^^^^^^^^^^^^^^^^^^^^^^^^^^^^^^^^^^^^^^^^^^^^^^^^^^^^^^^^^^^^^^^^^^^^^^^^^^^^[0m
  [90m16 |[0m [36mimport[0m styles [36mfrom[0m [32m"./AssetDetails.module.css"[0m;
  [90m17 |[0m
  [90m18 |[0m [36mtype[0m [33mDict[0m = ([36mtypeof[0m translations)[[32m"tr"[0m];

Import map: aliased to relative './components/AssetWebConsoleProfilePanel' inside of [project]/apps/web


Import traces:
  Client Component Browser:
    ./apps/web/components/AssetDetails.tsx [Client Component Browser]
    ./apps/web/components/GlobalSearch.tsx [Client Component Browser]
    ./apps/web/components/TopHeader.tsx [Client Component Browser]
    ./apps/web/components/TopHeader.tsx [Server Component]
    ./apps/web/app/layout.tsx [Server Component]

  Client Component SSR:
    ./apps/web/components/AssetDetails.tsx [Client Component SSR]
    ./apps/web/components/GlobalSearch.tsx [Client Component SSR]
    ./apps/web/components/TopHeader.tsx [Client Component SSR]
    ./apps/web/components/TopHeader.tsx [Server Component]
    ./apps/web/app/layout.tsx [Server Component]

https://nextjs.org/docs/messages/module-not-found


⨯ ./apps/web/components/AssetDetails.tsx:15:1
Error: Module not found: Can't resolve '@/components/AssetWebConsoleProfilePanel'
  [90m13 |[0m [36mimport[0m { [33mAssetAgentPanel[0m } [36mfrom[0m [32m"@/components/AssetAgentPanel"[0m;
  [90m14 |[0m [36mimport[0m { [33mAssetSnmpPanel[0m } [36mfrom[0m [32m"@/components/AssetSnmpPanel"[0m;
[31m[1m>[0m [90m15 |[0m [36mimport[0m { [33mAssetWebConsoleProfilePanel[0m } [36mfrom[0m [32m"@/components/AssetWebConsoleProfilePanel"[0m;
  [90m   |[0m [31m[1m^^^^^^^^^^^^^^^^^^^^^^^^^^^^^^^^^^^^^^^^^^^^^^^^^^^^^^^^^^^^^^^^^^^^^^^^^^^^^^^^^^^^^^^[0m
  [90m16 |[0m [36mimport[0m styles [36mfrom[0m [32m"./AssetDetails.module.css"[0m;
  [90m17 |[0m
  [90m18 |[0m [36mtype[0m [33mDict[0m = ([36mtypeof[0m translations)[[32m"tr"[0m];

Import map: aliased to relative './components/AssetWebConsoleProfilePanel' inside of [project]/apps/web


Import traces:
  Client Component Browser:
    ./apps/web/components/AssetDetails.tsx [Client Component Browser]
    ./apps/web/components/GlobalSearch.tsx [Client Component Browser]
    ./apps/web/components/TopHeader.tsx [Client Component Browser]
    ./apps/web/components/TopHeader.tsx [Server Component]
    ./apps/web/app/layout.tsx [Server Component]

  Client Component SSR:
    ./apps/web/components/AssetDetails.tsx [Client Component SSR]
    ./apps/web/components/GlobalSearch.tsx [Client Component SSR]
    ./apps/web/components/TopHeader.tsx [Client Component SSR]
    ./apps/web/components/TopHeader.tsx [Server Component]
    ./apps/web/app/layout.tsx [Server Component]

https://nextjs.org/docs/messages/module-not-found


⨯ ./apps/web/components/AssetDetails.tsx:15:1
Error: Module not found: Can't resolve '@/components/AssetWebConsoleProfilePanel'
  [90m13 |[0m [36mimport[0m { [33mAssetAgentPanel[0m } [36mfrom[0m [32m"@/components/AssetAgentPanel"[0m;
  [90m14 |[0m [36mimport[0m { [33mAssetSnmpPanel[0m } [36mfrom[0m [32m"@/components/AssetSnmpPanel"[0m;
[31m[1m>[0m [90m15 |[0m [36mimport[0m { [33mAssetWebConsoleProfilePanel[0m } [36mfrom[0m [32m"@/components/AssetWebConsoleProfilePanel"[0m;
  [90m   |[0m [31m[1m^^^^^^^^^^^^^^^^^^^^^^^^^^^^^^^^^^^^^^^^^^^^^^^^^^^^^^^^^^^^^^^^^^^^^^^^^^^^^^^^^^^^^^^[0m
  [90m16 |[0m [36mimport[0m styles [36mfrom[0m [32m"./AssetDetails.module.css"[0m;
  [90m17 |[0m
  [90m18 |[0m [36mtype[0m [33mDict[0m = ([36mtypeof[0m translations)[[32m"tr"[0m];

Import map: aliased to relative './components/AssetWebConsoleProfilePanel' inside of [project]/apps/web


Import traces:
  Client Component Browser:
    ./apps/web/components/AssetDetails.tsx [Client Component Browser]
    ./apps/web/components/GlobalSearch.tsx [Client Component Browser]
    ./apps/web/components/TopHeader.tsx [Client Component Browser]
    ./apps/web/components/TopHeader.tsx [Server Component]
    ./apps/web/app/layout.tsx [Server Component]

  Client Component SSR:
    ./apps/web/components/AssetDetails.tsx [Client Component SSR]
    ./apps/web/components/GlobalSearch.tsx [Client Component SSR]
    ./apps/web/components/TopHeader.tsx [Client Component SSR]
    ./apps/web/components/TopHeader.tsx [Server Component]
    ./apps/web/app/layout.tsx [Server Component]

https://nextjs.org/docs/messages/module-not-found


⨯ ./apps/web/components/AssetDetails.tsx:15:1
Error: Module not found: Can't resolve '@/components/AssetWebConsoleProfilePanel'
  [90m13 |[0m [36mimport[0m { [33mAssetAgentPanel[0m } [36mfrom[0m [32m"@/components/AssetAgentPanel"[0m;
  [90m14 |[0m [36mimport[0m { [33mAssetSnmpPanel[0m } [36mfrom[0m [32m"@/components/AssetSnmpPanel"[0m;
[31m[1m>[0m [90m15 |[0m [36mimport[0m { [33mAssetWebConsoleProfilePanel[0m } [36mfrom[0m [32m"@/components/AssetWebConsoleProfilePanel"[0m;
  [90m   |[0m [31m[1m^^^^^^^^^^^^^^^^^^^^^^^^^^^^^^^^^^^^^^^^^^^^^^^^^^^^^^^^^^^^^^^^^^^^^^^^^^^^^^^^^^^^^^^[0m
  [90m16 |[0m [36mimport[0m styles [36mfrom[0m [32m"./AssetDetails.module.css"[0m;
  [90m17 |[0m
  [90m18 |[0m [36mtype[0m [33mDict[0m = ([36mtypeof[0m translations)[[32m"tr"[0m];

Import map: aliased to relative './components/AssetWebConsoleProfilePanel' inside of [project]/apps/web


Import traces:
  Client Component Browser:
    ./apps/web/components/AssetDetails.tsx [Client Component Browser]
    ./apps/web/components/GlobalSearch.tsx [Client Component Browser]
    ./apps/web/components/TopHeader.tsx [Client Component Browser]
    ./apps/web/components/TopHeader.tsx [Server Component]
    ./apps/web/app/layout.tsx [Server Component]

  Client Component SSR:
    ./apps/web/components/AssetDetails.tsx [Client Component SSR]
    ./apps/web/components/GlobalSearch.tsx [Client Component SSR]
    ./apps/web/components/TopHeader.tsx [Client Component SSR]
    ./apps/web/components/TopHeader.tsx [Server Component]
    ./apps/web/app/layout.tsx [Server Component]

https://nextjs.org/docs/messages/module-not-found


⨯ ./apps/web/components/AssetDetails.tsx:15:1
Error: Module not found: Can't resolve '@/components/AssetWebConsoleProfilePanel'
  [90m13 |[0m [36mimport[0m { [33mAssetAgentPanel[0m } [36mfrom[0m [32m"@/components/AssetAgentPanel"[0m;
  [90m14 |[0m [36mimport[0m { [33mAssetSnmpPanel[0m } [36mfrom[0m [32m"@/components/AssetSnmpPanel"[0m;
[31m[1m>[0m [90m15 |[0m [36mimport[0m { [33mAssetWebConsoleProfilePanel[0m } [36mfrom[0m [32m"@/components/AssetWebConsoleProfilePanel"[0m;
  [90m   |[0m [31m[1m^^^^^^^^^^^^^^^^^^^^^^^^^^^^^^^^^^^^^^^^^^^^^^^^^^^^^^^^^^^^^^^^^^^^^^^^^^^^^^^^^^^^^^^[0m
  [90m16 |[0m [36mimport[0m styles [36mfrom[0m [32m"./AssetDetails.module.css"[0m;
  [90m17 |[0m
  [90m18 |[0m [36mtype[0m [33mDict[0m = ([36mtypeof[0m translations)[[32m"tr"[0m];

Import map: aliased to relative './components/AssetWebConsoleProfilePanel' inside of [project]/apps/web


Import traces:
  Client Component Browser:
    ./apps/web/components/AssetDetails.tsx [Client Component Browser]
    ./apps/web/components/GlobalSearch.tsx [Client Component Browser]
    ./apps/web/components/TopHeader.tsx [Client Component Browser]
    ./apps/web/components/TopHeader.tsx [Server Component]
    ./apps/web/app/layout.tsx [Server Component]

  Client Component SSR:
    ./apps/web/components/AssetDetails.tsx [Client Component SSR]
    ./apps/web/components/GlobalSearch.tsx [Client Component SSR]
    ./apps/web/components/TopHeader.tsx [Client Component SSR]
    ./apps/web/components/TopHeader.tsx [Server Component]
    ./apps/web/app/layout.tsx [Server Component]

https://nextjs.org/docs/messages/module-not-found


⨯ ./apps/web/components/AssetDetails.tsx:15:1
Error: Module not found: Can't resolve '@/components/AssetWebConsoleProfilePanel'
  [90m13 |[0m [36mimport[0m { [33mAssetAgentPanel[0m } [36mfrom[0m [32m"@/components/AssetAgentPanel"[0m;
  [90m14 |[0m [36mimport[0m { [33mAssetSnmpPanel[0m } [36mfrom[0m [32m"@/components/AssetSnmpPanel"[0m;
[31m[1m>[0m [90m15 |[0m [36mimport[0m { [33mAssetWebConsoleProfilePanel[0m } [36mfrom[0m [32m"@/components/AssetWebConsoleProfilePanel"[0m;
  [90m   |[0m [31m[1m^^^^^^^^^^^^^^^^^^^^^^^^^^^^^^^^^^^^^^^^^^^^^^^^^^^^^^^^^^^^^^^^^^^^^^^^^^^^^^^^^^^^^^^[0m
  [90m16 |[0m [36mimport[0m styles [36mfrom[0m [32m"./AssetDetails.module.css"[0m;
  [90m17 |[0m
  [90m18 |[0m [36mtype[0m [33mDict[0m = ([36mtypeof[0m translations)[[32m"tr"[0m];

Import map: aliased to relative './components/AssetWebConsoleProfilePanel' inside of [project]/apps/web


Import traces:
  Client Component Browser:
    ./apps/web/components/AssetDetails.tsx [Client Component Browser]
    ./apps/web/components/GlobalSearch.tsx [Client Component Browser]
    ./apps/web/components/TopHeader.tsx [Client Component Browser]
    ./apps/web/components/TopHeader.tsx [Server Component]
    ./apps/web/app/layout.tsx [Server Component]

  Client Component SSR:
    ./apps/web/components/AssetDetails.tsx [Client Component SSR]
    ./apps/web/components/GlobalSearch.tsx [Client Component SSR]
    ./apps/web/components/TopHeader.tsx [Client Component SSR]
    ./apps/web/components/TopHeader.tsx [Server Component]
    ./apps/web/app/layout.tsx [Server Component]

https://nextjs.org/docs/messages/module-not-found


⨯ ./apps/web/components/AssetDetails.tsx:15:1
Error: Module not found: Can't resolve '@/components/AssetWebConsoleProfilePanel'
  [90m13 |[0m [36mimport[0m { [33mAssetAgentPanel[0m } [36mfrom[0m [32m"@/components/AssetAgentPanel"[0m;
  [90m14 |[0m [36mimport[0m { [33mAssetSnmpPanel[0m } [36mfrom[0m [32m"@/components/AssetSnmpPanel"[0m;
[31m[1m>[0m [90m15 |[0m [36mimport[0m { [33mAssetWebConsoleProfilePanel[0m } [36mfrom[0m [32m"@/components/AssetWebConsoleProfilePanel"[0m;
  [90m   |[0m [31m[1m^^^^^^^^^^^^^^^^^^^^^^^^^^^^^^^^^^^^^^^^^^^^^^^^^^^^^^^^^^^^^^^^^^^^^^^^^^^^^^^^^^^^^^^[0m
  [90m16 |[0m [36mimport[0m styles [36mfrom[0m [32m"./AssetDetails.module.css"[0m;
  [90m17 |[0m
  [90m18 |[0m [36mtype[0m [33mDict[0m = ([36mtypeof[0m translations)[[32m"tr"[0m];

Import map: aliased to relative './components/AssetWebConsoleProfilePanel' inside of [project]/apps/web


Import traces:
  Client Component Browser:
    ./apps/web/components/AssetDetails.tsx [Client Component Browser]
    ./apps/web/components/GlobalSearch.tsx [Client Component Browser]
    ./apps/web/components/TopHeader.tsx [Client Component Browser]
    ./apps/web/components/TopHeader.tsx [Server Component]
    ./apps/web/app/layout.tsx [Server Component]

  Client Component SSR:
    ./apps/web/components/AssetDetails.tsx [Client Component SSR]
    ./apps/web/components/GlobalSearch.tsx [Client Component SSR]
    ./apps/web/components/TopHeader.tsx [Client Component SSR]
    ./apps/web/components/TopHeader.tsx [Server Component]
    ./apps/web/app/layout.tsx [Server Component]

https://nextjs.org/docs/messages/module-not-found


⨯ ./apps/web/components/AssetDetails.tsx:15:1
Error: Module not found: Can't resolve '@/components/AssetWebConsoleProfilePanel'
  [90m13 |[0m [36mimport[0m { [33mAssetAgentPanel[0m } [36mfrom[0m [32m"@/components/AssetAgentPanel"[0m;
  [90m14 |[0m [36mimport[0m { [33mAssetSnmpPanel[0m } [36mfrom[0m [32m"@/components/AssetSnmpPanel"[0m;
[31m[1m>[0m [90m15 |[0m [36mimport[0m { [33mAssetWebConsoleProfilePanel[0m } [36mfrom[0m [32m"@/components/AssetWebConsoleProfilePanel"[0m;
  [90m   |[0m [31m[1m^^^^^^^^^^^^^^^^^^^^^^^^^^^^^^^^^^^^^^^^^^^^^^^^^^^^^^^^^^^^^^^^^^^^^^^^^^^^^^^^^^^^^^^[0m
  [90m16 |[0m [36mimport[0m styles [36mfrom[0m [32m"./AssetDetails.module.css"[0m;
  [90m17 |[0m
  [90m18 |[0m [36mtype[0m [33mDict[0m = ([36mtypeof[0m translations)[[32m"tr"[0m];

Import map: aliased to relative './components/AssetWebConsoleProfilePanel' inside of [project]/apps/web


Import traces:
  Client Component Browser:
    ./apps/web/components/AssetDetails.tsx [Client Component Browser]
    ./apps/web/components/GlobalSearch.tsx [Client Component Browser]
    ./apps/web/components/TopHeader.tsx [Client Component Browser]
    ./apps/web/components/TopHeader.tsx [Server Component]
    ./apps/web/app/layout.tsx [Server Component]

  Client Component SSR:
    ./apps/web/components/AssetDetails.tsx [Client Component SSR]
    ./apps/web/components/GlobalSearch.tsx [Client Component SSR]
    ./apps/web/components/TopHeader.tsx [Client Component SSR]
    ./apps/web/components/TopHeader.tsx [Server Component]
    ./apps/web/app/layout.tsx [Server Component]

https://nextjs.org/docs/messages/module-not-found


⨯ ./apps/web/components/AssetDetails.tsx:15:1
Error: Module not found: Can't resolve '@/components/AssetWebConsoleProfilePanel'
  [90m13 |[0m [36mimport[0m { [33mAssetAgentPanel[0m } [36mfrom[0m [32m"@/components/AssetAgentPanel"[0m;
  [90m14 |[0m [36mimport[0m { [33mAssetSnmpPanel[0m } [36mfrom[0m [32m"@/components/AssetSnmpPanel"[0m;
[31m[1m>[0m [90m15 |[0m [36mimport[0m { [33mAssetWebConsoleProfilePanel[0m } [36mfrom[0m [32m"@/components/AssetWebConsoleProfilePanel"[0m;
  [90m   |[0m [31m[1m^^^^^^^^^^^^^^^^^^^^^^^^^^^^^^^^^^^^^^^^^^^^^^^^^^^^^^^^^^^^^^^^^^^^^^^^^^^^^^^^^^^^^^^[0m
  [90m16 |[0m [36mimport[0m styles [36mfrom[0m [32m"./AssetDetails.module.css"[0m;
  [90m17 |[0m
  [90m18 |[0m [36mtype[0m [33mDict[0m = ([36mtypeof[0m translations)[[32m"tr"[0m];

Import map: aliased to relative './components/AssetWebConsoleProfilePanel' inside of [project]/apps/web


Import traces:
  Client Component Browser:
    ./apps/web/components/AssetDetails.tsx [Client Component Browser]
    ./apps/web/components/GlobalSearch.tsx [Client Component Browser]
    ./apps/web/components/TopHeader.tsx [Client Component Browser]
    ./apps/web/components/TopHeader.tsx [Server Component]
    ./apps/web/app/layout.tsx [Server Component]

  Client Component SSR:
    ./apps/web/components/AssetDetails.tsx [Client Component SSR]
    ./apps/web/components/GlobalSearch.tsx [Client Component SSR]
    ./apps/web/components/TopHeader.tsx [Client Component SSR]
    ./apps/web/components/TopHeader.tsx [Server Component]
    ./apps/web/app/layout.tsx [Server Component]

https://nextjs.org/docs/messages/module-not-found


⨯ ./apps/web/components/AssetDetails.tsx:15:1
Error: Module not found: Can't resolve '@/components/AssetWebConsoleProfilePanel'
  [90m13 |[0m [36mimport[0m { [33mAssetAgentPanel[0m } [36mfrom[0m [32m"@/components/AssetAgentPanel"[0m;
  [90m14 |[0m [36mimport[0m { [33mAssetSnmpPanel[0m } [36mfrom[0m [32m"@/components/AssetSnmpPanel"[0m;
[31m[1m>[0m [90m15 |[0m [36mimport[0m { [33mAssetWebConsoleProfilePanel[0m } [36mfrom[0m [32m"@/components/AssetWebConsoleProfilePanel"[0m;
  [90m   |[0m [31m[1m^^^^^^^^^^^^^^^^^^^^^^^^^^^^^^^^^^^^^^^^^^^^^^^^^^^^^^^^^^^^^^^^^^^^^^^^^^^^^^^^^^^^^^^[0m
  [90m16 |[0m [36mimport[0m styles [36mfrom[0m [32m"./AssetDetails.module.css"[0m;
  [90m17 |[0m
  [90m18 |[0m [36mtype[0m [33mDict[0m = ([36mtypeof[0m translations)[[32m"tr"[0m];

Import map: aliased to relative './components/AssetWebConsoleProfilePanel' inside of [project]/apps/web


Import traces:
  Client Component Browser:
    ./apps/web/components/AssetDetails.tsx [Client Component Browser]
    ./apps/web/components/GlobalSearch.tsx [Client Component Browser]
    ./apps/web/components/TopHeader.tsx [Client Component Browser]
    ./apps/web/components/TopHeader.tsx [Server Component]
    ./apps/web/app/layout.tsx [Server Component]

  Client Component SSR:
    ./apps/web/components/AssetDetails.tsx [Client Component SSR]
    ./apps/web/components/GlobalSearch.tsx [Client Component SSR]
    ./apps/web/components/TopHeader.tsx [Client Component SSR]
    ./apps/web/components/TopHeader.tsx [Server Component]
    ./apps/web/app/layout.tsx [Server Component]

https://nextjs.org/docs/messages/module-not-found


⨯ ./apps/web/components/AssetDetails.tsx:15:1
Error: Module not found: Can't resolve '@/components/AssetWebConsoleProfilePanel'
  [90m13 |[0m [36mimport[0m { [33mAssetAgentPanel[0m } [36mfrom[0m [32m"@/components/AssetAgentPanel"[0m;
  [90m14 |[0m [36mimport[0m { [33mAssetSnmpPanel[0m } [36mfrom[0m [32m"@/components/AssetSnmpPanel"[0m;
[31m[1m>[0m [90m15 |[0m [36mimport[0m { [33mAssetWebConsoleProfilePanel[0m } [36mfrom[0m [32m"@/components/AssetWebConsoleProfilePanel"[0m;
  [90m   |[0m [31m[1m^^^^^^^^^^^^^^^^^^^^^^^^^^^^^^^^^^^^^^^^^^^^^^^^^^^^^^^^^^^^^^^^^^^^^^^^^^^^^^^^^^^^^^^[0m
  [90m16 |[0m [36mimport[0m styles [36mfrom[0m [32m"./AssetDetails.module.css"[0m;
  [90m17 |[0m
  [90m18 |[0m [36mtype[0m [33mDict[0m = ([36mtypeof[0m translations)[[32m"tr"[0m];

Import map: aliased to relative './components/AssetWebConsoleProfilePanel' inside of [project]/apps/web


Import traces:
  Client Component Browser:
    ./apps/web/components/AssetDetails.tsx [Client Component Browser]
    ./apps/web/components/GlobalSearch.tsx [Client Component Browser]
    ./apps/web/components/TopHeader.tsx [Client Component Browser]
    ./apps/web/components/TopHeader.tsx [Server Component]
    ./apps/web/app/layout.tsx [Server Component]

  Client Component SSR:
    ./apps/web/components/AssetDetails.tsx [Client Component SSR]
    ./apps/web/components/GlobalSearch.tsx [Client Component SSR]
    ./apps/web/components/TopHeader.tsx [Client Component SSR]
    ./apps/web/components/TopHeader.tsx [Server Component]
    ./apps/web/app/layout.tsx [Server Component]

https://nextjs.org/docs/messages/module-not-found


⨯ ./apps/web/components/AssetDetails.tsx:15:1
Error: Module not found: Can't resolve '@/components/AssetWebConsoleProfilePanel'
  [90m13 |[0m [36mimport[0m { [33mAssetAgentPanel[0m } [36mfrom[0m [32m"@/components/AssetAgentPanel"[0m;
  [90m14 |[0m [36mimport[0m { [33mAssetSnmpPanel[0m } [36mfrom[0m [32m"@/components/AssetSnmpPanel"[0m;
[31m[1m>[0m [90m15 |[0m [36mimport[0m { [33mAssetWebConsoleProfilePanel[0m } [36mfrom[0m [32m"@/components/AssetWebConsoleProfilePanel"[0m;
  [90m   |[0m [31m[1m^^^^^^^^^^^^^^^^^^^^^^^^^^^^^^^^^^^^^^^^^^^^^^^^^^^^^^^^^^^^^^^^^^^^^^^^^^^^^^^^^^^^^^^[0m
  [90m16 |[0m [36mimport[0m styles [36mfrom[0m [32m"./AssetDetails.module.css"[0m;
  [90m17 |[0m
  [90m18 |[0m [36mtype[0m [33mDict[0m = ([36mtypeof[0m translations)[[32m"tr"[0m];

Import map: aliased to relative './components/AssetWebConsoleProfilePanel' inside of [project]/apps/web


Import traces:
  Client Component Browser:
    ./apps/web/components/AssetDetails.tsx [Client Component Browser]
    ./apps/web/components/GlobalSearch.tsx [Client Component Browser]
    ./apps/web/components/TopHeader.tsx [Client Component Browser]
    ./apps/web/components/TopHeader.tsx [Server Component]
    ./apps/web/app/layout.tsx [Server Component]

  Client Component SSR:
    ./apps/web/components/AssetDetails.tsx [Client Component SSR]
    ./apps/web/components/GlobalSearch.tsx [Client Component SSR]
    ./apps/web/components/TopHeader.tsx [Client Component SSR]
    ./apps/web/components/TopHeader.tsx [Server Component]
    ./apps/web/app/layout.tsx [Server Component]

https://nextjs.org/docs/messages/module-not-found


⨯ ./apps/web/components/AssetDetails.tsx:15:1
Error: Module not found: Can't resolve '@/components/AssetWebConsoleProfilePanel'
  [90m13 |[0m [36mimport[0m { [33mAssetAgentPanel[0m } [36mfrom[0m [32m"@/components/AssetAgentPanel"[0m;
  [90m14 |[0m [36mimport[0m { [33mAssetSnmpPanel[0m } [36mfrom[0m [32m"@/components/AssetSnmpPanel"[0m;
[31m[1m>[0m [90m15 |[0m [36mimport[0m { [33mAssetWebConsoleProfilePanel[0m } [36mfrom[0m [32m"@/components/AssetWebConsoleProfilePanel"[0m;
  [90m   |[0m [31m[1m^^^^^^^^^^^^^^^^^^^^^^^^^^^^^^^^^^^^^^^^^^^^^^^^^^^^^^^^^^^^^^^^^^^^^^^^^^^^^^^^^^^^^^^[0m
  [90m16 |[0m [36mimport[0m styles [36mfrom[0m [32m"./AssetDetails.module.css"[0m;
  [90m17 |[0m
  [90m18 |[0m [36mtype[0m [33mDict[0m = ([36mtypeof[0m translations)[[32m"tr"[0m];

Import map: aliased to relative './components/AssetWebConsoleProfilePanel' inside of [project]/apps/web


Import traces:
  Client Component Browser:
    ./apps/web/components/AssetDetails.tsx [Client Component Browser]
    ./apps/web/components/GlobalSearch.tsx [Client Component Browser]
    ./apps/web/components/TopHeader.tsx [Client Component Browser]
    ./apps/web/components/TopHeader.tsx [Server Component]
    ./apps/web/app/layout.tsx [Server Component]

  Client Component SSR:
    ./apps/web/components/AssetDetails.tsx [Client Component SSR]
    ./apps/web/components/GlobalSearch.tsx [Client Component SSR]
    ./apps/web/components/TopHeader.tsx [Client Component SSR]
    ./apps/web/components/TopHeader.tsx [Server Component]
    ./apps/web/app/layout.tsx [Server Component]

https://nextjs.org/docs/messages/module-not-found


⨯ ./apps/web/components/AssetDetails.tsx:15:1
Error: Module not found: Can't resolve '@/components/AssetWebConsoleProfilePanel'
  [90m13 |[0m [36mimport[0m { [33mAssetAgentPanel[0m } [36mfrom[0m [32m"@/components/AssetAgentPanel"[0m;
  [90m14 |[0m [36mimport[0m { [33mAssetSnmpPanel[0m } [36mfrom[0m [32m"@/components/AssetSnmpPanel"[0m;
[31m[1m>[0m [90m15 |[0m [36mimport[0m { [33mAssetWebConsoleProfilePanel[0m } [36mfrom[0m [32m"@/components/AssetWebConsoleProfilePanel"[0m;
  [90m   |[0m [31m[1m^^^^^^^^^^^^^^^^^^^^^^^^^^^^^^^^^^^^^^^^^^^^^^^^^^^^^^^^^^^^^^^^^^^^^^^^^^^^^^^^^^^^^^^[0m
  [90m16 |[0m [36mimport[0m styles [36mfrom[0m [32m"./AssetDetails.module.css"[0m;
  [90m17 |[0m
  [90m18 |[0m [36mtype[0m [33mDict[0m = ([36mtypeof[0m translations)[[32m"tr"[0m];

Import map: aliased to relative './components/AssetWebConsoleProfilePanel' inside of [project]/apps/web


Import traces:
  Client Component Browser:
    ./apps/web/components/AssetDetails.tsx [Client Component Browser]
    ./apps/web/components/GlobalSearch.tsx [Client Component Browser]
    ./apps/web/components/TopHeader.tsx [Client Component Browser]
    ./apps/web/components/TopHeader.tsx [Server Component]
    ./apps/web/app/layout.tsx [Server Component]

  Client Component SSR:
    ./apps/web/components/AssetDetails.tsx [Client Component SSR]
    ./apps/web/components/GlobalSearch.tsx [Client Component SSR]
    ./apps/web/components/TopHeader.tsx [Client Component SSR]
    ./apps/web/components/TopHeader.tsx [Server Component]
    ./apps/web/app/layout.tsx [Server Component]

https://nextjs.org/docs/messages/module-not-found


⨯ ./apps/web/components/AssetDetails.tsx:15:1
Error: Module not found: Can't resolve '@/components/AssetWebConsoleProfilePanel'
  [90m13 |[0m [36mimport[0m { [33mAssetAgentPanel[0m } [36mfrom[0m [32m"@/components/AssetAgentPanel"[0m;
  [90m14 |[0m [36mimport[0m { [33mAssetSnmpPanel[0m } [36mfrom[0m [32m"@/components/AssetSnmpPanel"[0m;
[31m[1m>[0m [90m15 |[0m [36mimport[0m { [33mAssetWebConsoleProfilePanel[0m } [36mfrom[0m [32m"@/components/AssetWebConsoleProfilePanel"[0m;
  [90m   |[0m [31m[1m^^^^^^^^^^^^^^^^^^^^^^^^^^^^^^^^^^^^^^^^^^^^^^^^^^^^^^^^^^^^^^^^^^^^^^^^^^^^^^^^^^^^^^^[0m
  [90m16 |[0m [36mimport[0m styles [36mfrom[0m [32m"./AssetDetails.module.css"[0m;
  [90m17 |[0m
  [90m18 |[0m [36mtype[0m [33mDict[0m = ([36mtypeof[0m translations)[[32m"tr"[0m];

Import map: aliased to relative './components/AssetWebConsoleProfilePanel' inside of [project]/apps/web


Import traces:
  Client Component Browser:
    ./apps/web/components/AssetDetails.tsx [Client Component Browser]
    ./apps/web/components/GlobalSearch.tsx [Client Component Browser]
    ./apps/web/components/TopHeader.tsx [Client Component Browser]
    ./apps/web/components/TopHeader.tsx [Server Component]
    ./apps/web/app/layout.tsx [Server Component]

  Client Component SSR:
    ./apps/web/components/AssetDetails.tsx [Client Component SSR]
    ./apps/web/components/GlobalSearch.tsx [Client Component SSR]
    ./apps/web/components/TopHeader.tsx [Client Component SSR]
    ./apps/web/components/TopHeader.tsx [Server Component]
    ./apps/web/app/layout.tsx [Server Component]

https://nextjs.org/docs/messages/module-not-found


⨯ ./apps/web/components/AssetDetails.tsx:15:1
Error: Module not found: Can't resolve '@/components/AssetWebConsoleProfilePanel'
  [90m13 |[0m [36mimport[0m { [33mAssetAgentPanel[0m } [36mfrom[0m [32m"@/components/AssetAgentPanel"[0m;
  [90m14 |[0m [36mimport[0m { [33mAssetSnmpPanel[0m } [36mfrom[0m [32m"@/components/AssetSnmpPanel"[0m;
[31m[1m>[0m [90m15 |[0m [36mimport[0m { [33mAssetWebConsoleProfilePanel[0m } [36mfrom[0m [32m"@/components/AssetWebConsoleProfilePanel"[0m;
  [90m   |[0m [31m[1m^^^^^^^^^^^^^^^^^^^^^^^^^^^^^^^^^^^^^^^^^^^^^^^^^^^^^^^^^^^^^^^^^^^^^^^^^^^^^^^^^^^^^^^[0m
  [90m16 |[0m [36mimport[0m styles [36mfrom[0m [32m"./AssetDetails.module.css"[0m;
  [90m17 |[0m
  [90m18 |[0m [36mtype[0m [33mDict[0m = ([36mtypeof[0m translations)[[32m"tr"[0m];

Import map: aliased to relative './components/AssetWebConsoleProfilePanel' inside of [project]/apps/web


Import traces:
  Client Component Browser:
    ./apps/web/components/AssetDetails.tsx [Client Component Browser]
    ./apps/web/components/GlobalSearch.tsx [Client Component Browser]
    ./apps/web/components/TopHeader.tsx [Client Component Browser]
    ./apps/web/components/TopHeader.tsx [Server Component]
    ./apps/web/app/layout.tsx [Server Component]

  Client Component SSR:
    ./apps/web/components/AssetDetails.tsx [Client Component SSR]
    ./apps/web/components/GlobalSearch.tsx [Client Component SSR]
    ./apps/web/components/TopHeader.tsx [Client Component SSR]
    ./apps/web/components/TopHeader.tsx [Server Component]
    ./apps/web/app/layout.tsx [Server Component]

https://nextjs.org/docs/messages/module-not-found


⨯ ./apps/web/components/AssetDetails.tsx:15:1
Error: Module not found: Can't resolve '@/components/AssetWebConsoleProfilePanel'
  [90m13 |[0m [36mimport[0m { [33mAssetAgentPanel[0m } [36mfrom[0m [32m"@/components/AssetAgentPanel"[0m;
  [90m14 |[0m [36mimport[0m { [33mAssetSnmpPanel[0m } [36mfrom[0m [32m"@/components/AssetSnmpPanel"[0m;
[31m[1m>[0m [90m15 |[0m [36mimport[0m { [33mAssetWebConsoleProfilePanel[0m } [36mfrom[0m [32m"@/components/AssetWebConsoleProfilePanel"[0m;
  [90m   |[0m [31m[1m^^^^^^^^^^^^^^^^^^^^^^^^^^^^^^^^^^^^^^^^^^^^^^^^^^^^^^^^^^^^^^^^^^^^^^^^^^^^^^^^^^^^^^^[0m
  [90m16 |[0m [36mimport[0m styles [36mfrom[0m [32m"./AssetDetails.module.css"[0m;
  [90m17 |[0m
  [90m18 |[0m [36mtype[0m [33mDict[0m = ([36mtypeof[0m translations)[[32m"tr"[0m];

Import map: aliased to relative './components/AssetWebConsoleProfilePanel' inside of [project]/apps/web


Import traces:
  Client Component Browser:
    ./apps/web/components/AssetDetails.tsx [Client Component Browser]
    ./apps/web/components/GlobalSearch.tsx [Client Component Browser]
    ./apps/web/components/TopHeader.tsx [Client Component Browser]
    ./apps/web/components/TopHeader.tsx [Server Component]
    ./apps/web/app/layout.tsx [Server Component]

  Client Component SSR:
    ./apps/web/components/AssetDetails.tsx [Client Component SSR]
    ./apps/web/components/GlobalSearch.tsx [Client Component SSR]
    ./apps/web/components/TopHeader.tsx [Client Component SSR]
    ./apps/web/components/TopHeader.tsx [Server Component]
    ./apps/web/app/layout.tsx [Server Component]

https://nextjs.org/docs/messages/module-not-found


⨯ ./apps/web/components/AssetDetails.tsx:15:1
Error: Module not found: Can't resolve '@/components/AssetWebConsoleProfilePanel'
  [90m13 |[0m [36mimport[0m { [33mAssetAgentPanel[0m } [36mfrom[0m [32m"@/components/AssetAgentPanel"[0m;
  [90m14 |[0m [36mimport[0m { [33mAssetSnmpPanel[0m } [36mfrom[0m [32m"@/components/AssetSnmpPanel"[0m;
[31m[1m>[0m [90m15 |[0m [36mimport[0m { [33mAssetWebConsoleProfilePanel[0m } [36mfrom[0m [32m"@/components/AssetWebConsoleProfilePanel"[0m;
  [90m   |[0m [31m[1m^^^^^^^^^^^^^^^^^^^^^^^^^^^^^^^^^^^^^^^^^^^^^^^^^^^^^^^^^^^^^^^^^^^^^^^^^^^^^^^^^^^^^^^[0m
  [90m16 |[0m [36mimport[0m styles [36mfrom[0m [32m"./AssetDetails.module.css"[0m;
  [90m17 |[0m
  [90m18 |[0m [36mtype[0m [33mDict[0m = ([36mtypeof[0m translations)[[32m"tr"[0m];

Import map: aliased to relative './components/AssetWebConsoleProfilePanel' inside of [project]/apps/web


Import traces:
  Client Component Browser:
    ./apps/web/components/AssetDetails.tsx [Client Component Browser]
    ./apps/web/components/GlobalSearch.tsx [Client Component Browser]
    ./apps/web/components/TopHeader.tsx [Client Component Browser]
    ./apps/web/components/TopHeader.tsx [Server Component]
    ./apps/web/app/layout.tsx [Server Component]

  Client Component SSR:
    ./apps/web/components/AssetDetails.tsx [Client Component SSR]
    ./apps/web/components/GlobalSearch.tsx [Client Component SSR]
    ./apps/web/components/TopHeader.tsx [Client Component SSR]
    ./apps/web/components/TopHeader.tsx [Server Component]
    ./apps/web/app/layout.tsx [Server Component]

https://nextjs.org/docs/messages/module-not-found


⨯ ./apps/web/components/AssetDetails.tsx:15:1
Error: Module not found: Can't resolve '@/components/AssetWebConsoleProfilePanel'
  [90m13 |[0m [36mimport[0m { [33mAssetAgentPanel[0m } [36mfrom[0m [32m"@/components/AssetAgentPanel"[0m;
  [90m14 |[0m [36mimport[0m { [33mAssetSnmpPanel[0m } [36mfrom[0m [32m"@/components/AssetSnmpPanel"[0m;
[31m[1m>[0m [90m15 |[0m [36mimport[0m { [33mAssetWebConsoleProfilePanel[0m } [36mfrom[0m [32m"@/components/AssetWebConsoleProfilePanel"[0m;
  [90m   |[0m [31m[1m^^^^^^^^^^^^^^^^^^^^^^^^^^^^^^^^^^^^^^^^^^^^^^^^^^^^^^^^^^^^^^^^^^^^^^^^^^^^^^^^^^^^^^^[0m
  [90m16 |[0m [36mimport[0m styles [36mfrom[0m [32m"./AssetDetails.module.css"[0m;
  [90m17 |[0m
  [90m18 |[0m [36mtype[0m [33mDict[0m = ([36mtypeof[0m translations)[[32m"tr"[0m];

Import map: aliased to relative './components/AssetWebConsoleProfilePanel' inside of [project]/apps/web


Import traces:
  Client Component Browser:
    ./apps/web/components/AssetDetails.tsx [Client Component Browser]
    ./apps/web/components/GlobalSearch.tsx [Client Component Browser]
    ./apps/web/components/TopHeader.tsx [Client Component Browser]
    ./apps/web/components/TopHeader.tsx [Server Component]
    ./apps/web/app/layout.tsx [Server Component]

  Client Component SSR:
    ./apps/web/components/AssetDetails.tsx [Client Component SSR]
    ./apps/web/components/GlobalSearch.tsx [Client Component SSR]
    ./apps/web/components/TopHeader.tsx [Client Component SSR]
    ./apps/web/components/TopHeader.tsx [Server Component]
    ./apps/web/app/layout.tsx [Server Component]

https://nextjs.org/docs/messages/module-not-found


⨯ ./apps/web/components/AssetDetails.tsx:15:1
Error: Module not found: Can't resolve '@/components/AssetWebConsoleProfilePanel'
  [90m13 |[0m [36mimport[0m { [33mAssetAgentPanel[0m } [36mfrom[0m [32m"@/components/AssetAgentPanel"[0m;
  [90m14 |[0m [36mimport[0m { [33mAssetSnmpPanel[0m } [36mfrom[0m [32m"@/components/AssetSnmpPanel"[0m;
[31m[1m>[0m [90m15 |[0m [36mimport[0m { [33mAssetWebConsoleProfilePanel[0m } [36mfrom[0m [32m"@/components/AssetWebConsoleProfilePanel"[0m;
  [90m   |[0m [31m[1m^^^^^^^^^^^^^^^^^^^^^^^^^^^^^^^^^^^^^^^^^^^^^^^^^^^^^^^^^^^^^^^^^^^^^^^^^^^^^^^^^^^^^^^[0m
  [90m16 |[0m [36mimport[0m styles [36mfrom[0m [32m"./AssetDetails.module.css"[0m;
  [90m17 |[0m
  [90m18 |[0m [36mtype[0m [33mDict[0m = ([36mtypeof[0m translations)[[32m"tr"[0m];

Import map: aliased to relative './components/AssetWebConsoleProfilePanel' inside of [project]/apps/web


Import traces:
  Client Component Browser:
    ./apps/web/components/AssetDetails.tsx [Client Component Browser]
    ./apps/web/components/GlobalSearch.tsx [Client Component Browser]
    ./apps/web/components/TopHeader.tsx [Client Component Browser]
    ./apps/web/components/TopHeader.tsx [Server Component]
    ./apps/web/app/layout.tsx [Server Component]

  Client Component SSR:
    ./apps/web/components/AssetDetails.tsx [Client Component SSR]
    ./apps/web/components/GlobalSearch.tsx [Client Component SSR]
    ./apps/web/components/TopHeader.tsx [Client Component SSR]
    ./apps/web/components/TopHeader.tsx [Server Component]
    ./apps/web/app/layout.tsx [Server Component]

https://nextjs.org/docs/messages/module-not-found


⨯ ./apps/web/components/AssetDetails.tsx:15:1
Error: Module not found: Can't resolve '@/components/AssetWebConsoleProfilePanel'
  [90m13 |[0m [36mimport[0m { [33mAssetAgentPanel[0m } [36mfrom[0m [32m"@/components/AssetAgentPanel"[0m;
  [90m14 |[0m [36mimport[0m { [33mAssetSnmpPanel[0m } [36mfrom[0m [32m"@/components/AssetSnmpPanel"[0m;
[31m[1m>[0m [90m15 |[0m [36mimport[0m { [33mAssetWebConsoleProfilePanel[0m } [36mfrom[0m [32m"@/components/AssetWebConsoleProfilePanel"[0m;
  [90m   |[0m [31m[1m^^^^^^^^^^^^^^^^^^^^^^^^^^^^^^^^^^^^^^^^^^^^^^^^^^^^^^^^^^^^^^^^^^^^^^^^^^^^^^^^^^^^^^^[0m
  [90m16 |[0m [36mimport[0m styles [36mfrom[0m [32m"./AssetDetails.module.css"[0m;
  [90m17 |[0m
  [90m18 |[0m [36mtype[0m [33mDict[0m = ([36mtypeof[0m translations)[[32m"tr"[0m];

Import map: aliased to relative './components/AssetWebConsoleProfilePanel' inside of [project]/apps/web


Import traces:
  Client Component Browser:
    ./apps/web/components/AssetDetails.tsx [Client Component Browser]
    ./apps/web/components/GlobalSearch.tsx [Client Component Browser]
    ./apps/web/components/TopHeader.tsx [Client Component Browser]
    ./apps/web/components/TopHeader.tsx [Server Component]
    ./apps/web/app/layout.tsx [Server Component]

  Client Component SSR:
    ./apps/web/components/AssetDetails.tsx [Client Component SSR]
    ./apps/web/components/GlobalSearch.tsx [Client Component SSR]
    ./apps/web/components/TopHeader.tsx [Client Component SSR]
    ./apps/web/components/TopHeader.tsx [Server Component]
    ./apps/web/app/layout.tsx [Server Component]

https://nextjs.org/docs/messages/module-not-found


⨯ ./apps/web/components/AssetDetails.tsx:15:1
Error: Module not found: Can't resolve '@/components/AssetWebConsoleProfilePanel'
  [90m13 |[0m [36mimport[0m { [33mAssetAgentPanel[0m } [36mfrom[0m [32m"@/components/AssetAgentPanel"[0m;
  [90m14 |[0m [36mimport[0m { [33mAssetSnmpPanel[0m } [36mfrom[0m [32m"@/components/AssetSnmpPanel"[0m;
[31m[1m>[0m [90m15 |[0m [36mimport[0m { [33mAssetWebConsoleProfilePanel[0m } [36mfrom[0m [32m"@/components/AssetWebConsoleProfilePanel"[0m;
  [90m   |[0m [31m[1m^^^^^^^^^^^^^^^^^^^^^^^^^^^^^^^^^^^^^^^^^^^^^^^^^^^^^^^^^^^^^^^^^^^^^^^^^^^^^^^^^^^^^^^[0m
  [90m16 |[0m [36mimport[0m styles [36mfrom[0m [32m"./AssetDetails.module.css"[0m;
  [90m17 |[0m
  [90m18 |[0m [36mtype[0m [33mDict[0m = ([36mtypeof[0m translations)[[32m"tr"[0m];

Import map: aliased to relative './components/AssetWebConsoleProfilePanel' inside of [project]/apps/web


Import traces:
  Client Component Browser:
    ./apps/web/components/AssetDetails.tsx [Client Component Browser]
    ./apps/web/components/GlobalSearch.tsx [Client Component Browser]
    ./apps/web/components/TopHeader.tsx [Client Component Browser]
    ./apps/web/components/TopHeader.tsx [Server Component]
    ./apps/web/app/layout.tsx [Server Component]

  Client Component SSR:
    ./apps/web/components/AssetDetails.tsx [Client Component SSR]
    ./apps/web/components/GlobalSearch.tsx [Client Component SSR]
    ./apps/web/components/TopHeader.tsx [Client Component SSR]
    ./apps/web/components/TopHeader.tsx [Server Component]
    ./apps/web/app/layout.tsx [Server Component]

https://nextjs.org/docs/messages/module-not-found


⨯ ./apps/web/components/AssetDetails.tsx:15:1
Error: Module not found: Can't resolve '@/components/AssetWebConsoleProfilePanel'
  [90m13 |[0m [36mimport[0m { [33mAssetAgentPanel[0m } [36mfrom[0m [32m"@/components/AssetAgentPanel"[0m;
  [90m14 |[0m [36mimport[0m { [33mAssetSnmpPanel[0m } [36mfrom[0m [32m"@/components/AssetSnmpPanel"[0m;
[31m[1m>[0m [90m15 |[0m [36mimport[0m { [33mAssetWebConsoleProfilePanel[0m } [36mfrom[0m [32m"@/components/AssetWebConsoleProfilePanel"[0m;
  [90m   |[0m [31m[1m^^^^^^^^^^^^^^^^^^^^^^^^^^^^^^^^^^^^^^^^^^^^^^^^^^^^^^^^^^^^^^^^^^^^^^^^^^^^^^^^^^^^^^^[0m
  [90m16 |[0m [36mimport[0m styles [36mfrom[0m [32m"./AssetDetails.module.css"[0m;
  [90m17 |[0m
  [90m18 |[0m [36mtype[0m [33mDict[0m = ([36mtypeof[0m translations)[[32m"tr"[0m];

Import map: aliased to relative './components/AssetWebConsoleProfilePanel' inside of [project]/apps/web


Import traces:
  Client Component Browser:
    ./apps/web/components/AssetDetails.tsx [Client Component Browser]
    ./apps/web/components/GlobalSearch.tsx [Client Component Browser]
    ./apps/web/components/TopHeader.tsx [Client Component Browser]
    ./apps/web/components/TopHeader.tsx [Server Component]
    ./apps/web/app/layout.tsx [Server Component]

  Client Component SSR:
    ./apps/web/components/AssetDetails.tsx [Client Component SSR]
    ./apps/web/components/GlobalSearch.tsx [Client Component SSR]
    ./apps/web/components/TopHeader.tsx [Client Component SSR]
    ./apps/web/components/TopHeader.tsx [Server Component]
    ./apps/web/app/layout.tsx [Server Component]

https://nextjs.org/docs/messages/module-not-found


⨯ ./apps/web/components/AssetDetails.tsx:15:1
Error: Module not found: Can't resolve '@/components/AssetWebConsoleProfilePanel'
  [90m13 |[0m [36mimport[0m { [33mAssetAgentPanel[0m } [36mfrom[0m [32m"@/components/AssetAgentPanel"[0m;
  [90m14 |[0m [36mimport[0m { [33mAssetSnmpPanel[0m } [36mfrom[0m [32m"@/components/AssetSnmpPanel"[0m;
[31m[1m>[0m [90m15 |[0m [36mimport[0m { [33mAssetWebConsoleProfilePanel[0m } [36mfrom[0m [32m"@/components/AssetWebConsoleProfilePanel"[0m;
  [90m   |[0m [31m[1m^^^^^^^^^^^^^^^^^^^^^^^^^^^^^^^^^^^^^^^^^^^^^^^^^^^^^^^^^^^^^^^^^^^^^^^^^^^^^^^^^^^^^^^[0m
  [90m16 |[0m [36mimport[0m styles [36mfrom[0m [32m"./AssetDetails.module.css"[0m;
  [90m17 |[0m
  [90m18 |[0m [36mtype[0m [33mDict[0m = ([36mtypeof[0m translations)[[32m"tr"[0m];

Import map: aliased to relative './components/AssetWebConsoleProfilePanel' inside of [project]/apps/web


Import traces:
  Client Component Browser:
    ./apps/web/components/AssetDetails.tsx [Client Component Browser]
    ./apps/web/components/GlobalSearch.tsx [Client Component Browser]
    ./apps/web/components/TopHeader.tsx [Client Component Browser]
    ./apps/web/components/TopHeader.tsx [Server Component]
    ./apps/web/app/layout.tsx [Server Component]

  Client Component SSR:
    ./apps/web/components/AssetDetails.tsx [Client Component SSR]
    ./apps/web/components/GlobalSearch.tsx [Client Component SSR]
    ./apps/web/components/TopHeader.tsx [Client Component SSR]
    ./apps/web/components/TopHeader.tsx [Server Component]
    ./apps/web/app/layout.tsx [Server Component]

https://nextjs.org/docs/messages/module-not-found


⨯ ./apps/web/components/AssetDetails.tsx:15:1
Error: Module not found: Can't resolve '@/components/AssetWebConsoleProfilePanel'
  [90m13 |[0m [36mimport[0m { [33mAssetAgentPanel[0m } [36mfrom[0m [32m"@/components/AssetAgentPanel"[0m;
  [90m14 |[0m [36mimport[0m { [33mAssetSnmpPanel[0m } [36mfrom[0m [32m"@/components/AssetSnmpPanel"[0m;
[31m[1m>[0m [90m15 |[0m [36mimport[0m { [33mAssetWebConsoleProfilePanel[0m } [36mfrom[0m [32m"@/components/AssetWebConsoleProfilePanel"[0m;
  [90m   |[0m [31m[1m^^^^^^^^^^^^^^^^^^^^^^^^^^^^^^^^^^^^^^^^^^^^^^^^^^^^^^^^^^^^^^^^^^^^^^^^^^^^^^^^^^^^^^^[0m
  [90m16 |[0m [36mimport[0m styles [36mfrom[0m [32m"./AssetDetails.module.css"[0m;
  [90m17 |[0m
  [90m18 |[0m [36mtype[0m [33mDict[0m = ([36mtypeof[0m translations)[[32m"tr"[0m];

Import map: aliased to relative './components/AssetWebConsoleProfilePanel' inside of [project]/apps/web


Import traces:
  Client Component Browser:
    ./apps/web/components/AssetDetails.tsx [Client Component Browser]
    ./apps/web/components/GlobalSearch.tsx [Client Component Browser]
    ./apps/web/components/TopHeader.tsx [Client Component Browser]
    ./apps/web/components/TopHeader.tsx [Server Component]
    ./apps/web/app/layout.tsx [Server Component]

  Client Component SSR:
    ./apps/web/components/AssetDetails.tsx [Client Component SSR]
    ./apps/web/components/GlobalSearch.tsx [Client Component SSR]
    ./apps/web/components/TopHeader.tsx [Client Component SSR]
    ./apps/web/components/TopHeader.tsx [Server Component]
    ./apps/web/app/layout.tsx [Server Component]

https://nextjs.org/docs/messages/module-not-found


⨯ ./apps/web/components/AssetDetails.tsx:15:1
Error: Module not found: Can't resolve '@/components/AssetWebConsoleProfilePanel'
  [90m13 |[0m [36mimport[0m { [33mAssetAgentPanel[0m } [36mfrom[0m [32m"@/components/AssetAgentPanel"[0m;
  [90m14 |[0m [36mimport[0m { [33mAssetSnmpPanel[0m } [36mfrom[0m [32m"@/components/AssetSnmpPanel"[0m;
[31m[1m>[0m [90m15 |[0m [36mimport[0m { [33mAssetWebConsoleProfilePanel[0m } [36mfrom[0m [32m"@/components/AssetWebConsoleProfilePanel"[0m;
  [90m   |[0m [31m[1m^^^^^^^^^^^^^^^^^^^^^^^^^^^^^^^^^^^^^^^^^^^^^^^^^^^^^^^^^^^^^^^^^^^^^^^^^^^^^^^^^^^^^^^[0m
  [90m16 |[0m [36mimport[0m styles [36mfrom[0m [32m"./AssetDetails.module.css"[0m;
  [90m17 |[0m
  [90m18 |[0m [36mtype[0m [33mDict[0m = ([36mtypeof[0m translations)[[32m"tr"[0m];

Import map: aliased to relative './components/AssetWebConsoleProfilePanel' inside of [project]/apps/web


Import traces:
  Client Component Browser:
    ./apps/web/components/AssetDetails.tsx [Client Component Browser]
    ./apps/web/components/GlobalSearch.tsx [Client Component Browser]
    ./apps/web/components/TopHeader.tsx [Client Component Browser]
    ./apps/web/components/TopHeader.tsx [Server Component]
    ./apps/web/app/layout.tsx [Server Component]

  Client Component SSR:
    ./apps/web/components/AssetDetails.tsx [Client Component SSR]
    ./apps/web/components/GlobalSearch.tsx [Client Component SSR]
    ./apps/web/components/TopHeader.tsx [Client Component SSR]
    ./apps/web/components/TopHeader.tsx [Server Component]
    ./apps/web/app/layout.tsx [Server Component]

https://nextjs.org/docs/messages/module-not-found


⨯ ./apps/web/components/AssetDetails.tsx:15:1
Error: Module not found: Can't resolve '@/components/AssetWebConsoleProfilePanel'
  [90m13 |[0m [36mimport[0m { [33mAssetAgentPanel[0m } [36mfrom[0m [32m"@/components/AssetAgentPanel"[0m;
  [90m14 |[0m [36mimport[0m { [33mAssetSnmpPanel[0m } [36mfrom[0m [32m"@/components/AssetSnmpPanel"[0m;
[31m[1m>[0m [90m15 |[0m [36mimport[0m { [33mAssetWebConsoleProfilePanel[0m } [36mfrom[0m [32m"@/components/AssetWebConsoleProfilePanel"[0m;
  [90m   |[0m [31m[1m^^^^^^^^^^^^^^^^^^^^^^^^^^^^^^^^^^^^^^^^^^^^^^^^^^^^^^^^^^^^^^^^^^^^^^^^^^^^^^^^^^^^^^^[0m
  [90m16 |[0m [36mimport[0m styles [36mfrom[0m [32m"./AssetDetails.module.css"[0m;
  [90m17 |[0m
  [90m18 |[0m [36mtype[0m [33mDict[0m = ([36mtypeof[0m translations)[[32m"tr"[0m];

Import map: aliased to relative './components/AssetWebConsoleProfilePanel' inside of [project]/apps/web


Import traces:
  Client Component Browser:
    ./apps/web/components/AssetDetails.tsx [Client Component Browser]
    ./apps/web/components/GlobalSearch.tsx [Client Component Browser]
    ./apps/web/components/TopHeader.tsx [Client Component Browser]
    ./apps/web/components/TopHeader.tsx [Server Component]
    ./apps/web/app/layout.tsx [Server Component]

  Client Component SSR:
    ./apps/web/components/AssetDetails.tsx [Client Component SSR]
    ./apps/web/components/GlobalSearch.tsx [Client Component SSR]
    ./apps/web/components/TopHeader.tsx [Client Component SSR]
    ./apps/web/components/TopHeader.tsx [Server Component]
    ./apps/web/app/layout.tsx [Server Component]

https://nextjs.org/docs/messages/module-not-found


✓ Compiled in 484ms
⨯ ./apps/web/components/AssetDetails.tsx:15:1
Error: Module not found: Can't resolve '@/components/AssetWebConsoleProfilePanel'
  [90m13 |[0m [36mimport[0m { [33mAssetAgentPanel[0m } [36mfrom[0m [32m"@/components/AssetAgentPanel"[0m;
  [90m14 |[0m [36mimport[0m { [33mAssetSnmpPanel[0m } [36mfrom[0m [32m"@/components/AssetSnmpPanel"[0m;
[31m[1m>[0m [90m15 |[0m [36mimport[0m { [33mAssetWebConsoleProfilePanel[0m } [36mfrom[0m [32m"@/components/AssetWebConsoleProfilePanel"[0m;
  [90m   |[0m [31m[1m^^^^^^^^^^^^^^^^^^^^^^^^^^^^^^^^^^^^^^^^^^^^^^^^^^^^^^^^^^^^^^^^^^^^^^^^^^^^^^^^^^^^^^^[0m
  [90m16 |[0m [36mimport[0m styles [36mfrom[0m [32m"./AssetDetails.module.css"[0m;
  [90m17 |[0m
  [90m18 |[0m [36mtype[0m [33mDict[0m = ([36mtypeof[0m translations)[[32m"tr"[0m];

Import map: aliased to relative './components/AssetWebConsoleProfilePanel' inside of [project]/apps/web


Import traces:
  Client Component Browser:
    ./apps/web/components/AssetDetails.tsx [Client Component Browser]
    ./apps/web/components/GlobalSearch.tsx [Client Component Browser]
    ./apps/web/components/TopHeader.tsx [Client Component Browser]
    ./apps/web/components/TopHeader.tsx [Server Component]
    ./apps/web/app/layout.tsx [Server Component]

  Client Component SSR:
    ./apps/web/components/AssetDetails.tsx [Client Component SSR]
    ./apps/web/components/GlobalSearch.tsx [Client Component SSR]
    ./apps/web/components/TopHeader.tsx [Client Component SSR]
    ./apps/web/components/TopHeader.tsx [Server Component]
    ./apps/web/app/layout.tsx [Server Component]

https://nextjs.org/docs/messages/module-not-found


⨯ ./apps/web/components/AssetDetails.tsx:15:1
Error: Module not found: Can't resolve '@/components/AssetWebConsoleProfilePanel'
  [90m13 |[0m [36mimport[0m { [33mAssetAgentPanel[0m } [36mfrom[0m [32m"@/components/AssetAgentPanel"[0m;
  [90m14 |[0m [36mimport[0m { [33mAssetSnmpPanel[0m } [36mfrom[0m [32m"@/components/AssetSnmpPanel"[0m;
[31m[1m>[0m [90m15 |[0m [36mimport[0m { [33mAssetWebConsoleProfilePanel[0m } [36mfrom[0m [32m"@/components/AssetWebConsoleProfilePanel"[0m;
  [90m   |[0m [31m[1m^^^^^^^^^^^^^^^^^^^^^^^^^^^^^^^^^^^^^^^^^^^^^^^^^^^^^^^^^^^^^^^^^^^^^^^^^^^^^^^^^^^^^^^[0m
  [90m16 |[0m [36mimport[0m styles [36mfrom[0m [32m"./AssetDetails.module.css"[0m;
  [90m17 |[0m
  [90m18 |[0m [36mtype[0m [33mDict[0m = ([36mtypeof[0m translations)[[32m"tr"[0m];

Import map: aliased to relative './components/AssetWebConsoleProfilePanel' inside of [project]/apps/web


Import traces:
  Client Component Browser:
    ./apps/web/components/AssetDetails.tsx [Client Component Browser]
    ./apps/web/components/GlobalSearch.tsx [Client Component Browser]
    ./apps/web/components/TopHeader.tsx [Client Component Browser]
    ./apps/web/components/TopHeader.tsx [Server Component]
    ./apps/web/app/layout.tsx [Server Component]

  Client Component SSR:
    ./apps/web/components/AssetDetails.tsx [Client Component SSR]
    ./apps/web/components/GlobalSearch.tsx [Client Component SSR]
    ./apps/web/components/TopHeader.tsx [Client Component SSR]
    ./apps/web/components/TopHeader.tsx [Server Component]
    ./apps/web/app/layout.tsx [Server Component]

https://nextjs.org/docs/messages/module-not-found


⨯ ./apps/web/components/AssetDetails.tsx:15:1
Error: Module not found: Can't resolve '@/components/AssetWebConsoleProfilePanel'
  [90m13 |[0m [36mimport[0m { [33mAssetAgentPanel[0m } [36mfrom[0m [32m"@/components/AssetAgentPanel"[0m;
  [90m14 |[0m [36mimport[0m { [33mAssetSnmpPanel[0m } [36mfrom[0m [32m"@/components/AssetSnmpPanel"[0m;
[31m[1m>[0m [90m15 |[0m [36mimport[0m { [33mAssetWebConsoleProfilePanel[0m } [36mfrom[0m [32m"@/components/AssetWebConsoleProfilePanel"[0m;
  [90m   |[0m [31m[1m^^^^^^^^^^^^^^^^^^^^^^^^^^^^^^^^^^^^^^^^^^^^^^^^^^^^^^^^^^^^^^^^^^^^^^^^^^^^^^^^^^^^^^^[0m
  [90m16 |[0m [36mimport[0m styles [36mfrom[0m [32m"./AssetDetails.module.css"[0m;
  [90m17 |[0m
  [90m18 |[0m [36mtype[0m [33mDict[0m = ([36mtypeof[0m translations)[[32m"tr"[0m];

Import map: aliased to relative './components/AssetWebConsoleProfilePanel' inside of [project]/apps/web


Import traces:
  Client Component Browser:
    ./apps/web/components/AssetDetails.tsx [Client Component Browser]
    ./apps/web/components/GlobalSearch.tsx [Client Component Browser]
    ./apps/web/components/TopHeader.tsx [Client Component Browser]
    ./apps/web/components/TopHeader.tsx [Server Component]
    ./apps/web/app/layout.tsx [Server Component]

  Client Component SSR:
    ./apps/web/components/AssetDetails.tsx [Client Component SSR]
    ./apps/web/components/GlobalSearch.tsx [Client Component SSR]
    ./apps/web/components/TopHeader.tsx [Client Component SSR]
    ./apps/web/components/TopHeader.tsx [Server Component]
    ./apps/web/app/layout.tsx [Server Component]

https://nextjs.org/docs/messages/module-not-found


⨯ ./apps/web/components/AssetDetails.tsx:15:1
Error: Module not found: Can't resolve '@/components/AssetWebConsoleProfilePanel'
  [90m13 |[0m [36mimport[0m { [33mAssetAgentPanel[0m } [36mfrom[0m [32m"@/components/AssetAgentPanel"[0m;
  [90m14 |[0m [36mimport[0m { [33mAssetSnmpPanel[0m } [36mfrom[0m [32m"@/components/AssetSnmpPanel"[0m;
[31m[1m>[0m [90m15 |[0m [36mimport[0m { [33mAssetWebConsoleProfilePanel[0m } [36mfrom[0m [32m"@/components/AssetWebConsoleProfilePanel"[0m;
  [90m   |[0m [31m[1m^^^^^^^^^^^^^^^^^^^^^^^^^^^^^^^^^^^^^^^^^^^^^^^^^^^^^^^^^^^^^^^^^^^^^^^^^^^^^^^^^^^^^^^[0m
  [90m16 |[0m [36mimport[0m styles [36mfrom[0m [32m"./AssetDetails.module.css"[0m;
  [90m17 |[0m
  [90m18 |[0m [36mtype[0m [33mDict[0m = ([36mtypeof[0m translations)[[32m"tr"[0m];

Import map: aliased to relative './components/AssetWebConsoleProfilePanel' inside of [project]/apps/web


Import traces:
  Client Component Browser:
    ./apps/web/components/AssetDetails.tsx [Client Component Browser]
    ./apps/web/components/GlobalSearch.tsx [Client Component Browser]
    ./apps/web/components/TopHeader.tsx [Client Component Browser]
    ./apps/web/components/TopHeader.tsx [Server Component]
    ./apps/web/app/layout.tsx [Server Component]

  Client Component SSR:
    ./apps/web/components/AssetDetails.tsx [Client Component SSR]
    ./apps/web/components/GlobalSearch.tsx [Client Component SSR]
    ./apps/web/components/TopHeader.tsx [Client Component SSR]
    ./apps/web/components/TopHeader.tsx [Server Component]
    ./apps/web/app/layout.tsx [Server Component]

https://nextjs.org/docs/messages/module-not-found


⨯ ./apps/web/components/AssetDetails.tsx:15:1
Error: Module not found: Can't resolve '@/components/AssetWebConsoleProfilePanel'
  [90m13 |[0m [36mimport[0m { [33mAssetAgentPanel[0m } [36mfrom[0m [32m"@/components/AssetAgentPanel"[0m;
  [90m14 |[0m [36mimport[0m { [33mAssetSnmpPanel[0m } [36mfrom[0m [32m"@/components/AssetSnmpPanel"[0m;
[31m[1m>[0m [90m15 |[0m [36mimport[0m { [33mAssetWebConsoleProfilePanel[0m } [36mfrom[0m [32m"@/components/AssetWebConsoleProfilePanel"[0m;
  [90m   |[0m [31m[1m^^^^^^^^^^^^^^^^^^^^^^^^^^^^^^^^^^^^^^^^^^^^^^^^^^^^^^^^^^^^^^^^^^^^^^^^^^^^^^^^^^^^^^^[0m
  [90m16 |[0m [36mimport[0m styles [36mfrom[0m [32m"./AssetDetails.module.css"[0m;
  [90m17 |[0m
  [90m18 |[0m [36mtype[0m [33mDict[0m = ([36mtypeof[0m translations)[[32m"tr"[0m];

Import map: aliased to relative './components/AssetWebConsoleProfilePanel' inside of [project]/apps/web


Import traces:
  Client Component Browser:
    ./apps/web/components/AssetDetails.tsx [Client Component Browser]
    ./apps/web/components/GlobalSearch.tsx [Client Component Browser]
    ./apps/web/components/TopHeader.tsx [Client Component Browser]
    ./apps/web/components/TopHeader.tsx [Server Component]
    ./apps/web/app/layout.tsx [Server Component]

  Client Component SSR:
    ./apps/web/components/AssetDetails.tsx [Client Component SSR]
    ./apps/web/components/GlobalSearch.tsx [Client Component SSR]
    ./apps/web/components/TopHeader.tsx [Client Component SSR]
    ./apps/web/components/TopHeader.tsx [Server Component]
    ./apps/web/app/layout.tsx [Server Component]

https://nextjs.org/docs/messages/module-not-found


⨯ ./apps/web/components/AssetDetails.tsx:15:1
Error: Module not found: Can't resolve '@/components/AssetWebConsoleProfilePanel'
  [90m13 |[0m [36mimport[0m { [33mAssetAgentPanel[0m } [36mfrom[0m [32m"@/components/AssetAgentPanel"[0m;
  [90m14 |[0m [36mimport[0m { [33mAssetSnmpPanel[0m } [36mfrom[0m [32m"@/components/AssetSnmpPanel"[0m;
[31m[1m>[0m [90m15 |[0m [36mimport[0m { [33mAssetWebConsoleProfilePanel[0m } [36mfrom[0m [32m"@/components/AssetWebConsoleProfilePanel"[0m;
  [90m   |[0m [31m[1m^^^^^^^^^^^^^^^^^^^^^^^^^^^^^^^^^^^^^^^^^^^^^^^^^^^^^^^^^^^^^^^^^^^^^^^^^^^^^^^^^^^^^^^[0m
  [90m16 |[0m [36mimport[0m styles [36mfrom[0m [32m"./AssetDetails.module.css"[0m;
  [90m17 |[0m
  [90m18 |[0m [36mtype[0m [33mDict[0m = ([36mtypeof[0m translations)[[32m"tr"[0m];

Import map: aliased to relative './components/AssetWebConsoleProfilePanel' inside of [project]/apps/web


Import traces:
  Client Component Browser:
    ./apps/web/components/AssetDetails.tsx [Client Component Browser]
    ./apps/web/components/GlobalSearch.tsx [Client Component Browser]
    ./apps/web/components/TopHeader.tsx [Client Component Browser]
    ./apps/web/components/TopHeader.tsx [Server Component]
    ./apps/web/app/layout.tsx [Server Component]

  Client Component SSR:
    ./apps/web/components/AssetDetails.tsx [Client Component SSR]
    ./apps/web/components/GlobalSearch.tsx [Client Component SSR]
    ./apps/web/components/TopHeader.tsx [Client Component SSR]
    ./apps/web/components/TopHeader.tsx [Server Component]
    ./apps/web/app/layout.tsx [Server Component]

https://nextjs.org/docs/messages/module-not-found


⨯ ./apps/web/components/AssetDetails.tsx:15:1
Error: Module not found: Can't resolve '@/components/AssetWebConsoleProfilePanel'
  [90m13 |[0m [36mimport[0m { [33mAssetAgentPanel[0m } [36mfrom[0m [32m"@/components/AssetAgentPanel"[0m;
  [90m14 |[0m [36mimport[0m { [33mAssetSnmpPanel[0m } [36mfrom[0m [32m"@/components/AssetSnmpPanel"[0m;
[31m[1m>[0m [90m15 |[0m [36mimport[0m { [33mAssetWebConsoleProfilePanel[0m } [36mfrom[0m [32m"@/components/AssetWebConsoleProfilePanel"[0m;
  [90m   |[0m [31m[1m^^^^^^^^^^^^^^^^^^^^^^^^^^^^^^^^^^^^^^^^^^^^^^^^^^^^^^^^^^^^^^^^^^^^^^^^^^^^^^^^^^^^^^^[0m
  [90m16 |[0m [36mimport[0m styles [36mfrom[0m [32m"./AssetDetails.module.css"[0m;
  [90m17 |[0m
  [90m18 |[0m [36mtype[0m [33mDict[0m = ([36mtypeof[0m translations)[[32m"tr"[0m];

Import map: aliased to relative './components/AssetWebConsoleProfilePanel' inside of [project]/apps/web


Import traces:
  Client Component Browser:
    ./apps/web/components/AssetDetails.tsx [Client Component Browser]
    ./apps/web/components/GlobalSearch.tsx [Client Component Browser]
    ./apps/web/components/TopHeader.tsx [Client Component Browser]
    ./apps/web/components/TopHeader.tsx [Server Component]
    ./apps/web/app/layout.tsx [Server Component]

  Client Component SSR:
    ./apps/web/components/AssetDetails.tsx [Client Component SSR]
    ./apps/web/components/GlobalSearch.tsx [Client Component SSR]
    ./apps/web/components/TopHeader.tsx [Client Component SSR]
    ./apps/web/components/TopHeader.tsx [Server Component]
    ./apps/web/app/layout.tsx [Server Component]

https://nextjs.org/docs/messages/module-not-found


⨯ ./apps/web/components/AssetDetails.tsx:15:1
Error: Module not found: Can't resolve '@/components/AssetWebConsoleProfilePanel'
  [90m13 |[0m [36mimport[0m { [33mAssetAgentPanel[0m } [36mfrom[0m [32m"@/components/AssetAgentPanel"[0m;
  [90m14 |[0m [36mimport[0m { [33mAssetSnmpPanel[0m } [36mfrom[0m [32m"@/components/AssetSnmpPanel"[0m;
[31m[1m>[0m [90m15 |[0m [36mimport[0m { [33mAssetWebConsoleProfilePanel[0m } [36mfrom[0m [32m"@/components/AssetWebConsoleProfilePanel"[0m;
  [90m   |[0m [31m[1m^^^^^^^^^^^^^^^^^^^^^^^^^^^^^^^^^^^^^^^^^^^^^^^^^^^^^^^^^^^^^^^^^^^^^^^^^^^^^^^^^^^^^^^[0m
  [90m16 |[0m [36mimport[0m styles [36mfrom[0m [32m"./AssetDetails.module.css"[0m;
  [90m17 |[0m
  [90m18 |[0m [36mtype[0m [33mDict[0m = ([36mtypeof[0m translations)[[32m"tr"[0m];

Import map: aliased to relative './components/AssetWebConsoleProfilePanel' inside of [project]/apps/web


Import traces:
  Client Component Browser:
    ./apps/web/components/AssetDetails.tsx [Client Component Browser]
    ./apps/web/components/GlobalSearch.tsx [Client Component Browser]
    ./apps/web/components/TopHeader.tsx [Client Component Browser]
    ./apps/web/components/TopHeader.tsx [Server Component]
    ./apps/web/app/layout.tsx [Server Component]

  Client Component SSR:
    ./apps/web/components/AssetDetails.tsx [Client Component SSR]
    ./apps/web/components/GlobalSearch.tsx [Client Component SSR]
    ./apps/web/components/TopHeader.tsx [Client Component SSR]
    ./apps/web/components/TopHeader.tsx [Server Component]
    ./apps/web/app/layout.tsx [Server Component]

https://nextjs.org/docs/messages/module-not-found


⨯ ./apps/web/components/AssetDetails.tsx:15:1
Error: Module not found: Can't resolve '@/components/AssetWebConsoleProfilePanel'
  [90m13 |[0m [36mimport[0m { [33mAssetAgentPanel[0m } [36mfrom[0m [32m"@/components/AssetAgentPanel"[0m;
  [90m14 |[0m [36mimport[0m { [33mAssetSnmpPanel[0m } [36mfrom[0m [32m"@/components/AssetSnmpPanel"[0m;
[31m[1m>[0m [90m15 |[0m [36mimport[0m { [33mAssetWebConsoleProfilePanel[0m } [36mfrom[0m [32m"@/components/AssetWebConsoleProfilePanel"[0m;
  [90m   |[0m [31m[1m^^^^^^^^^^^^^^^^^^^^^^^^^^^^^^^^^^^^^^^^^^^^^^^^^^^^^^^^^^^^^^^^^^^^^^^^^^^^^^^^^^^^^^^[0m
  [90m16 |[0m [36mimport[0m styles [36mfrom[0m [32m"./AssetDetails.module.css"[0m;
  [90m17 |[0m
  [90m18 |[0m [36mtype[0m [33mDict[0m = ([36mtypeof[0m translations)[[32m"tr"[0m];

Import map: aliased to relative './components/AssetWebConsoleProfilePanel' inside of [project]/apps/web


Import traces:
  Client Component Browser:
    ./apps/web/components/AssetDetails.tsx [Client Component Browser]
    ./apps/web/components/GlobalSearch.tsx [Client Component Browser]
    ./apps/web/components/TopHeader.tsx [Client Component Browser]
    ./apps/web/components/TopHeader.tsx [Server Component]
    ./apps/web/app/layout.tsx [Server Component]

  Client Component SSR:
    ./apps/web/components/AssetDetails.tsx [Client Component SSR]
    ./apps/web/components/GlobalSearch.tsx [Client Component SSR]
    ./apps/web/components/TopHeader.tsx [Client Component SSR]
    ./apps/web/components/TopHeader.tsx [Server Component]
    ./apps/web/app/layout.tsx [Server Component]

https://nextjs.org/docs/messages/module-not-found


⨯ ./apps/web/components/AssetDetails.tsx:15:1
Error: Module not found: Can't resolve '@/components/AssetWebConsoleProfilePanel'
  [90m13 |[0m [36mimport[0m { [33mAssetAgentPanel[0m } [36mfrom[0m [32m"@/components/AssetAgentPanel"[0m;
  [90m14 |[0m [36mimport[0m { [33mAssetSnmpPanel[0m } [36mfrom[0m [32m"@/components/AssetSnmpPanel"[0m;
[31m[1m>[0m [90m15 |[0m [36mimport[0m { [33mAssetWebConsoleProfilePanel[0m } [36mfrom[0m [32m"@/components/AssetWebConsoleProfilePanel"[0m;
  [90m   |[0m [31m[1m^^^^^^^^^^^^^^^^^^^^^^^^^^^^^^^^^^^^^^^^^^^^^^^^^^^^^^^^^^^^^^^^^^^^^^^^^^^^^^^^^^^^^^^[0m
  [90m16 |[0m [36mimport[0m styles [36mfrom[0m [32m"./AssetDetails.module.css"[0m;
  [90m17 |[0m
  [90m18 |[0m [36mtype[0m [33mDict[0m = ([36mtypeof[0m translations)[[32m"tr"[0m];

Import map: aliased to relative './components/AssetWebConsoleProfilePanel' inside of [project]/apps/web


Import traces:
  Client Component Browser:
    ./apps/web/components/AssetDetails.tsx [Client Component Browser]
    ./apps/web/components/GlobalSearch.tsx [Client Component Browser]
    ./apps/web/components/TopHeader.tsx [Client Component Browser]
    ./apps/web/components/TopHeader.tsx [Server Component]
    ./apps/web/app/layout.tsx [Server Component]

  Client Component SSR:
    ./apps/web/components/AssetDetails.tsx [Client Component SSR]
    ./apps/web/components/GlobalSearch.tsx [Client Component SSR]
    ./apps/web/components/TopHeader.tsx [Client Component SSR]
    ./apps/web/components/TopHeader.tsx [Server Component]
    ./apps/web/app/layout.tsx [Server Component]

https://nextjs.org/docs/messages/module-not-found


⨯ ./apps/web/components/AssetDetails.tsx:15:1
Error: Module not found: Can't resolve '@/components/AssetWebConsoleProfilePanel'
  [90m13 |[0m [36mimport[0m { [33mAssetAgentPanel[0m } [36mfrom[0m [32m"@/components/AssetAgentPanel"[0m;
  [90m14 |[0m [36mimport[0m { [33mAssetSnmpPanel[0m } [36mfrom[0m [32m"@/components/AssetSnmpPanel"[0m;
[31m[1m>[0m [90m15 |[0m [36mimport[0m { [33mAssetWebConsoleProfilePanel[0m } [36mfrom[0m [32m"@/components/AssetWebConsoleProfilePanel"[0m;
  [90m   |[0m [31m[1m^^^^^^^^^^^^^^^^^^^^^^^^^^^^^^^^^^^^^^^^^^^^^^^^^^^^^^^^^^^^^^^^^^^^^^^^^^^^^^^^^^^^^^^[0m
  [90m16 |[0m [36mimport[0m styles [36mfrom[0m [32m"./AssetDetails.module.css"[0m;
  [90m17 |[0m
  [90m18 |[0m [36mtype[0m [33mDict[0m = ([36mtypeof[0m translations)[[32m"tr"[0m];

Import map: aliased to relative './components/AssetWebConsoleProfilePanel' inside of [project]/apps/web


Import traces:
  Client Component Browser:
    ./apps/web/components/AssetDetails.tsx [Client Component Browser]
    ./apps/web/components/GlobalSearch.tsx [Client Component Browser]
    ./apps/web/components/TopHeader.tsx [Client Component Browser]
    ./apps/web/components/TopHeader.tsx [Server Component]
    ./apps/web/app/layout.tsx [Server Component]

  Client Component SSR:
    ./apps/web/components/AssetDetails.tsx [Client Component SSR]
    ./apps/web/components/GlobalSearch.tsx [Client Component SSR]
    ./apps/web/components/TopHeader.tsx [Client Component SSR]
    ./apps/web/components/TopHeader.tsx [Server Component]
    ./apps/web/app/layout.tsx [Server Component]

https://nextjs.org/docs/messages/module-not-found


⨯ ./apps/web/components/AssetDetails.tsx:15:1
Error: Module not found: Can't resolve '@/components/AssetWebConsoleProfilePanel'
  [90m13 |[0m [36mimport[0m { [33mAssetAgentPanel[0m } [36mfrom[0m [32m"@/components/AssetAgentPanel"[0m;
  [90m14 |[0m [36mimport[0m { [33mAssetSnmpPanel[0m } [36mfrom[0m [32m"@/components/AssetSnmpPanel"[0m;
[31m[1m>[0m [90m15 |[0m [36mimport[0m { [33mAssetWebConsoleProfilePanel[0m } [36mfrom[0m [32m"@/components/AssetWebConsoleProfilePanel"[0m;
  [90m   |[0m [31m[1m^^^^^^^^^^^^^^^^^^^^^^^^^^^^^^^^^^^^^^^^^^^^^^^^^^^^^^^^^^^^^^^^^^^^^^^^^^^^^^^^^^^^^^^[0m
  [90m16 |[0m [36mimport[0m styles [36mfrom[0m [32m"./AssetDetails.module.css"[0m;
  [90m17 |[0m
  [90m18 |[0m [36mtype[0m [33mDict[0m = ([36mtypeof[0m translations)[[32m"tr"[0m];

Import map: aliased to relative './components/AssetWebConsoleProfilePanel' inside of [project]/apps/web


Import traces:
  Client Component Browser:
    ./apps/web/components/AssetDetails.tsx [Client Component Browser]
    ./apps/web/components/GlobalSearch.tsx [Client Component Browser]
    ./apps/web/components/TopHeader.tsx [Client Component Browser]
    ./apps/web/components/TopHeader.tsx [Server Component]
    ./apps/web/app/layout.tsx [Server Component]

  Client Component SSR:
    ./apps/web/components/AssetDetails.tsx [Client Component SSR]
    ./apps/web/components/GlobalSearch.tsx [Client Component SSR]
    ./apps/web/components/TopHeader.tsx [Client Component SSR]
    ./apps/web/components/TopHeader.tsx [Server Component]
    ./apps/web/app/layout.tsx [Server Component]

https://nextjs.org/docs/messages/module-not-found


⨯ ./apps/web/components/AssetDetails.tsx:15:1
Error: Module not found: Can't resolve '@/components/AssetWebConsoleProfilePanel'
  [90m13 |[0m [36mimport[0m { [33mAssetAgentPanel[0m } [36mfrom[0m [32m"@/components/AssetAgentPanel"[0m;
  [90m14 |[0m [36mimport[0m { [33mAssetSnmpPanel[0m } [36mfrom[0m [32m"@/components/AssetSnmpPanel"[0m;
[31m[1m>[0m [90m15 |[0m [36mimport[0m { [33mAssetWebConsoleProfilePanel[0m } [36mfrom[0m [32m"@/components/AssetWebConsoleProfilePanel"[0m;
  [90m   |[0m [31m[1m^^^^^^^^^^^^^^^^^^^^^^^^^^^^^^^^^^^^^^^^^^^^^^^^^^^^^^^^^^^^^^^^^^^^^^^^^^^^^^^^^^^^^^^[0m
  [90m16 |[0m [36mimport[0m styles [36mfrom[0m [32m"./AssetDetails.module.css"[0m;
  [90m17 |[0m
  [90m18 |[0m [36mtype[0m [33mDict[0m = ([36mtypeof[0m translations)[[32m"tr"[0m];

Import map: aliased to relative './components/AssetWebConsoleProfilePanel' inside of [project]/apps/web


Import traces:
  Client Component Browser:
    ./apps/web/components/AssetDetails.tsx [Client Component Browser]
    ./apps/web/components/GlobalSearch.tsx [Client Component Browser]
    ./apps/web/components/TopHeader.tsx [Client Component Browser]
    ./apps/web/components/TopHeader.tsx [Server Component]
    ./apps/web/app/layout.tsx [Server Component]

  Client Component SSR:
    ./apps/web/components/AssetDetails.tsx [Client Component SSR]
    ./apps/web/components/GlobalSearch.tsx [Client Component SSR]
    ./apps/web/components/TopHeader.tsx [Client Component SSR]
    ./apps/web/components/TopHeader.tsx [Server Component]
    ./apps/web/app/layout.tsx [Server Component]

https://nextjs.org/docs/messages/module-not-found


⨯ ./apps/web/components/AssetDetails.tsx:15:1
Error: Module not found: Can't resolve '@/components/AssetWebConsoleProfilePanel'
  [90m13 |[0m [36mimport[0m { [33mAssetAgentPanel[0m } [36mfrom[0m [32m"@/components/AssetAgentPanel"[0m;
  [90m14 |[0m [36mimport[0m { [33mAssetSnmpPanel[0m } [36mfrom[0m [32m"@/components/AssetSnmpPanel"[0m;
[31m[1m>[0m [90m15 |[0m [36mimport[0m { [33mAssetWebConsoleProfilePanel[0m } [36mfrom[0m [32m"@/components/AssetWebConsoleProfilePanel"[0m;
  [90m   |[0m [31m[1m^^^^^^^^^^^^^^^^^^^^^^^^^^^^^^^^^^^^^^^^^^^^^^^^^^^^^^^^^^^^^^^^^^^^^^^^^^^^^^^^^^^^^^^[0m
  [90m16 |[0m [36mimport[0m styles [36mfrom[0m [32m"./AssetDetails.module.css"[0m;
  [90m17 |[0m
  [90m18 |[0m [36mtype[0m [33mDict[0m = ([36mtypeof[0m translations)[[32m"tr"[0m];

Import map: aliased to relative './components/AssetWebConsoleProfilePanel' inside of [project]/apps/web


Import traces:
  Client Component Browser:
    ./apps/web/components/AssetDetails.tsx [Client Component Browser]
    ./apps/web/components/GlobalSearch.tsx [Client Component Browser]
    ./apps/web/components/TopHeader.tsx [Client Component Browser]
    ./apps/web/components/TopHeader.tsx [Server Component]
    ./apps/web/app/layout.tsx [Server Component]

  Client Component SSR:
    ./apps/web/components/AssetDetails.tsx [Client Component SSR]
    ./apps/web/components/GlobalSearch.tsx [Client Component SSR]
    ./apps/web/components/TopHeader.tsx [Client Component SSR]
    ./apps/web/components/TopHeader.tsx [Server Component]
    ./apps/web/app/layout.tsx [Server Component]

https://nextjs.org/docs/messages/module-not-found


⨯ ./apps/web/components/AssetDetails.tsx:15:1
Error: Module not found: Can't resolve '@/components/AssetWebConsoleProfilePanel'
  [90m13 |[0m [36mimport[0m { [33mAssetAgentPanel[0m } [36mfrom[0m [32m"@/components/AssetAgentPanel"[0m;
  [90m14 |[0m [36mimport[0m { [33mAssetSnmpPanel[0m } [36mfrom[0m [32m"@/components/AssetSnmpPanel"[0m;
[31m[1m>[0m [90m15 |[0m [36mimport[0m { [33mAssetWebConsoleProfilePanel[0m } [36mfrom[0m [32m"@/components/AssetWebConsoleProfilePanel"[0m;
  [90m   |[0m [31m[1m^^^^^^^^^^^^^^^^^^^^^^^^^^^^^^^^^^^^^^^^^^^^^^^^^^^^^^^^^^^^^^^^^^^^^^^^^^^^^^^^^^^^^^^[0m
  [90m16 |[0m [36mimport[0m styles [36mfrom[0m [32m"./AssetDetails.module.css"[0m;
  [90m17 |[0m
  [90m18 |[0m [36mtype[0m [33mDict[0m = ([36mtypeof[0m translations)[[32m"tr"[0m];

Import map: aliased to relative './components/AssetWebConsoleProfilePanel' inside of [project]/apps/web


Import traces:
  Client Component Browser:
    ./apps/web/components/AssetDetails.tsx [Client Component Browser]
    ./apps/web/components/GlobalSearch.tsx [Client Component Browser]
    ./apps/web/components/TopHeader.tsx [Client Component Browser]
    ./apps/web/components/TopHeader.tsx [Server Component]
    ./apps/web/app/layout.tsx [Server Component]

  Client Component SSR:
    ./apps/web/components/AssetDetails.tsx [Client Component SSR]
    ./apps/web/components/GlobalSearch.tsx [Client Component SSR]
    ./apps/web/components/TopHeader.tsx [Client Component SSR]
    ./apps/web/components/TopHeader.tsx [Server Component]
    ./apps/web/app/layout.tsx [Server Component]

https://nextjs.org/docs/messages/module-not-found


⨯ ./apps/web/components/AssetDetails.tsx:15:1
Error: Module not found: Can't resolve '@/components/AssetWebConsoleProfilePanel'
  [90m13 |[0m [36mimport[0m { [33mAssetAgentPanel[0m } [36mfrom[0m [32m"@/components/AssetAgentPanel"[0m;
  [90m14 |[0m [36mimport[0m { [33mAssetSnmpPanel[0m } [36mfrom[0m [32m"@/components/AssetSnmpPanel"[0m;
[31m[1m>[0m [90m15 |[0m [36mimport[0m { [33mAssetWebConsoleProfilePanel[0m } [36mfrom[0m [32m"@/components/AssetWebConsoleProfilePanel"[0m;
  [90m   |[0m [31m[1m^^^^^^^^^^^^^^^^^^^^^^^^^^^^^^^^^^^^^^^^^^^^^^^^^^^^^^^^^^^^^^^^^^^^^^^^^^^^^^^^^^^^^^^[0m
  [90m16 |[0m [36mimport[0m styles [36mfrom[0m [32m"./AssetDetails.module.css"[0m;
  [90m17 |[0m
  [90m18 |[0m [36mtype[0m [33mDict[0m = ([36mtypeof[0m translations)[[32m"tr"[0m];

Import map: aliased to relative './components/AssetWebConsoleProfilePanel' inside of [project]/apps/web


Import traces:
  Client Component Browser:
    ./apps/web/components/AssetDetails.tsx [Client Component Browser]
    ./apps/web/components/GlobalSearch.tsx [Client Component Browser]
    ./apps/web/components/TopHeader.tsx [Client Component Browser]
    ./apps/web/components/TopHeader.tsx [Server Component]
    ./apps/web/app/layout.tsx [Server Component]

  Client Component SSR:
    ./apps/web/components/AssetDetails.tsx [Client Component SSR]
    ./apps/web/components/GlobalSearch.tsx [Client Component SSR]
    ./apps/web/components/TopHeader.tsx [Client Component SSR]
    ./apps/web/components/TopHeader.tsx [Server Component]
    ./apps/web/app/layout.tsx [Server Component]

https://nextjs.org/docs/messages/module-not-found


⨯ ./apps/web/components/AssetDetails.tsx:15:1
Error: Module not found: Can't resolve '@/components/AssetWebConsoleProfilePanel'
  [90m13 |[0m [36mimport[0m { [33mAssetAgentPanel[0m } [36mfrom[0m [32m"@/components/AssetAgentPanel"[0m;
  [90m14 |[0m [36mimport[0m { [33mAssetSnmpPanel[0m } [36mfrom[0m [32m"@/components/AssetSnmpPanel"[0m;
[31m[1m>[0m [90m15 |[0m [36mimport[0m { [33mAssetWebConsoleProfilePanel[0m } [36mfrom[0m [32m"@/components/AssetWebConsoleProfilePanel"[0m;
  [90m   |[0m [31m[1m^^^^^^^^^^^^^^^^^^^^^^^^^^^^^^^^^^^^^^^^^^^^^^^^^^^^^^^^^^^^^^^^^^^^^^^^^^^^^^^^^^^^^^^[0m
  [90m16 |[0m [36mimport[0m styles [36mfrom[0m [32m"./AssetDetails.module.css"[0m;
  [90m17 |[0m
  [90m18 |[0m [36mtype[0m [33mDict[0m = ([36mtypeof[0m translations)[[32m"tr"[0m];

Import map: aliased to relative './components/AssetWebConsoleProfilePanel' inside of [project]/apps/web


Import traces:
  Client Component Browser:
    ./apps/web/components/AssetDetails.tsx [Client Component Browser]
    ./apps/web/components/GlobalSearch.tsx [Client Component Browser]
    ./apps/web/components/TopHeader.tsx [Client Component Browser]
    ./apps/web/components/TopHeader.tsx [Server Component]
    ./apps/web/app/layout.tsx [Server Component]

  Client Component SSR:
    ./apps/web/components/AssetDetails.tsx [Client Component SSR]
    ./apps/web/components/GlobalSearch.tsx [Client Component SSR]
    ./apps/web/components/TopHeader.tsx [Client Component SSR]
    ./apps/web/components/TopHeader.tsx [Server Component]
    ./apps/web/app/layout.tsx [Server Component]

https://nextjs.org/docs/messages/module-not-found


⨯ ./apps/web/components/AssetDetails.tsx:15:1
Error: Module not found: Can't resolve '@/components/AssetWebConsoleProfilePanel'
  [90m13 |[0m [36mimport[0m { [33mAssetAgentPanel[0m } [36mfrom[0m [32m"@/components/AssetAgentPanel"[0m;
  [90m14 |[0m [36mimport[0m { [33mAssetSnmpPanel[0m } [36mfrom[0m [32m"@/components/AssetSnmpPanel"[0m;
[31m[1m>[0m [90m15 |[0m [36mimport[0m { [33mAssetWebConsoleProfilePanel[0m } [36mfrom[0m [32m"@/components/AssetWebConsoleProfilePanel"[0m;
  [90m   |[0m [31m[1m^^^^^^^^^^^^^^^^^^^^^^^^^^^^^^^^^^^^^^^^^^^^^^^^^^^^^^^^^^^^^^^^^^^^^^^^^^^^^^^^^^^^^^^[0m
  [90m16 |[0m [36mimport[0m styles [36mfrom[0m [32m"./AssetDetails.module.css"[0m;
  [90m17 |[0m
  [90m18 |[0m [36mtype[0m [33mDict[0m = ([36mtypeof[0m translations)[[32m"tr"[0m];

Import map: aliased to relative './components/AssetWebConsoleProfilePanel' inside of [project]/apps/web


Import traces:
  Client Component Browser:
    ./apps/web/components/AssetDetails.tsx [Client Component Browser]
    ./apps/web/components/GlobalSearch.tsx [Client Component Browser]
    ./apps/web/components/TopHeader.tsx [Client Component Browser]
    ./apps/web/components/TopHeader.tsx [Server Component]
    ./apps/web/app/layout.tsx [Server Component]

  Client Component SSR:
    ./apps/web/components/AssetDetails.tsx [Client Component SSR]
    ./apps/web/components/GlobalSearch.tsx [Client Component SSR]
    ./apps/web/components/TopHeader.tsx [Client Component SSR]
    ./apps/web/components/TopHeader.tsx [Server Component]
    ./apps/web/app/layout.tsx [Server Component]

https://nextjs.org/docs/messages/module-not-found


⨯ ./apps/web/components/AssetDetails.tsx:15:1
Error: Module not found: Can't resolve '@/components/AssetWebConsoleProfilePanel'
  [90m13 |[0m [36mimport[0m { [33mAssetAgentPanel[0m } [36mfrom[0m [32m"@/components/AssetAgentPanel"[0m;
  [90m14 |[0m [36mimport[0m { [33mAssetSnmpPanel[0m } [36mfrom[0m [32m"@/components/AssetSnmpPanel"[0m;
[31m[1m>[0m [90m15 |[0m [36mimport[0m { [33mAssetWebConsoleProfilePanel[0m } [36mfrom[0m [32m"@/components/AssetWebConsoleProfilePanel"[0m;
  [90m   |[0m [31m[1m^^^^^^^^^^^^^^^^^^^^^^^^^^^^^^^^^^^^^^^^^^^^^^^^^^^^^^^^^^^^^^^^^^^^^^^^^^^^^^^^^^^^^^^[0m
  [90m16 |[0m [36mimport[0m styles [36mfrom[0m [32m"./AssetDetails.module.css"[0m;
  [90m17 |[0m
  [90m18 |[0m [36mtype[0m [33mDict[0m = ([36mtypeof[0m translations)[[32m"tr"[0m];

Import map: aliased to relative './components/AssetWebConsoleProfilePanel' inside of [project]/apps/web


Import traces:
  Client Component Browser:
    ./apps/web/components/AssetDetails.tsx [Client Component Browser]
    ./apps/web/components/GlobalSearch.tsx [Client Component Browser]
    ./apps/web/components/TopHeader.tsx [Client Component Browser]
    ./apps/web/components/TopHeader.tsx [Server Component]
    ./apps/web/app/layout.tsx [Server Component]

  Client Component SSR:
    ./apps/web/components/AssetDetails.tsx [Client Component SSR]
    ./apps/web/components/GlobalSearch.tsx [Client Component SSR]
    ./apps/web/components/TopHeader.tsx [Client Component SSR]
    ./apps/web/components/TopHeader.tsx [Server Component]
    ./apps/web/app/layout.tsx [Server Component]

https://nextjs.org/docs/messages/module-not-found


⨯ ./apps/web/components/AssetDetails.tsx:15:1
Error: Module not found: Can't resolve '@/components/AssetWebConsoleProfilePanel'
  [90m13 |[0m [36mimport[0m { [33mAssetAgentPanel[0m } [36mfrom[0m [32m"@/components/AssetAgentPanel"[0m;
  [90m14 |[0m [36mimport[0m { [33mAssetSnmpPanel[0m } [36mfrom[0m [32m"@/components/AssetSnmpPanel"[0m;
[31m[1m>[0m [90m15 |[0m [36mimport[0m { [33mAssetWebConsoleProfilePanel[0m } [36mfrom[0m [32m"@/components/AssetWebConsoleProfilePanel"[0m;
  [90m   |[0m [31m[1m^^^^^^^^^^^^^^^^^^^^^^^^^^^^^^^^^^^^^^^^^^^^^^^^^^^^^^^^^^^^^^^^^^^^^^^^^^^^^^^^^^^^^^^[0m
  [90m16 |[0m [36mimport[0m styles [36mfrom[0m [32m"./AssetDetails.module.css"[0m;
  [90m17 |[0m
  [90m18 |[0m [36mtype[0m [33mDict[0m = ([36mtypeof[0m translations)[[32m"tr"[0m];

Import map: aliased to relative './components/AssetWebConsoleProfilePanel' inside of [project]/apps/web


Import traces:
  Client Component Browser:
    ./apps/web/components/AssetDetails.tsx [Client Component Browser]
    ./apps/web/components/GlobalSearch.tsx [Client Component Browser]
    ./apps/web/components/TopHeader.tsx [Client Component Browser]
    ./apps/web/components/TopHeader.tsx [Server Component]
    ./apps/web/app/layout.tsx [Server Component]

  Client Component SSR:
    ./apps/web/components/AssetDetails.tsx [Client Component SSR]
    ./apps/web/components/GlobalSearch.tsx [Client Component SSR]
    ./apps/web/components/TopHeader.tsx [Client Component SSR]
    ./apps/web/components/TopHeader.tsx [Server Component]
    ./apps/web/app/layout.tsx [Server Component]

https://nextjs.org/docs/messages/module-not-found


⨯ ./apps/web/components/AssetDetails.tsx:15:1
Error: Module not found: Can't resolve '@/components/AssetWebConsoleProfilePanel'
  [90m13 |[0m [36mimport[0m { [33mAssetAgentPanel[0m } [36mfrom[0m [32m"@/components/AssetAgentPanel"[0m;
  [90m14 |[0m [36mimport[0m { [33mAssetSnmpPanel[0m } [36mfrom[0m [32m"@/components/AssetSnmpPanel"[0m;
[31m[1m>[0m [90m15 |[0m [36mimport[0m { [33mAssetWebConsoleProfilePanel[0m } [36mfrom[0m [32m"@/components/AssetWebConsoleProfilePanel"[0m;
  [90m   |[0m [31m[1m^^^^^^^^^^^^^^^^^^^^^^^^^^^^^^^^^^^^^^^^^^^^^^^^^^^^^^^^^^^^^^^^^^^^^^^^^^^^^^^^^^^^^^^[0m
  [90m16 |[0m [36mimport[0m styles [36mfrom[0m [32m"./AssetDetails.module.css"[0m;
  [90m17 |[0m
  [90m18 |[0m [36mtype[0m [33mDict[0m = ([36mtypeof[0m translations)[[32m"tr"[0m];

Import map: aliased to relative './components/AssetWebConsoleProfilePanel' inside of [project]/apps/web


Import traces:
  Client Component Browser:
    ./apps/web/components/AssetDetails.tsx [Client Component Browser]
    ./apps/web/components/GlobalSearch.tsx [Client Component Browser]
    ./apps/web/components/TopHeader.tsx [Client Component Browser]
    ./apps/web/components/TopHeader.tsx [Server Component]
    ./apps/web/app/layout.tsx [Server Component]

  Client Component SSR:
    ./apps/web/components/AssetDetails.tsx [Client Component SSR]
    ./apps/web/components/GlobalSearch.tsx [Client Component SSR]
    ./apps/web/components/TopHeader.tsx [Client Component SSR]
    ./apps/web/components/TopHeader.tsx [Server Component]
    ./apps/web/app/layout.tsx [Server Component]

https://nextjs.org/docs/messages/module-not-found


⨯ ./apps/web/components/AssetDetails.tsx:15:1
Error: Module not found: Can't resolve '@/components/AssetWebConsoleProfilePanel'
  [90m13 |[0m [36mimport[0m { [33mAssetAgentPanel[0m } [36mfrom[0m [32m"@/components/AssetAgentPanel"[0m;
  [90m14 |[0m [36mimport[0m { [33mAssetSnmpPanel[0m } [36mfrom[0m [32m"@/components/AssetSnmpPanel"[0m;
[31m[1m>[0m [90m15 |[0m [36mimport[0m { [33mAssetWebConsoleProfilePanel[0m } [36mfrom[0m [32m"@/components/AssetWebConsoleProfilePanel"[0m;
  [90m   |[0m [31m[1m^^^^^^^^^^^^^^^^^^^^^^^^^^^^^^^^^^^^^^^^^^^^^^^^^^^^^^^^^^^^^^^^^^^^^^^^^^^^^^^^^^^^^^^[0m
  [90m16 |[0m [36mimport[0m styles [36mfrom[0m [32m"./AssetDetails.module.css"[0m;
  [90m17 |[0m
  [90m18 |[0m [36mtype[0m [33mDict[0m = ([36mtypeof[0m translations)[[32m"tr"[0m];

Import map: aliased to relative './components/AssetWebConsoleProfilePanel' inside of [project]/apps/web


Import traces:
  Client Component Browser:
    ./apps/web/components/AssetDetails.tsx [Client Component Browser]
    ./apps/web/components/GlobalSearch.tsx [Client Component Browser]
    ./apps/web/components/TopHeader.tsx [Client Component Browser]
    ./apps/web/components/TopHeader.tsx [Server Component]
    ./apps/web/app/layout.tsx [Server Component]

  Client Component SSR:
    ./apps/web/components/AssetDetails.tsx [Client Component SSR]
    ./apps/web/components/GlobalSearch.tsx [Client Component SSR]
    ./apps/web/components/TopHeader.tsx [Client Component SSR]
    ./apps/web/components/TopHeader.tsx [Server Component]
    ./apps/web/app/layout.tsx [Server Component]

https://nextjs.org/docs/messages/module-not-found


⨯ ./apps/web/components/AssetDetails.tsx:15:1
Error: Module not found: Can't resolve '@/components/AssetWebConsoleProfilePanel'
  [90m13 |[0m [36mimport[0m { [33mAssetAgentPanel[0m } [36mfrom[0m [32m"@/components/AssetAgentPanel"[0m;
  [90m14 |[0m [36mimport[0m { [33mAssetSnmpPanel[0m } [36mfrom[0m [32m"@/components/AssetSnmpPanel"[0m;
[31m[1m>[0m [90m15 |[0m [36mimport[0m { [33mAssetWebConsoleProfilePanel[0m } [36mfrom[0m [32m"@/components/AssetWebConsoleProfilePanel"[0m;
  [90m   |[0m [31m[1m^^^^^^^^^^^^^^^^^^^^^^^^^^^^^^^^^^^^^^^^^^^^^^^^^^^^^^^^^^^^^^^^^^^^^^^^^^^^^^^^^^^^^^^[0m
  [90m16 |[0m [36mimport[0m styles [36mfrom[0m [32m"./AssetDetails.module.css"[0m;
  [90m17 |[0m
  [90m18 |[0m [36mtype[0m [33mDict[0m = ([36mtypeof[0m translations)[[32m"tr"[0m];

Import map: aliased to relative './components/AssetWebConsoleProfilePanel' inside of [project]/apps/web


Import traces:
  Client Component Browser:
    ./apps/web/components/AssetDetails.tsx [Client Component Browser]
    ./apps/web/components/GlobalSearch.tsx [Client Component Browser]
    ./apps/web/components/TopHeader.tsx [Client Component Browser]
    ./apps/web/components/TopHeader.tsx [Server Component]
    ./apps/web/app/layout.tsx [Server Component]

  Client Component SSR:
    ./apps/web/components/AssetDetails.tsx [Client Component SSR]
    ./apps/web/components/GlobalSearch.tsx [Client Component SSR]
    ./apps/web/components/TopHeader.tsx [Client Component SSR]
    ./apps/web/components/TopHeader.tsx [Server Component]
    ./apps/web/app/layout.tsx [Server Component]

https://nextjs.org/docs/messages/module-not-found


⨯ ./apps/web/components/AssetDetails.tsx:15:1
Error: Module not found: Can't resolve '@/components/AssetWebConsoleProfilePanel'
  [90m13 |[0m [36mimport[0m { [33mAssetAgentPanel[0m } [36mfrom[0m [32m"@/components/AssetAgentPanel"[0m;
  [90m14 |[0m [36mimport[0m { [33mAssetSnmpPanel[0m } [36mfrom[0m [32m"@/components/AssetSnmpPanel"[0m;
[31m[1m>[0m [90m15 |[0m [36mimport[0m { [33mAssetWebConsoleProfilePanel[0m } [36mfrom[0m [32m"@/components/AssetWebConsoleProfilePanel"[0m;
  [90m   |[0m [31m[1m^^^^^^^^^^^^^^^^^^^^^^^^^^^^^^^^^^^^^^^^^^^^^^^^^^^^^^^^^^^^^^^^^^^^^^^^^^^^^^^^^^^^^^^[0m
  [90m16 |[0m [36mimport[0m styles [36mfrom[0m [32m"./AssetDetails.module.css"[0m;
  [90m17 |[0m
  [90m18 |[0m [36mtype[0m [33mDict[0m = ([36mtypeof[0m translations)[[32m"tr"[0m];

Import map: aliased to relative './components/AssetWebConsoleProfilePanel' inside of [project]/apps/web


Import traces:
  Client Component Browser:
    ./apps/web/components/AssetDetails.tsx [Client Component Browser]
    ./apps/web/components/GlobalSearch.tsx [Client Component Browser]
    ./apps/web/components/TopHeader.tsx [Client Component Browser]
    ./apps/web/components/TopHeader.tsx [Server Component]
    ./apps/web/app/layout.tsx [Server Component]

  Client Component SSR:
    ./apps/web/components/AssetDetails.tsx [Client Component SSR]
    ./apps/web/components/GlobalSearch.tsx [Client Component SSR]
    ./apps/web/components/TopHeader.tsx [Client Component SSR]
    ./apps/web/components/TopHeader.tsx [Server Component]
    ./apps/web/app/layout.tsx [Server Component]

https://nextjs.org/docs/messages/module-not-found


⨯ ./apps/web/components/AssetDetails.tsx:15:1
Error: Module not found: Can't resolve '@/components/AssetWebConsoleProfilePanel'
  [90m13 |[0m [36mimport[0m { [33mAssetAgentPanel[0m } [36mfrom[0m [32m"@/components/AssetAgentPanel"[0m;
  [90m14 |[0m [36mimport[0m { [33mAssetSnmpPanel[0m } [36mfrom[0m [32m"@/components/AssetSnmpPanel"[0m;
[31m[1m>[0m [90m15 |[0m [36mimport[0m { [33mAssetWebConsoleProfilePanel[0m } [36mfrom[0m [32m"@/components/AssetWebConsoleProfilePanel"[0m;
  [90m   |[0m [31m[1m^^^^^^^^^^^^^^^^^^^^^^^^^^^^^^^^^^^^^^^^^^^^^^^^^^^^^^^^^^^^^^^^^^^^^^^^^^^^^^^^^^^^^^^[0m
  [90m16 |[0m [36mimport[0m styles [36mfrom[0m [32m"./AssetDetails.module.css"[0m;
  [90m17 |[0m
  [90m18 |[0m [36mtype[0m [33mDict[0m = ([36mtypeof[0m translations)[[32m"tr"[0m];

Import map: aliased to relative './components/AssetWebConsoleProfilePanel' inside of [project]/apps/web


Import traces:
  Client Component Browser:
    ./apps/web/components/AssetDetails.tsx [Client Component Browser]
    ./apps/web/components/GlobalSearch.tsx [Client Component Browser]
    ./apps/web/components/TopHeader.tsx [Client Component Browser]
    ./apps/web/components/TopHeader.tsx [Server Component]
    ./apps/web/app/layout.tsx [Server Component]

  Client Component SSR:
    ./apps/web/components/AssetDetails.tsx [Client Component SSR]
    ./apps/web/components/GlobalSearch.tsx [Client Component SSR]
    ./apps/web/components/TopHeader.tsx [Client Component SSR]
    ./apps/web/components/TopHeader.tsx [Server Component]
    ./apps/web/app/layout.tsx [Server Component]

https://nextjs.org/docs/messages/module-not-found


⨯ ./apps/web/components/AssetDetails.tsx:15:1
Error: Module not found: Can't resolve '@/components/AssetWebConsoleProfilePanel'
  [90m13 |[0m [36mimport[0m { [33mAssetAgentPanel[0m } [36mfrom[0m [32m"@/components/AssetAgentPanel"[0m;
  [90m14 |[0m [36mimport[0m { [33mAssetSnmpPanel[0m } [36mfrom[0m [32m"@/components/AssetSnmpPanel"[0m;
[31m[1m>[0m [90m15 |[0m [36mimport[0m { [33mAssetWebConsoleProfilePanel[0m } [36mfrom[0m [32m"@/components/AssetWebConsoleProfilePanel"[0m;
  [90m   |[0m [31m[1m^^^^^^^^^^^^^^^^^^^^^^^^^^^^^^^^^^^^^^^^^^^^^^^^^^^^^^^^^^^^^^^^^^^^^^^^^^^^^^^^^^^^^^^[0m
  [90m16 |[0m [36mimport[0m styles [36mfrom[0m [32m"./AssetDetails.module.css"[0m;
  [90m17 |[0m
  [90m18 |[0m [36mtype[0m [33mDict[0m = ([36mtypeof[0m translations)[[32m"tr"[0m];

Import map: aliased to relative './components/AssetWebConsoleProfilePanel' inside of [project]/apps/web


Import traces:
  Client Component Browser:
    ./apps/web/components/AssetDetails.tsx [Client Component Browser]
    ./apps/web/components/GlobalSearch.tsx [Client Component Browser]
    ./apps/web/components/TopHeader.tsx [Client Component Browser]
    ./apps/web/components/TopHeader.tsx [Server Component]
    ./apps/web/app/layout.tsx [Server Component]

  Client Component SSR:
    ./apps/web/components/AssetDetails.tsx [Client Component SSR]
    ./apps/web/components/GlobalSearch.tsx [Client Component SSR]
    ./apps/web/components/TopHeader.tsx [Client Component SSR]
    ./apps/web/components/TopHeader.tsx [Server Component]
    ./apps/web/app/layout.tsx [Server Component]

https://nextjs.org/docs/messages/module-not-found


⨯ ./apps/web/components/AssetDetails.tsx:15:1
Error: Module not found: Can't resolve '@/components/AssetWebConsoleProfilePanel'
  [90m13 |[0m [36mimport[0m { [33mAssetAgentPanel[0m } [36mfrom[0m [32m"@/components/AssetAgentPanel"[0m;
  [90m14 |[0m [36mimport[0m { [33mAssetSnmpPanel[0m } [36mfrom[0m [32m"@/components/AssetSnmpPanel"[0m;
[31m[1m>[0m [90m15 |[0m [36mimport[0m { [33mAssetWebConsoleProfilePanel[0m } [36mfrom[0m [32m"@/components/AssetWebConsoleProfilePanel"[0m;
  [90m   |[0m [31m[1m^^^^^^^^^^^^^^^^^^^^^^^^^^^^^^^^^^^^^^^^^^^^^^^^^^^^^^^^^^^^^^^^^^^^^^^^^^^^^^^^^^^^^^^[0m
  [90m16 |[0m [36mimport[0m styles [36mfrom[0m [32m"./AssetDetails.module.css"[0m;
  [90m17 |[0m
  [90m18 |[0m [36mtype[0m [33mDict[0m = ([36mtypeof[0m translations)[[32m"tr"[0m];

Import map: aliased to relative './components/AssetWebConsoleProfilePanel' inside of [project]/apps/web


Import traces:
  Client Component Browser:
    ./apps/web/components/AssetDetails.tsx [Client Component Browser]
    ./apps/web/components/GlobalSearch.tsx [Client Component Browser]
    ./apps/web/components/TopHeader.tsx [Client Component Browser]
    ./apps/web/components/TopHeader.tsx [Server Component]
    ./apps/web/app/layout.tsx [Server Component]

  Client Component SSR:
    ./apps/web/components/AssetDetails.tsx [Client Component SSR]
    ./apps/web/components/GlobalSearch.tsx [Client Component SSR]
    ./apps/web/components/TopHeader.tsx [Client Component SSR]
    ./apps/web/components/TopHeader.tsx [Server Component]
    ./apps/web/app/layout.tsx [Server Component]

https://nextjs.org/docs/messages/module-not-found


⨯ ./apps/web/components/AssetDetails.tsx:15:1
Error: Module not found: Can't resolve '@/components/AssetWebConsoleProfilePanel'
  [90m13 |[0m [36mimport[0m { [33mAssetAgentPanel[0m } [36mfrom[0m [32m"@/components/AssetAgentPanel"[0m;
  [90m14 |[0m [36mimport[0m { [33mAssetSnmpPanel[0m } [36mfrom[0m [32m"@/components/AssetSnmpPanel"[0m;
[31m[1m>[0m [90m15 |[0m [36mimport[0m { [33mAssetWebConsoleProfilePanel[0m } [36mfrom[0m [32m"@/components/AssetWebConsoleProfilePanel"[0m;
  [90m   |[0m [31m[1m^^^^^^^^^^^^^^^^^^^^^^^^^^^^^^^^^^^^^^^^^^^^^^^^^^^^^^^^^^^^^^^^^^^^^^^^^^^^^^^^^^^^^^^[0m
  [90m16 |[0m [36mimport[0m styles [36mfrom[0m [32m"./AssetDetails.module.css"[0m;
  [90m17 |[0m
  [90m18 |[0m [36mtype[0m [33mDict[0m = ([36mtypeof[0m translations)[[32m"tr"[0m];

Import map: aliased to relative './components/AssetWebConsoleProfilePanel' inside of [project]/apps/web


Import traces:
  Client Component Browser:
    ./apps/web/components/AssetDetails.tsx [Client Component Browser]
    ./apps/web/components/GlobalSearch.tsx [Client Component Browser]
    ./apps/web/components/TopHeader.tsx [Client Component Browser]
    ./apps/web/components/TopHeader.tsx [Server Component]
    ./apps/web/app/layout.tsx [Server Component]

  Client Component SSR:
    ./apps/web/components/AssetDetails.tsx [Client Component SSR]
    ./apps/web/components/GlobalSearch.tsx [Client Component SSR]
    ./apps/web/components/TopHeader.tsx [Client Component SSR]
    ./apps/web/components/TopHeader.tsx [Server Component]
    ./apps/web/app/layout.tsx [Server Component]

https://nextjs.org/docs/messages/module-not-found


⨯ ./apps/web/components/AssetDetails.tsx:15:1
Error: Module not found: Can't resolve '@/components/AssetWebConsoleProfilePanel'
  [90m13 |[0m [36mimport[0m { [33mAssetAgentPanel[0m } [36mfrom[0m [32m"@/components/AssetAgentPanel"[0m;
  [90m14 |[0m [36mimport[0m { [33mAssetSnmpPanel[0m } [36mfrom[0m [32m"@/components/AssetSnmpPanel"[0m;
[31m[1m>[0m [90m15 |[0m [36mimport[0m { [33mAssetWebConsoleProfilePanel[0m } [36mfrom[0m [32m"@/components/AssetWebConsoleProfilePanel"[0m;
  [90m   |[0m [31m[1m^^^^^^^^^^^^^^^^^^^^^^^^^^^^^^^^^^^^^^^^^^^^^^^^^^^^^^^^^^^^^^^^^^^^^^^^^^^^^^^^^^^^^^^[0m
  [90m16 |[0m [36mimport[0m styles [36mfrom[0m [32m"./AssetDetails.module.css"[0m;
  [90m17 |[0m
  [90m18 |[0m [36mtype[0m [33mDict[0m = ([36mtypeof[0m translations)[[32m"tr"[0m];

Import map: aliased to relative './components/AssetWebConsoleProfilePanel' inside of [project]/apps/web


Import traces:
  Client Component Browser:
    ./apps/web/components/AssetDetails.tsx [Client Component Browser]
    ./apps/web/components/GlobalSearch.tsx [Client Component Browser]
    ./apps/web/components/TopHeader.tsx [Client Component Browser]
    ./apps/web/components/TopHeader.tsx [Server Component]
    ./apps/web/app/layout.tsx [Server Component]

  Client Component SSR:
    ./apps/web/components/AssetDetails.tsx [Client Component SSR]
    ./apps/web/components/GlobalSearch.tsx [Client Component SSR]
    ./apps/web/components/TopHeader.tsx [Client Component SSR]
    ./apps/web/components/TopHeader.tsx [Server Component]
    ./apps/web/app/layout.tsx [Server Component]

https://nextjs.org/docs/messages/module-not-found


⨯ ./apps/web/components/AssetDetails.tsx:15:1
Error: Module not found: Can't resolve '@/components/AssetWebConsoleProfilePanel'
  [90m13 |[0m [36mimport[0m { [33mAssetAgentPanel[0m } [36mfrom[0m [32m"@/components/AssetAgentPanel"[0m;
  [90m14 |[0m [36mimport[0m { [33mAssetSnmpPanel[0m } [36mfrom[0m [32m"@/components/AssetSnmpPanel"[0m;
[31m[1m>[0m [90m15 |[0m [36mimport[0m { [33mAssetWebConsoleProfilePanel[0m } [36mfrom[0m [32m"@/components/AssetWebConsoleProfilePanel"[0m;
  [90m   |[0m [31m[1m^^^^^^^^^^^^^^^^^^^^^^^^^^^^^^^^^^^^^^^^^^^^^^^^^^^^^^^^^^^^^^^^^^^^^^^^^^^^^^^^^^^^^^^[0m
  [90m16 |[0m [36mimport[0m styles [36mfrom[0m [32m"./AssetDetails.module.css"[0m;
  [90m17 |[0m
  [90m18 |[0m [36mtype[0m [33mDict[0m = ([36mtypeof[0m translations)[[32m"tr"[0m];

Import map: aliased to relative './components/AssetWebConsoleProfilePanel' inside of [project]/apps/web


Import traces:
  Client Component Browser:
    ./apps/web/components/AssetDetails.tsx [Client Component Browser]
    ./apps/web/components/GlobalSearch.tsx [Client Component Browser]
    ./apps/web/components/TopHeader.tsx [Client Component Browser]
    ./apps/web/components/TopHeader.tsx [Server Component]
    ./apps/web/app/layout.tsx [Server Component]

  Client Component SSR:
    ./apps/web/components/AssetDetails.tsx [Client Component SSR]
    ./apps/web/components/GlobalSearch.tsx [Client Component SSR]
    ./apps/web/components/TopHeader.tsx [Client Component SSR]
    ./apps/web/components/TopHeader.tsx [Server Component]
    ./apps/web/app/layout.tsx [Server Component]

https://nextjs.org/docs/messages/module-not-found


⨯ ./apps/web/components/AssetDetails.tsx:15:1
Error: Module not found: Can't resolve '@/components/AssetWebConsoleProfilePanel'
  [90m13 |[0m [36mimport[0m { [33mAssetAgentPanel[0m } [36mfrom[0m [32m"@/components/AssetAgentPanel"[0m;
  [90m14 |[0m [36mimport[0m { [33mAssetSnmpPanel[0m } [36mfrom[0m [32m"@/components/AssetSnmpPanel"[0m;
[31m[1m>[0m [90m15 |[0m [36mimport[0m { [33mAssetWebConsoleProfilePanel[0m } [36mfrom[0m [32m"@/components/AssetWebConsoleProfilePanel"[0m;
  [90m   |[0m [31m[1m^^^^^^^^^^^^^^^^^^^^^^^^^^^^^^^^^^^^^^^^^^^^^^^^^^^^^^^^^^^^^^^^^^^^^^^^^^^^^^^^^^^^^^^[0m
  [90m16 |[0m [36mimport[0m styles [36mfrom[0m [32m"./AssetDetails.module.css"[0m;
  [90m17 |[0m
  [90m18 |[0m [36mtype[0m [33mDict[0m = ([36mtypeof[0m translations)[[32m"tr"[0m];

Import map: aliased to relative './components/AssetWebConsoleProfilePanel' inside of [project]/apps/web


Import traces:
  Client Component Browser:
    ./apps/web/components/AssetDetails.tsx [Client Component Browser]
    ./apps/web/components/GlobalSearch.tsx [Client Component Browser]
    ./apps/web/components/TopHeader.tsx [Client Component Browser]
    ./apps/web/components/TopHeader.tsx [Server Component]
    ./apps/web/app/layout.tsx [Server Component]

  Client Component SSR:
    ./apps/web/components/AssetDetails.tsx [Client Component SSR]
    ./apps/web/components/GlobalSearch.tsx [Client Component SSR]
    ./apps/web/components/TopHeader.tsx [Client Component SSR]
    ./apps/web/components/TopHeader.tsx [Server Component]
    ./apps/web/app/layout.tsx [Server Component]

https://nextjs.org/docs/messages/module-not-found


⨯ ./apps/web/components/AssetDetails.tsx:15:1
Error: Module not found: Can't resolve '@/components/AssetWebConsoleProfilePanel'
  [90m13 |[0m [36mimport[0m { [33mAssetAgentPanel[0m } [36mfrom[0m [32m"@/components/AssetAgentPanel"[0m;
  [90m14 |[0m [36mimport[0m { [33mAssetSnmpPanel[0m } [36mfrom[0m [32m"@/components/AssetSnmpPanel"[0m;
[31m[1m>[0m [90m15 |[0m [36mimport[0m { [33mAssetWebConsoleProfilePanel[0m } [36mfrom[0m [32m"@/components/AssetWebConsoleProfilePanel"[0m;
  [90m   |[0m [31m[1m^^^^^^^^^^^^^^^^^^^^^^^^^^^^^^^^^^^^^^^^^^^^^^^^^^^^^^^^^^^^^^^^^^^^^^^^^^^^^^^^^^^^^^^[0m
  [90m16 |[0m [36mimport[0m styles [36mfrom[0m [32m"./AssetDetails.module.css"[0m;
  [90m17 |[0m
  [90m18 |[0m [36mtype[0m [33mDict[0m = ([36mtypeof[0m translations)[[32m"tr"[0m];

Import map: aliased to relative './components/AssetWebConsoleProfilePanel' inside of [project]/apps/web


Import traces:
  Client Component Browser:
    ./apps/web/components/AssetDetails.tsx [Client Component Browser]
    ./apps/web/components/GlobalSearch.tsx [Client Component Browser]
    ./apps/web/components/TopHeader.tsx [Client Component Browser]
    ./apps/web/components/TopHeader.tsx [Server Component]
    ./apps/web/app/layout.tsx [Server Component]

  Client Component SSR:
    ./apps/web/components/AssetDetails.tsx [Client Component SSR]
    ./apps/web/components/GlobalSearch.tsx [Client Component SSR]
    ./apps/web/components/TopHeader.tsx [Client Component SSR]
    ./apps/web/components/TopHeader.tsx [Server Component]
    ./apps/web/app/layout.tsx [Server Component]

https://nextjs.org/docs/messages/module-not-found


⨯ ./apps/web/components/AssetDetails.tsx:15:1
Error: Module not found: Can't resolve '@/components/AssetWebConsoleProfilePanel'
  [90m13 |[0m [36mimport[0m { [33mAssetAgentPanel[0m } [36mfrom[0m [32m"@/components/AssetAgentPanel"[0m;
  [90m14 |[0m [36mimport[0m { [33mAssetSnmpPanel[0m } [36mfrom[0m [32m"@/components/AssetSnmpPanel"[0m;
[31m[1m>[0m [90m15 |[0m [36mimport[0m { [33mAssetWebConsoleProfilePanel[0m } [36mfrom[0m [32m"@/components/AssetWebConsoleProfilePanel"[0m;
  [90m   |[0m [31m[1m^^^^^^^^^^^^^^^^^^^^^^^^^^^^^^^^^^^^^^^^^^^^^^^^^^^^^^^^^^^^^^^^^^^^^^^^^^^^^^^^^^^^^^^[0m
  [90m16 |[0m [36mimport[0m styles [36mfrom[0m [32m"./AssetDetails.module.css"[0m;
  [90m17 |[0m
  [90m18 |[0m [36mtype[0m [33mDict[0m = ([36mtypeof[0m translations)[[32m"tr"[0m];

Import map: aliased to relative './components/AssetWebConsoleProfilePanel' inside of [project]/apps/web


Import traces:
  Client Component Browser:
    ./apps/web/components/AssetDetails.tsx [Client Component Browser]
    ./apps/web/components/GlobalSearch.tsx [Client Component Browser]
    ./apps/web/components/TopHeader.tsx [Client Component Browser]
    ./apps/web/components/TopHeader.tsx [Server Component]
    ./apps/web/app/layout.tsx [Server Component]

  Client Component SSR:
    ./apps/web/components/AssetDetails.tsx [Client Component SSR]
    ./apps/web/components/GlobalSearch.tsx [Client Component SSR]
    ./apps/web/components/TopHeader.tsx [Client Component SSR]
    ./apps/web/components/TopHeader.tsx [Server Component]
    ./apps/web/app/layout.tsx [Server Component]

https://nextjs.org/docs/messages/module-not-found


⨯ ./apps/web/components/AssetDetails.tsx:15:1
Error: Module not found: Can't resolve '@/components/AssetWebConsoleProfilePanel'
  [90m13 |[0m [36mimport[0m { [33mAssetAgentPanel[0m } [36mfrom[0m [32m"@/components/AssetAgentPanel"[0m;
  [90m14 |[0m [36mimport[0m { [33mAssetSnmpPanel[0m } [36mfrom[0m [32m"@/components/AssetSnmpPanel"[0m;
[31m[1m>[0m [90m15 |[0m [36mimport[0m { [33mAssetWebConsoleProfilePanel[0m } [36mfrom[0m [32m"@/components/AssetWebConsoleProfilePanel"[0m;
  [90m   |[0m [31m[1m^^^^^^^^^^^^^^^^^^^^^^^^^^^^^^^^^^^^^^^^^^^^^^^^^^^^^^^^^^^^^^^^^^^^^^^^^^^^^^^^^^^^^^^[0m
  [90m16 |[0m [36mimport[0m styles [36mfrom[0m [32m"./AssetDetails.module.css"[0m;
  [90m17 |[0m
  [90m18 |[0m [36mtype[0m [33mDict[0m = ([36mtypeof[0m translations)[[32m"tr"[0m];

Import map: aliased to relative './components/AssetWebConsoleProfilePanel' inside of [project]/apps/web


Import traces:
  Client Component Browser:
    ./apps/web/components/AssetDetails.tsx [Client Component Browser]
    ./apps/web/components/GlobalSearch.tsx [Client Component Browser]
    ./apps/web/components/TopHeader.tsx [Client Component Browser]
    ./apps/web/components/TopHeader.tsx [Server Component]
    ./apps/web/app/layout.tsx [Server Component]

  Client Component SSR:
    ./apps/web/components/AssetDetails.tsx [Client Component SSR]
    ./apps/web/components/GlobalSearch.tsx [Client Component SSR]
    ./apps/web/components/TopHeader.tsx [Client Component SSR]
    ./apps/web/components/TopHeader.tsx [Server Component]
    ./apps/web/app/layout.tsx [Server Component]

https://nextjs.org/docs/messages/module-not-found


⨯ ./apps/web/components/AssetDetails.tsx:15:1
Error: Module not found: Can't resolve '@/components/AssetWebConsoleProfilePanel'
  [90m13 |[0m [36mimport[0m { [33mAssetAgentPanel[0m } [36mfrom[0m [32m"@/components/AssetAgentPanel"[0m;
  [90m14 |[0m [36mimport[0m { [33mAssetSnmpPanel[0m } [36mfrom[0m [32m"@/components/AssetSnmpPanel"[0m;
[31m[1m>[0m [90m15 |[0m [36mimport[0m { [33mAssetWebConsoleProfilePanel[0m } [36mfrom[0m [32m"@/components/AssetWebConsoleProfilePanel"[0m;
  [90m   |[0m [31m[1m^^^^^^^^^^^^^^^^^^^^^^^^^^^^^^^^^^^^^^^^^^^^^^^^^^^^^^^^^^^^^^^^^^^^^^^^^^^^^^^^^^^^^^^[0m
  [90m16 |[0m [36mimport[0m styles [36mfrom[0m [32m"./AssetDetails.module.css"[0m;
  [90m17 |[0m
  [90m18 |[0m [36mtype[0m [33mDict[0m = ([36mtypeof[0m translations)[[32m"tr"[0m];

Import map: aliased to relative './components/AssetWebConsoleProfilePanel' inside of [project]/apps/web


Import traces:
  Client Component Browser:
    ./apps/web/components/AssetDetails.tsx [Client Component Browser]
    ./apps/web/components/GlobalSearch.tsx [Client Component Browser]
    ./apps/web/components/TopHeader.tsx [Client Component Browser]
    ./apps/web/components/TopHeader.tsx [Server Component]
    ./apps/web/app/layout.tsx [Server Component]

  Client Component SSR:
    ./apps/web/components/AssetDetails.tsx [Client Component SSR]
    ./apps/web/components/GlobalSearch.tsx [Client Component SSR]
    ./apps/web/components/TopHeader.tsx [Client Component SSR]
    ./apps/web/components/TopHeader.tsx [Server Component]
    ./apps/web/app/layout.tsx [Server Component]

https://nextjs.org/docs/messages/module-not-found


⨯ ./apps/web/components/AssetDetails.tsx:15:1
Error: Module not found: Can't resolve '@/components/AssetWebConsoleProfilePanel'
  [90m13 |[0m [36mimport[0m { [33mAssetAgentPanel[0m } [36mfrom[0m [32m"@/components/AssetAgentPanel"[0m;
  [90m14 |[0m [36mimport[0m { [33mAssetSnmpPanel[0m } [36mfrom[0m [32m"@/components/AssetSnmpPanel"[0m;
[31m[1m>[0m [90m15 |[0m [36mimport[0m { [33mAssetWebConsoleProfilePanel[0m } [36mfrom[0m [32m"@/components/AssetWebConsoleProfilePanel"[0m;
  [90m   |[0m [31m[1m^^^^^^^^^^^^^^^^^^^^^^^^^^^^^^^^^^^^^^^^^^^^^^^^^^^^^^^^^^^^^^^^^^^^^^^^^^^^^^^^^^^^^^^[0m
  [90m16 |[0m [36mimport[0m styles [36mfrom[0m [32m"./AssetDetails.module.css"[0m;
  [90m17 |[0m
  [90m18 |[0m [36mtype[0m [33mDict[0m = ([36mtypeof[0m translations)[[32m"tr"[0m];

Import map: aliased to relative './components/AssetWebConsoleProfilePanel' inside of [project]/apps/web


Import traces:
  Client Component Browser:
    ./apps/web/components/AssetDetails.tsx [Client Component Browser]
    ./apps/web/components/GlobalSearch.tsx [Client Component Browser]
    ./apps/web/components/TopHeader.tsx [Client Component Browser]
    ./apps/web/components/TopHeader.tsx [Server Component]
    ./apps/web/app/layout.tsx [Server Component]

  Client Component SSR:
    ./apps/web/components/AssetDetails.tsx [Client Component SSR]
    ./apps/web/components/GlobalSearch.tsx [Client Component SSR]
    ./apps/web/components/TopHeader.tsx [Client Component SSR]
    ./apps/web/components/TopHeader.tsx [Server Component]
    ./apps/web/app/layout.tsx [Server Component]

https://nextjs.org/docs/messages/module-not-found


✓ Compiled in 218ms
⨯ ./apps/web/components/AssetDetails.tsx:15:1
Error: Module not found: Can't resolve '@/components/AssetWebConsoleProfilePanel'
  [90m13 |[0m [36mimport[0m { [33mAssetAgentPanel[0m } [36mfrom[0m [32m"@/components/AssetAgentPanel"[0m;
  [90m14 |[0m [36mimport[0m { [33mAssetSnmpPanel[0m } [36mfrom[0m [32m"@/components/AssetSnmpPanel"[0m;
[31m[1m>[0m [90m15 |[0m [36mimport[0m { [33mAssetWebConsoleProfilePanel[0m } [36mfrom[0m [32m"@/components/AssetWebConsoleProfilePanel"[0m;
  [90m   |[0m [31m[1m^^^^^^^^^^^^^^^^^^^^^^^^^^^^^^^^^^^^^^^^^^^^^^^^^^^^^^^^^^^^^^^^^^^^^^^^^^^^^^^^^^^^^^^[0m
  [90m16 |[0m [36mimport[0m styles [36mfrom[0m [32m"./AssetDetails.module.css"[0m;
  [90m17 |[0m
  [90m18 |[0m [36mtype[0m [33mDict[0m = ([36mtypeof[0m translations)[[32m"tr"[0m];

Import map: aliased to relative './components/AssetWebConsoleProfilePanel' inside of [project]/apps/web


Import traces:
  Client Component Browser:
    ./apps/web/components/AssetDetails.tsx [Client Component Browser]
    ./apps/web/components/GlobalSearch.tsx [Client Component Browser]
    ./apps/web/components/TopHeader.tsx [Client Component Browser]
    ./apps/web/components/TopHeader.tsx [Server Component]
    ./apps/web/app/layout.tsx [Server Component]

  Client Component SSR:
    ./apps/web/components/AssetDetails.tsx [Client Component SSR]
    ./apps/web/components/GlobalSearch.tsx [Client Component SSR]
    ./apps/web/components/TopHeader.tsx [Client Component SSR]
    ./apps/web/components/TopHeader.tsx [Server Component]
    ./apps/web/app/layout.tsx [Server Component]

https://nextjs.org/docs/messages/module-not-found


⨯ ./apps/web/components/AssetDetails.tsx:15:1
Error: Module not found: Can't resolve '@/components/AssetWebConsoleProfilePanel'
  [90m13 |[0m [36mimport[0m { [33mAssetAgentPanel[0m } [36mfrom[0m [32m"@/components/AssetAgentPanel"[0m;
  [90m14 |[0m [36mimport[0m { [33mAssetSnmpPanel[0m } [36mfrom[0m [32m"@/components/AssetSnmpPanel"[0m;
[31m[1m>[0m [90m15 |[0m [36mimport[0m { [33mAssetWebConsoleProfilePanel[0m } [36mfrom[0m [32m"@/components/AssetWebConsoleProfilePanel"[0m;
  [90m   |[0m [31m[1m^^^^^^^^^^^^^^^^^^^^^^^^^^^^^^^^^^^^^^^^^^^^^^^^^^^^^^^^^^^^^^^^^^^^^^^^^^^^^^^^^^^^^^^[0m
  [90m16 |[0m [36mimport[0m styles [36mfrom[0m [32m"./AssetDetails.module.css"[0m;
  [90m17 |[0m
  [90m18 |[0m [36mtype[0m [33mDict[0m = ([36mtypeof[0m translations)[[32m"tr"[0m];

Import map: aliased to relative './components/AssetWebConsoleProfilePanel' inside of [project]/apps/web


Import traces:
  Client Component Browser:
    ./apps/web/components/AssetDetails.tsx [Client Component Browser]
    ./apps/web/components/GlobalSearch.tsx [Client Component Browser]
    ./apps/web/components/TopHeader.tsx [Client Component Browser]
    ./apps/web/components/TopHeader.tsx [Server Component]
    ./apps/web/app/layout.tsx [Server Component]

  Client Component SSR:
    ./apps/web/components/AssetDetails.tsx [Client Component SSR]
    ./apps/web/components/GlobalSearch.tsx [Client Component SSR]
    ./apps/web/components/TopHeader.tsx [Client Component SSR]
    ./apps/web/components/TopHeader.tsx [Server Component]
    ./apps/web/app/layout.tsx [Server Component]

https://nextjs.org/docs/messages/module-not-found


⨯ ./apps/web/components/AssetDetails.tsx:15:1
Error: Module not found: Can't resolve '@/components/AssetWebConsoleProfilePanel'
  [90m13 |[0m [36mimport[0m { [33mAssetAgentPanel[0m } [36mfrom[0m [32m"@/components/AssetAgentPanel"[0m;
  [90m14 |[0m [36mimport[0m { [33mAssetSnmpPanel[0m } [36mfrom[0m [32m"@/components/AssetSnmpPanel"[0m;
[31m[1m>[0m [90m15 |[0m [36mimport[0m { [33mAssetWebConsoleProfilePanel[0m } [36mfrom[0m [32m"@/components/AssetWebConsoleProfilePanel"[0m;
  [90m   |[0m [31m[1m^^^^^^^^^^^^^^^^^^^^^^^^^^^^^^^^^^^^^^^^^^^^^^^^^^^^^^^^^^^^^^^^^^^^^^^^^^^^^^^^^^^^^^^[0m
  [90m16 |[0m [36mimport[0m styles [36mfrom[0m [32m"./AssetDetails.module.css"[0m;
  [90m17 |[0m
  [90m18 |[0m [36mtype[0m [33mDict[0m = ([36mtypeof[0m translations)[[32m"tr"[0m];

Import map: aliased to relative './components/AssetWebConsoleProfilePanel' inside of [project]/apps/web


Import traces:
  Client Component Browser:
    ./apps/web/components/AssetDetails.tsx [Client Component Browser]
    ./apps/web/components/GlobalSearch.tsx [Client Component Browser]
    ./apps/web/components/TopHeader.tsx [Client Component Browser]
    ./apps/web/components/TopHeader.tsx [Server Component]
    ./apps/web/app/layout.tsx [Server Component]

  Client Component SSR:
    ./apps/web/components/AssetDetails.tsx [Client Component SSR]
    ./apps/web/components/GlobalSearch.tsx [Client Component SSR]
    ./apps/web/components/TopHeader.tsx [Client Component SSR]
    ./apps/web/components/TopHeader.tsx [Server Component]
    ./apps/web/app/layout.tsx [Server Component]

https://nextjs.org/docs/messages/module-not-found


⨯ ./apps/web/components/AssetDetails.tsx:15:1
Error: Module not found: Can't resolve '@/components/AssetWebConsoleProfilePanel'
  [90m13 |[0m [36mimport[0m { [33mAssetAgentPanel[0m } [36mfrom[0m [32m"@/components/AssetAgentPanel"[0m;
  [90m14 |[0m [36mimport[0m { [33mAssetSnmpPanel[0m } [36mfrom[0m [32m"@/components/AssetSnmpPanel"[0m;
[31m[1m>[0m [90m15 |[0m [36mimport[0m { [33mAssetWebConsoleProfilePanel[0m } [36mfrom[0m [32m"@/components/AssetWebConsoleProfilePanel"[0m;
  [90m   |[0m [31m[1m^^^^^^^^^^^^^^^^^^^^^^^^^^^^^^^^^^^^^^^^^^^^^^^^^^^^^^^^^^^^^^^^^^^^^^^^^^^^^^^^^^^^^^^[0m
  [90m16 |[0m [36mimport[0m styles [36mfrom[0m [32m"./AssetDetails.module.css"[0m;
  [90m17 |[0m
  [90m18 |[0m [36mtype[0m [33mDict[0m = ([36mtypeof[0m translations)[[32m"tr"[0m];

Import map: aliased to relative './components/AssetWebConsoleProfilePanel' inside of [project]/apps/web


Import traces:
  Client Component Browser:
    ./apps/web/components/AssetDetails.tsx [Client Component Browser]
    ./apps/web/components/GlobalSearch.tsx [Client Component Browser]
    ./apps/web/components/TopHeader.tsx [Client Component Browser]
    ./apps/web/components/TopHeader.tsx [Server Component]
    ./apps/web/app/layout.tsx [Server Component]

  Client Component SSR:
    ./apps/web/components/AssetDetails.tsx [Client Component SSR]
    ./apps/web/components/GlobalSearch.tsx [Client Component SSR]
    ./apps/web/components/TopHeader.tsx [Client Component SSR]
    ./apps/web/components/TopHeader.tsx [Server Component]
    ./apps/web/app/layout.tsx [Server Component]

https://nextjs.org/docs/messages/module-not-found


⨯ ./apps/web/components/AssetDetails.tsx:15:1
Error: Module not found: Can't resolve '@/components/AssetWebConsoleProfilePanel'
  [90m13 |[0m [36mimport[0m { [33mAssetAgentPanel[0m } [36mfrom[0m [32m"@/components/AssetAgentPanel"[0m;
  [90m14 |[0m [36mimport[0m { [33mAssetSnmpPanel[0m } [36mfrom[0m [32m"@/components/AssetSnmpPanel"[0m;
[31m[1m>[0m [90m15 |[0m [36mimport[0m { [33mAssetWebConsoleProfilePanel[0m } [36mfrom[0m [32m"@/components/AssetWebConsoleProfilePanel"[0m;
  [90m   |[0m [31m[1m^^^^^^^^^^^^^^^^^^^^^^^^^^^^^^^^^^^^^^^^^^^^^^^^^^^^^^^^^^^^^^^^^^^^^^^^^^^^^^^^^^^^^^^[0m
  [90m16 |[0m [36mimport[0m styles [36mfrom[0m [32m"./AssetDetails.module.css"[0m;
  [90m17 |[0m
  [90m18 |[0m [36mtype[0m [33mDict[0m = ([36mtypeof[0m translations)[[32m"tr"[0m];

Import map: aliased to relative './components/AssetWebConsoleProfilePanel' inside of [project]/apps/web


Import traces:
  Client Component Browser:
    ./apps/web/components/AssetDetails.tsx [Client Component Browser]
    ./apps/web/components/GlobalSearch.tsx [Client Component Browser]
    ./apps/web/components/TopHeader.tsx [Client Component Browser]
    ./apps/web/components/TopHeader.tsx [Server Component]
    ./apps/web/app/layout.tsx [Server Component]

  Client Component SSR:
    ./apps/web/components/AssetDetails.tsx [Client Component SSR]
    ./apps/web/components/GlobalSearch.tsx [Client Component SSR]
    ./apps/web/components/TopHeader.tsx [Client Component SSR]
    ./apps/web/components/TopHeader.tsx [Server Component]
    ./apps/web/app/layout.tsx [Server Component]

https://nextjs.org/docs/messages/module-not-found


⨯ ./apps/web/components/AssetDetails.tsx:15:1
Error: Module not found: Can't resolve '@/components/AssetWebConsoleProfilePanel'
  [90m13 |[0m [36mimport[0m { [33mAssetAgentPanel[0m } [36mfrom[0m [32m"@/components/AssetAgentPanel"[0m;
  [90m14 |[0m [36mimport[0m { [33mAssetSnmpPanel[0m } [36mfrom[0m [32m"@/components/AssetSnmpPanel"[0m;
[31m[1m>[0m [90m15 |[0m [36mimport[0m { [33mAssetWebConsoleProfilePanel[0m } [36mfrom[0m [32m"@/components/AssetWebConsoleProfilePanel"[0m;
  [90m   |[0m [31m[1m^^^^^^^^^^^^^^^^^^^^^^^^^^^^^^^^^^^^^^^^^^^^^^^^^^^^^^^^^^^^^^^^^^^^^^^^^^^^^^^^^^^^^^^[0m
  [90m16 |[0m [36mimport[0m styles [36mfrom[0m [32m"./AssetDetails.module.css"[0m;
  [90m17 |[0m
  [90m18 |[0m [36mtype[0m [33mDict[0m = ([36mtypeof[0m translations)[[32m"tr"[0m];

Import map: aliased to relative './components/AssetWebConsoleProfilePanel' inside of [project]/apps/web


Import traces:
  Client Component Browser:
    ./apps/web/components/AssetDetails.tsx [Client Component Browser]
    ./apps/web/components/GlobalSearch.tsx [Client Component Browser]
    ./apps/web/components/TopHeader.tsx [Client Component Browser]
    ./apps/web/components/TopHeader.tsx [Server Component]
    ./apps/web/app/layout.tsx [Server Component]

  Client Component SSR:
    ./apps/web/components/AssetDetails.tsx [Client Component SSR]
    ./apps/web/components/GlobalSearch.tsx [Client Component SSR]
    ./apps/web/components/TopHeader.tsx [Client Component SSR]
    ./apps/web/components/TopHeader.tsx [Server Component]
    ./apps/web/app/layout.tsx [Server Component]

https://nextjs.org/docs/messages/module-not-found


⨯ ./apps/web/components/AssetDetails.tsx:15:1
Error: Module not found: Can't resolve '@/components/AssetWebConsoleProfilePanel'
  [90m13 |[0m [36mimport[0m { [33mAssetAgentPanel[0m } [36mfrom[0m [32m"@/components/AssetAgentPanel"[0m;
  [90m14 |[0m [36mimport[0m { [33mAssetSnmpPanel[0m } [36mfrom[0m [32m"@/components/AssetSnmpPanel"[0m;
[31m[1m>[0m [90m15 |[0m [36mimport[0m { [33mAssetWebConsoleProfilePanel[0m } [36mfrom[0m [32m"@/components/AssetWebConsoleProfilePanel"[0m;
  [90m   |[0m [31m[1m^^^^^^^^^^^^^^^^^^^^^^^^^^^^^^^^^^^^^^^^^^^^^^^^^^^^^^^^^^^^^^^^^^^^^^^^^^^^^^^^^^^^^^^[0m
  [90m16 |[0m [36mimport[0m styles [36mfrom[0m [32m"./AssetDetails.module.css"[0m;
  [90m17 |[0m
  [90m18 |[0m [36mtype[0m [33mDict[0m = ([36mtypeof[0m translations)[[32m"tr"[0m];

Import map: aliased to relative './components/AssetWebConsoleProfilePanel' inside of [project]/apps/web


Import traces:
  Client Component Browser:
    ./apps/web/components/AssetDetails.tsx [Client Component Browser]
    ./apps/web/components/GlobalSearch.tsx [Client Component Browser]
    ./apps/web/components/TopHeader.tsx [Client Component Browser]
    ./apps/web/components/TopHeader.tsx [Server Component]
    ./apps/web/app/layout.tsx [Server Component]

  Client Component SSR:
    ./apps/web/components/AssetDetails.tsx [Client Component SSR]
    ./apps/web/components/GlobalSearch.tsx [Client Component SSR]
    ./apps/web/components/TopHeader.tsx [Client Component SSR]
    ./apps/web/components/TopHeader.tsx [Server Component]
    ./apps/web/app/layout.tsx [Server Component]

https://nextjs.org/docs/messages/module-not-found


⨯ ./apps/web/components/AssetDetails.tsx:15:1
Error: Module not found: Can't resolve '@/components/AssetWebConsoleProfilePanel'
  [90m13 |[0m [36mimport[0m { [33mAssetAgentPanel[0m } [36mfrom[0m [32m"@/components/AssetAgentPanel"[0m;
  [90m14 |[0m [36mimport[0m { [33mAssetSnmpPanel[0m } [36mfrom[0m [32m"@/components/AssetSnmpPanel"[0m;
[31m[1m>[0m [90m15 |[0m [36mimport[0m { [33mAssetWebConsoleProfilePanel[0m } [36mfrom[0m [32m"@/components/AssetWebConsoleProfilePanel"[0m;
  [90m   |[0m [31m[1m^^^^^^^^^^^^^^^^^^^^^^^^^^^^^^^^^^^^^^^^^^^^^^^^^^^^^^^^^^^^^^^^^^^^^^^^^^^^^^^^^^^^^^^[0m
  [90m16 |[0m [36mimport[0m styles [36mfrom[0m [32m"./AssetDetails.module.css"[0m;
  [90m17 |[0m
  [90m18 |[0m [36mtype[0m [33mDict[0m = ([36mtypeof[0m translations)[[32m"tr"[0m];

Import map: aliased to relative './components/AssetWebConsoleProfilePanel' inside of [project]/apps/web


Import traces:
  Client Component Browser:
    ./apps/web/components/AssetDetails.tsx [Client Component Browser]
    ./apps/web/components/GlobalSearch.tsx [Client Component Browser]
    ./apps/web/components/TopHeader.tsx [Client Component Browser]
    ./apps/web/components/TopHeader.tsx [Server Component]
    ./apps/web/app/layout.tsx [Server Component]

  Client Component SSR:
    ./apps/web/components/AssetDetails.tsx [Client Component SSR]
    ./apps/web/components/GlobalSearch.tsx [Client Component SSR]
    ./apps/web/components/TopHeader.tsx [Client Component SSR]
    ./apps/web/components/TopHeader.tsx [Server Component]
    ./apps/web/app/layout.tsx [Server Component]

https://nextjs.org/docs/messages/module-not-found


⨯ ./apps/web/components/AssetDetails.tsx:15:1
Error: Module not found: Can't resolve '@/components/AssetWebConsoleProfilePanel'
  [90m13 |[0m [36mimport[0m { [33mAssetAgentPanel[0m } [36mfrom[0m [32m"@/components/AssetAgentPanel"[0m;
  [90m14 |[0m [36mimport[0m { [33mAssetSnmpPanel[0m } [36mfrom[0m [32m"@/components/AssetSnmpPanel"[0m;
[31m[1m>[0m [90m15 |[0m [36mimport[0m { [33mAssetWebConsoleProfilePanel[0m } [36mfrom[0m [32m"@/components/AssetWebConsoleProfilePanel"[0m;
  [90m   |[0m [31m[1m^^^^^^^^^^^^^^^^^^^^^^^^^^^^^^^^^^^^^^^^^^^^^^^^^^^^^^^^^^^^^^^^^^^^^^^^^^^^^^^^^^^^^^^[0m
  [90m16 |[0m [36mimport[0m styles [36mfrom[0m [32m"./AssetDetails.module.css"[0m;
  [90m17 |[0m
  [90m18 |[0m [36mtype[0m [33mDict[0m = ([36mtypeof[0m translations)[[32m"tr"[0m];

Import map: aliased to relative './components/AssetWebConsoleProfilePanel' inside of [project]/apps/web


Import traces:
  Client Component Browser:
    ./apps/web/components/AssetDetails.tsx [Client Component Browser]
    ./apps/web/components/GlobalSearch.tsx [Client Component Browser]
    ./apps/web/components/TopHeader.tsx [Client Component Browser]
    ./apps/web/components/TopHeader.tsx [Server Component]
    ./apps/web/app/layout.tsx [Server Component]

  Client Component SSR:
    ./apps/web/components/AssetDetails.tsx [Client Component SSR]
    ./apps/web/components/GlobalSearch.tsx [Client Component SSR]
    ./apps/web/components/TopHeader.tsx [Client Component SSR]
    ./apps/web/components/TopHeader.tsx [Server Component]
    ./apps/web/app/layout.tsx [Server Component]

https://nextjs.org/docs/messages/module-not-found


⨯ ./apps/web/components/AssetDetails.tsx:15:1
Error: Module not found: Can't resolve '@/components/AssetWebConsoleProfilePanel'
  [90m13 |[0m [36mimport[0m { [33mAssetAgentPanel[0m } [36mfrom[0m [32m"@/components/AssetAgentPanel"[0m;
  [90m14 |[0m [36mimport[0m { [33mAssetSnmpPanel[0m } [36mfrom[0m [32m"@/components/AssetSnmpPanel"[0m;
[31m[1m>[0m [90m15 |[0m [36mimport[0m { [33mAssetWebConsoleProfilePanel[0m } [36mfrom[0m [32m"@/components/AssetWebConsoleProfilePanel"[0m;
  [90m   |[0m [31m[1m^^^^^^^^^^^^^^^^^^^^^^^^^^^^^^^^^^^^^^^^^^^^^^^^^^^^^^^^^^^^^^^^^^^^^^^^^^^^^^^^^^^^^^^[0m
  [90m16 |[0m [36mimport[0m styles [36mfrom[0m [32m"./AssetDetails.module.css"[0m;
  [90m17 |[0m
  [90m18 |[0m [36mtype[0m [33mDict[0m = ([36mtypeof[0m translations)[[32m"tr"[0m];

Import map: aliased to relative './components/AssetWebConsoleProfilePanel' inside of [project]/apps/web


Import traces:
  Client Component Browser:
    ./apps/web/components/AssetDetails.tsx [Client Component Browser]
    ./apps/web/components/GlobalSearch.tsx [Client Component Browser]
    ./apps/web/components/TopHeader.tsx [Client Component Browser]
    ./apps/web/components/TopHeader.tsx [Server Component]
    ./apps/web/app/layout.tsx [Server Component]

  Client Component SSR:
    ./apps/web/components/AssetDetails.tsx [Client Component SSR]
    ./apps/web/components/GlobalSearch.tsx [Client Component SSR]
    ./apps/web/components/TopHeader.tsx [Client Component SSR]
    ./apps/web/components/TopHeader.tsx [Server Component]
    ./apps/web/app/layout.tsx [Server Component]

https://nextjs.org/docs/messages/module-not-found


⨯ ./apps/web/components/AssetDetails.tsx:15:1
Error: Module not found: Can't resolve '@/components/AssetWebConsoleProfilePanel'
  [90m13 |[0m [36mimport[0m { [33mAssetAgentPanel[0m } [36mfrom[0m [32m"@/components/AssetAgentPanel"[0m;
  [90m14 |[0m [36mimport[0m { [33mAssetSnmpPanel[0m } [36mfrom[0m [32m"@/components/AssetSnmpPanel"[0m;
[31m[1m>[0m [90m15 |[0m [36mimport[0m { [33mAssetWebConsoleProfilePanel[0m } [36mfrom[0m [32m"@/components/AssetWebConsoleProfilePanel"[0m;
  [90m   |[0m [31m[1m^^^^^^^^^^^^^^^^^^^^^^^^^^^^^^^^^^^^^^^^^^^^^^^^^^^^^^^^^^^^^^^^^^^^^^^^^^^^^^^^^^^^^^^[0m
  [90m16 |[0m [36mimport[0m styles [36mfrom[0m [32m"./AssetDetails.module.css"[0m;
  [90m17 |[0m
  [90m18 |[0m [36mtype[0m [33mDict[0m = ([36mtypeof[0m translations)[[32m"tr"[0m];

Import map: aliased to relative './components/AssetWebConsoleProfilePanel' inside of [project]/apps/web


Import traces:
  Client Component Browser:
    ./apps/web/components/AssetDetails.tsx [Client Component Browser]
    ./apps/web/components/GlobalSearch.tsx [Client Component Browser]
    ./apps/web/components/TopHeader.tsx [Client Component Browser]
    ./apps/web/components/TopHeader.tsx [Server Component]
    ./apps/web/app/layout.tsx [Server Component]

  Client Component SSR:
    ./apps/web/components/AssetDetails.tsx [Client Component SSR]
    ./apps/web/components/GlobalSearch.tsx [Client Component SSR]
    ./apps/web/components/TopHeader.tsx [Client Component SSR]
    ./apps/web/components/TopHeader.tsx [Server Component]
    ./apps/web/app/layout.tsx [Server Component]

https://nextjs.org/docs/messages/module-not-found


⨯ ./apps/web/components/AssetDetails.tsx:15:1
Error: Module not found: Can't resolve '@/components/AssetWebConsoleProfilePanel'
  [90m13 |[0m [36mimport[0m { [33mAssetAgentPanel[0m } [36mfrom[0m [32m"@/components/AssetAgentPanel"[0m;
  [90m14 |[0m [36mimport[0m { [33mAssetSnmpPanel[0m } [36mfrom[0m [32m"@/components/AssetSnmpPanel"[0m;
[31m[1m>[0m [90m15 |[0m [36mimport[0m { [33mAssetWebConsoleProfilePanel[0m } [36mfrom[0m [32m"@/components/AssetWebConsoleProfilePanel"[0m;
  [90m   |[0m [31m[1m^^^^^^^^^^^^^^^^^^^^^^^^^^^^^^^^^^^^^^^^^^^^^^^^^^^^^^^^^^^^^^^^^^^^^^^^^^^^^^^^^^^^^^^[0m
  [90m16 |[0m [36mimport[0m styles [36mfrom[0m [32m"./AssetDetails.module.css"[0m;
  [90m17 |[0m
  [90m18 |[0m [36mtype[0m [33mDict[0m = ([36mtypeof[0m translations)[[32m"tr"[0m];

Import map: aliased to relative './components/AssetWebConsoleProfilePanel' inside of [project]/apps/web


Import traces:
  Client Component Browser:
    ./apps/web/components/AssetDetails.tsx [Client Component Browser]
    ./apps/web/components/GlobalSearch.tsx [Client Component Browser]
    ./apps/web/components/TopHeader.tsx [Client Component Browser]
    ./apps/web/components/TopHeader.tsx [Server Component]
    ./apps/web/app/layout.tsx [Server Component]

  Client Component SSR:
    ./apps/web/components/AssetDetails.tsx [Client Component SSR]
    ./apps/web/components/GlobalSearch.tsx [Client Component SSR]
    ./apps/web/components/TopHeader.tsx [Client Component SSR]
    ./apps/web/components/TopHeader.tsx [Server Component]
    ./apps/web/app/layout.tsx [Server Component]

https://nextjs.org/docs/messages/module-not-found


⨯ ./apps/web/components/AssetDetails.tsx:15:1
Error: Module not found: Can't resolve '@/components/AssetWebConsoleProfilePanel'
  [90m13 |[0m [36mimport[0m { [33mAssetAgentPanel[0m } [36mfrom[0m [32m"@/components/AssetAgentPanel"[0m;
  [90m14 |[0m [36mimport[0m { [33mAssetSnmpPanel[0m } [36mfrom[0m [32m"@/components/AssetSnmpPanel"[0m;
[31m[1m>[0m [90m15 |[0m [36mimport[0m { [33mAssetWebConsoleProfilePanel[0m } [36mfrom[0m [32m"@/components/AssetWebConsoleProfilePanel"[0m;
  [90m   |[0m [31m[1m^^^^^^^^^^^^^^^^^^^^^^^^^^^^^^^^^^^^^^^^^^^^^^^^^^^^^^^^^^^^^^^^^^^^^^^^^^^^^^^^^^^^^^^[0m
  [90m16 |[0m [36mimport[0m styles [36mfrom[0m [32m"./AssetDetails.module.css"[0m;
  [90m17 |[0m
  [90m18 |[0m [36mtype[0m [33mDict[0m = ([36mtypeof[0m translations)[[32m"tr"[0m];

Import map: aliased to relative './components/AssetWebConsoleProfilePanel' inside of [project]/apps/web


Import traces:
  Client Component Browser:
    ./apps/web/components/AssetDetails.tsx [Client Component Browser]
    ./apps/web/components/GlobalSearch.tsx [Client Component Browser]
    ./apps/web/components/TopHeader.tsx [Client Component Browser]
    ./apps/web/components/TopHeader.tsx [Server Component]
    ./apps/web/app/layout.tsx [Server Component]

  Client Component SSR:
    ./apps/web/components/AssetDetails.tsx [Client Component SSR]
    ./apps/web/components/GlobalSearch.tsx [Client Component SSR]
    ./apps/web/components/TopHeader.tsx [Client Component SSR]
    ./apps/web/components/TopHeader.tsx [Server Component]
    ./apps/web/app/layout.tsx [Server Component]

https://nextjs.org/docs/messages/module-not-found


⨯ ./apps/web/components/AssetDetails.tsx:15:1
Error: Module not found: Can't resolve '@/components/AssetWebConsoleProfilePanel'
  [90m13 |[0m [36mimport[0m { [33mAssetAgentPanel[0m } [36mfrom[0m [32m"@/components/AssetAgentPanel"[0m;
  [90m14 |[0m [36mimport[0m { [33mAssetSnmpPanel[0m } [36mfrom[0m [32m"@/components/AssetSnmpPanel"[0m;
[31m[1m>[0m [90m15 |[0m [36mimport[0m { [33mAssetWebConsoleProfilePanel[0m } [36mfrom[0m [32m"@/components/AssetWebConsoleProfilePanel"[0m;
  [90m   |[0m [31m[1m^^^^^^^^^^^^^^^^^^^^^^^^^^^^^^^^^^^^^^^^^^^^^^^^^^^^^^^^^^^^^^^^^^^^^^^^^^^^^^^^^^^^^^^[0m
  [90m16 |[0m [36mimport[0m styles [36mfrom[0m [32m"./AssetDetails.module.css"[0m;
  [90m17 |[0m
  [90m18 |[0m [36mtype[0m [33mDict[0m = ([36mtypeof[0m translations)[[32m"tr"[0m];

Import map: aliased to relative './components/AssetWebConsoleProfilePanel' inside of [project]/apps/web


Import traces:
  Client Component Browser:
    ./apps/web/components/AssetDetails.tsx [Client Component Browser]
    ./apps/web/components/GlobalSearch.tsx [Client Component Browser]
    ./apps/web/components/TopHeader.tsx [Client Component Browser]
    ./apps/web/components/TopHeader.tsx [Server Component]
    ./apps/web/app/layout.tsx [Server Component]

  Client Component SSR:
    ./apps/web/components/AssetDetails.tsx [Client Component SSR]
    ./apps/web/components/GlobalSearch.tsx [Client Component SSR]
    ./apps/web/components/TopHeader.tsx [Client Component SSR]
    ./apps/web/components/TopHeader.tsx [Server Component]
    ./apps/web/app/layout.tsx [Server Component]

https://nextjs.org/docs/messages/module-not-found


⨯ ./apps/web/components/AssetDetails.tsx:15:1
Error: Module not found: Can't resolve '@/components/AssetWebConsoleProfilePanel'
  [90m13 |[0m [36mimport[0m { [33mAssetAgentPanel[0m } [36mfrom[0m [32m"@/components/AssetAgentPanel"[0m;
  [90m14 |[0m [36mimport[0m { [33mAssetSnmpPanel[0m } [36mfrom[0m [32m"@/components/AssetSnmpPanel"[0m;
[31m[1m>[0m [90m15 |[0m [36mimport[0m { [33mAssetWebConsoleProfilePanel[0m } [36mfrom[0m [32m"@/components/AssetWebConsoleProfilePanel"[0m;
  [90m   |[0m [31m[1m^^^^^^^^^^^^^^^^^^^^^^^^^^^^^^^^^^^^^^^^^^^^^^^^^^^^^^^^^^^^^^^^^^^^^^^^^^^^^^^^^^^^^^^[0m
  [90m16 |[0m [36mimport[0m styles [36mfrom[0m [32m"./AssetDetails.module.css"[0m;
  [90m17 |[0m
  [90m18 |[0m [36mtype[0m [33mDict[0m = ([36mtypeof[0m translations)[[32m"tr"[0m];

Import map: aliased to relative './components/AssetWebConsoleProfilePanel' inside of [project]/apps/web


Import traces:
  Client Component Browser:
    ./apps/web/components/AssetDetails.tsx [Client Component Browser]
    ./apps/web/components/GlobalSearch.tsx [Client Component Browser]
    ./apps/web/components/TopHeader.tsx [Client Component Browser]
    ./apps/web/components/TopHeader.tsx [Server Component]
    ./apps/web/app/layout.tsx [Server Component]

  Client Component SSR:
    ./apps/web/components/AssetDetails.tsx [Client Component SSR]
    ./apps/web/components/GlobalSearch.tsx [Client Component SSR]
    ./apps/web/components/TopHeader.tsx [Client Component SSR]
    ./apps/web/components/TopHeader.tsx [Server Component]
    ./apps/web/app/layout.tsx [Server Component]

https://nextjs.org/docs/messages/module-not-found


⨯ ./apps/web/components/AssetDetails.tsx:15:1
Error: Module not found: Can't resolve '@/components/AssetWebConsoleProfilePanel'
  [90m13 |[0m [36mimport[0m { [33mAssetAgentPanel[0m } [36mfrom[0m [32m"@/components/AssetAgentPanel"[0m;
  [90m14 |[0m [36mimport[0m { [33mAssetSnmpPanel[0m } [36mfrom[0m [32m"@/components/AssetSnmpPanel"[0m;
[31m[1m>[0m [90m15 |[0m [36mimport[0m { [33mAssetWebConsoleProfilePanel[0m } [36mfrom[0m [32m"@/components/AssetWebConsoleProfilePanel"[0m;
  [90m   |[0m [31m[1m^^^^^^^^^^^^^^^^^^^^^^^^^^^^^^^^^^^^^^^^^^^^^^^^^^^^^^^^^^^^^^^^^^^^^^^^^^^^^^^^^^^^^^^[0m
  [90m16 |[0m [36mimport[0m styles [36mfrom[0m [32m"./AssetDetails.module.css"[0m;
  [90m17 |[0m
  [90m18 |[0m [36mtype[0m [33mDict[0m = ([36mtypeof[0m translations)[[32m"tr"[0m];

Import map: aliased to relative './components/AssetWebConsoleProfilePanel' inside of [project]/apps/web


Import traces:
  Client Component Browser:
    ./apps/web/components/AssetDetails.tsx [Client Component Browser]
    ./apps/web/components/GlobalSearch.tsx [Client Component Browser]
    ./apps/web/components/TopHeader.tsx [Client Component Browser]
    ./apps/web/components/TopHeader.tsx [Server Component]
    ./apps/web/app/layout.tsx [Server Component]

  Client Component SSR:
    ./apps/web/components/AssetDetails.tsx [Client Component SSR]
    ./apps/web/components/GlobalSearch.tsx [Client Component SSR]
    ./apps/web/components/TopHeader.tsx [Client Component SSR]
    ./apps/web/components/TopHeader.tsx [Server Component]
    ./apps/web/app/layout.tsx [Server Component]

https://nextjs.org/docs/messages/module-not-found


⨯ ./apps/web/components/AssetDetails.tsx:15:1
Error: Module not found: Can't resolve '@/components/AssetWebConsoleProfilePanel'
  [90m13 |[0m [36mimport[0m { [33mAssetAgentPanel[0m } [36mfrom[0m [32m"@/components/AssetAgentPanel"[0m;
  [90m14 |[0m [36mimport[0m { [33mAssetSnmpPanel[0m } [36mfrom[0m [32m"@/components/AssetSnmpPanel"[0m;
[31m[1m>[0m [90m15 |[0m [36mimport[0m { [33mAssetWebConsoleProfilePanel[0m } [36mfrom[0m [32m"@/components/AssetWebConsoleProfilePanel"[0m;
  [90m   |[0m [31m[1m^^^^^^^^^^^^^^^^^^^^^^^^^^^^^^^^^^^^^^^^^^^^^^^^^^^^^^^^^^^^^^^^^^^^^^^^^^^^^^^^^^^^^^^[0m
  [90m16 |[0m [36mimport[0m styles [36mfrom[0m [32m"./AssetDetails.module.css"[0m;
  [90m17 |[0m
  [90m18 |[0m [36mtype[0m [33mDict[0m = ([36mtypeof[0m translations)[[32m"tr"[0m];

Import map: aliased to relative './components/AssetWebConsoleProfilePanel' inside of [project]/apps/web


Import traces:
  Client Component Browser:
    ./apps/web/components/AssetDetails.tsx [Client Component Browser]
    ./apps/web/components/GlobalSearch.tsx [Client Component Browser]
    ./apps/web/components/TopHeader.tsx [Client Component Browser]
    ./apps/web/components/TopHeader.tsx [Server Component]
    ./apps/web/app/layout.tsx [Server Component]

  Client Component SSR:
    ./apps/web/components/AssetDetails.tsx [Client Component SSR]
    ./apps/web/components/GlobalSearch.tsx [Client Component SSR]
    ./apps/web/components/TopHeader.tsx [Client Component SSR]
    ./apps/web/components/TopHeader.tsx [Server Component]
    ./apps/web/app/layout.tsx [Server Component]

https://nextjs.org/docs/messages/module-not-found


⨯ ./apps/web/components/AssetDetails.tsx:15:1
Error: Module not found: Can't resolve '@/components/AssetWebConsoleProfilePanel'
  [90m13 |[0m [36mimport[0m { [33mAssetAgentPanel[0m } [36mfrom[0m [32m"@/components/AssetAgentPanel"[0m;
  [90m14 |[0m [36mimport[0m { [33mAssetSnmpPanel[0m } [36mfrom[0m [32m"@/components/AssetSnmpPanel"[0m;
[31m[1m>[0m [90m15 |[0m [36mimport[0m { [33mAssetWebConsoleProfilePanel[0m } [36mfrom[0m [32m"@/components/AssetWebConsoleProfilePanel"[0m;
  [90m   |[0m [31m[1m^^^^^^^^^^^^^^^^^^^^^^^^^^^^^^^^^^^^^^^^^^^^^^^^^^^^^^^^^^^^^^^^^^^^^^^^^^^^^^^^^^^^^^^[0m
  [90m16 |[0m [36mimport[0m styles [36mfrom[0m [32m"./AssetDetails.module.css"[0m;
  [90m17 |[0m
  [90m18 |[0m [36mtype[0m [33mDict[0m = ([36mtypeof[0m translations)[[32m"tr"[0m];

Import map: aliased to relative './components/AssetWebConsoleProfilePanel' inside of [project]/apps/web


Import traces:
  Client Component Browser:
    ./apps/web/components/AssetDetails.tsx [Client Component Browser]
    ./apps/web/components/GlobalSearch.tsx [Client Component Browser]
    ./apps/web/components/TopHeader.tsx [Client Component Browser]
    ./apps/web/components/TopHeader.tsx [Server Component]
    ./apps/web/app/layout.tsx [Server Component]

  Client Component SSR:
    ./apps/web/components/AssetDetails.tsx [Client Component SSR]
    ./apps/web/components/GlobalSearch.tsx [Client Component SSR]
    ./apps/web/components/TopHeader.tsx [Client Component SSR]
    ./apps/web/components/TopHeader.tsx [Server Component]
    ./apps/web/app/layout.tsx [Server Component]

https://nextjs.org/docs/messages/module-not-found


⨯ ./apps/web/components/AssetDetails.tsx:15:1
Error: Module not found: Can't resolve '@/components/AssetWebConsoleProfilePanel'
  [90m13 |[0m [36mimport[0m { [33mAssetAgentPanel[0m } [36mfrom[0m [32m"@/components/AssetAgentPanel"[0m;
  [90m14 |[0m [36mimport[0m { [33mAssetSnmpPanel[0m } [36mfrom[0m [32m"@/components/AssetSnmpPanel"[0m;
[31m[1m>[0m [90m15 |[0m [36mimport[0m { [33mAssetWebConsoleProfilePanel[0m } [36mfrom[0m [32m"@/components/AssetWebConsoleProfilePanel"[0m;
  [90m   |[0m [31m[1m^^^^^^^^^^^^^^^^^^^^^^^^^^^^^^^^^^^^^^^^^^^^^^^^^^^^^^^^^^^^^^^^^^^^^^^^^^^^^^^^^^^^^^^[0m
  [90m16 |[0m [36mimport[0m styles [36mfrom[0m [32m"./AssetDetails.module.css"[0m;
  [90m17 |[0m
  [90m18 |[0m [36mtype[0m [33mDict[0m = ([36mtypeof[0m translations)[[32m"tr"[0m];

Import map: aliased to relative './components/AssetWebConsoleProfilePanel' inside of [project]/apps/web


Import traces:
  Client Component Browser:
    ./apps/web/components/AssetDetails.tsx [Client Component Browser]
    ./apps/web/components/GlobalSearch.tsx [Client Component Browser]
    ./apps/web/components/TopHeader.tsx [Client Component Browser]
    ./apps/web/components/TopHeader.tsx [Server Component]
    ./apps/web/app/layout.tsx [Server Component]

  Client Component SSR:
    ./apps/web/components/AssetDetails.tsx [Client Component SSR]
    ./apps/web/components/GlobalSearch.tsx [Client Component SSR]
    ./apps/web/components/TopHeader.tsx [Client Component SSR]
    ./apps/web/components/TopHeader.tsx [Server Component]
    ./apps/web/app/layout.tsx [Server Component]

https://nextjs.org/docs/messages/module-not-found


⨯ ./apps/web/components/AssetDetails.tsx:15:1
Error: Module not found: Can't resolve '@/components/AssetWebConsoleProfilePanel'
  [90m13 |[0m [36mimport[0m { [33mAssetAgentPanel[0m } [36mfrom[0m [32m"@/components/AssetAgentPanel"[0m;
  [90m14 |[0m [36mimport[0m { [33mAssetSnmpPanel[0m } [36mfrom[0m [32m"@/components/AssetSnmpPanel"[0m;
[31m[1m>[0m [90m15 |[0m [36mimport[0m { [33mAssetWebConsoleProfilePanel[0m } [36mfrom[0m [32m"@/components/AssetWebConsoleProfilePanel"[0m;
  [90m   |[0m [31m[1m^^^^^^^^^^^^^^^^^^^^^^^^^^^^^^^^^^^^^^^^^^^^^^^^^^^^^^^^^^^^^^^^^^^^^^^^^^^^^^^^^^^^^^^[0m
  [90m16 |[0m [36mimport[0m styles [36mfrom[0m [32m"./AssetDetails.module.css"[0m;
  [90m17 |[0m
  [90m18 |[0m [36mtype[0m [33mDict[0m = ([36mtypeof[0m translations)[[32m"tr"[0m];

Import map: aliased to relative './components/AssetWebConsoleProfilePanel' inside of [project]/apps/web


Import traces:
  Client Component Browser:
    ./apps/web/components/AssetDetails.tsx [Client Component Browser]
    ./apps/web/components/GlobalSearch.tsx [Client Component Browser]
    ./apps/web/components/TopHeader.tsx [Client Component Browser]
    ./apps/web/components/TopHeader.tsx [Server Component]
    ./apps/web/app/layout.tsx [Server Component]

  Client Component SSR:
    ./apps/web/components/AssetDetails.tsx [Client Component SSR]
    ./apps/web/components/GlobalSearch.tsx [Client Component SSR]
    ./apps/web/components/TopHeader.tsx [Client Component SSR]
    ./apps/web/components/TopHeader.tsx [Server Component]
    ./apps/web/app/layout.tsx [Server Component]

https://nextjs.org/docs/messages/module-not-found


⨯ ./apps/web/components/AssetDetails.tsx:15:1
Error: Module not found: Can't resolve '@/components/AssetWebConsoleProfilePanel'
  [90m13 |[0m [36mimport[0m { [33mAssetAgentPanel[0m } [36mfrom[0m [32m"@/components/AssetAgentPanel"[0m;
  [90m14 |[0m [36mimport[0m { [33mAssetSnmpPanel[0m } [36mfrom[0m [32m"@/components/AssetSnmpPanel"[0m;
[31m[1m>[0m [90m15 |[0m [36mimport[0m { [33mAssetWebConsoleProfilePanel[0m } [36mfrom[0m [32m"@/components/AssetWebConsoleProfilePanel"[0m;
  [90m   |[0m [31m[1m^^^^^^^^^^^^^^^^^^^^^^^^^^^^^^^^^^^^^^^^^^^^^^^^^^^^^^^^^^^^^^^^^^^^^^^^^^^^^^^^^^^^^^^[0m
  [90m16 |[0m [36mimport[0m styles [36mfrom[0m [32m"./AssetDetails.module.css"[0m;
  [90m17 |[0m
  [90m18 |[0m [36mtype[0m [33mDict[0m = ([36mtypeof[0m translations)[[32m"tr"[0m];

Import map: aliased to relative './components/AssetWebConsoleProfilePanel' inside of [project]/apps/web


Import traces:
  Client Component Browser:
    ./apps/web/components/AssetDetails.tsx [Client Component Browser]
    ./apps/web/components/GlobalSearch.tsx [Client Component Browser]
    ./apps/web/components/TopHeader.tsx [Client Component Browser]
    ./apps/web/components/TopHeader.tsx [Server Component]
    ./apps/web/app/layout.tsx [Server Component]

  Client Component SSR:
    ./apps/web/components/AssetDetails.tsx [Client Component SSR]
    ./apps/web/components/GlobalSearch.tsx [Client Component SSR]
    ./apps/web/components/TopHeader.tsx [Client Component SSR]
    ./apps/web/components/TopHeader.tsx [Server Component]
    ./apps/web/app/layout.tsx [Server Component]

https://nextjs.org/docs/messages/module-not-found


⨯ ./apps/web/components/AssetDetails.tsx:15:1
Error: Module not found: Can't resolve '@/components/AssetWebConsoleProfilePanel'
  [90m13 |[0m [36mimport[0m { [33mAssetAgentPanel[0m } [36mfrom[0m [32m"@/components/AssetAgentPanel"[0m;
  [90m14 |[0m [36mimport[0m { [33mAssetSnmpPanel[0m } [36mfrom[0m [32m"@/components/AssetSnmpPanel"[0m;
[31m[1m>[0m [90m15 |[0m [36mimport[0m { [33mAssetWebConsoleProfilePanel[0m } [36mfrom[0m [32m"@/components/AssetWebConsoleProfilePanel"[0m;
  [90m   |[0m [31m[1m^^^^^^^^^^^^^^^^^^^^^^^^^^^^^^^^^^^^^^^^^^^^^^^^^^^^^^^^^^^^^^^^^^^^^^^^^^^^^^^^^^^^^^^[0m
  [90m16 |[0m [36mimport[0m styles [36mfrom[0m [32m"./AssetDetails.module.css"[0m;
  [90m17 |[0m
  [90m18 |[0m [36mtype[0m [33mDict[0m = ([36mtypeof[0m translations)[[32m"tr"[0m];

Import map: aliased to relative './components/AssetWebConsoleProfilePanel' inside of [project]/apps/web


Import traces:
  Client Component Browser:
    ./apps/web/components/AssetDetails.tsx [Client Component Browser]
    ./apps/web/components/GlobalSearch.tsx [Client Component Browser]
    ./apps/web/components/TopHeader.tsx [Client Component Browser]
    ./apps/web/components/TopHeader.tsx [Server Component]
    ./apps/web/app/layout.tsx [Server Component]

  Client Component SSR:
    ./apps/web/components/AssetDetails.tsx [Client Component SSR]
    ./apps/web/components/GlobalSearch.tsx [Client Component SSR]
    ./apps/web/components/TopHeader.tsx [Client Component SSR]
    ./apps/web/components/TopHeader.tsx [Server Component]
    ./apps/web/app/layout.tsx [Server Component]

https://nextjs.org/docs/messages/module-not-found


⨯ ./apps/web/components/AssetDetails.tsx:15:1
Error: Module not found: Can't resolve '@/components/AssetWebConsoleProfilePanel'
  [90m13 |[0m [36mimport[0m { [33mAssetAgentPanel[0m } [36mfrom[0m [32m"@/components/AssetAgentPanel"[0m;
  [90m14 |[0m [36mimport[0m { [33mAssetSnmpPanel[0m } [36mfrom[0m [32m"@/components/AssetSnmpPanel"[0m;
[31m[1m>[0m [90m15 |[0m [36mimport[0m { [33mAssetWebConsoleProfilePanel[0m } [36mfrom[0m [32m"@/components/AssetWebConsoleProfilePanel"[0m;
  [90m   |[0m [31m[1m^^^^^^^^^^^^^^^^^^^^^^^^^^^^^^^^^^^^^^^^^^^^^^^^^^^^^^^^^^^^^^^^^^^^^^^^^^^^^^^^^^^^^^^[0m
  [90m16 |[0m [36mimport[0m styles [36mfrom[0m [32m"./AssetDetails.module.css"[0m;
  [90m17 |[0m
  [90m18 |[0m [36mtype[0m [33mDict[0m = ([36mtypeof[0m translations)[[32m"tr"[0m];

Import map: aliased to relative './components/AssetWebConsoleProfilePanel' inside of [project]/apps/web


Import traces:
  Client Component Browser:
    ./apps/web/components/AssetDetails.tsx [Client Component Browser]
    ./apps/web/components/GlobalSearch.tsx [Client Component Browser]
    ./apps/web/components/TopHeader.tsx [Client Component Browser]
    ./apps/web/components/TopHeader.tsx [Server Component]
    ./apps/web/app/layout.tsx [Server Component]

  Client Component SSR:
    ./apps/web/components/AssetDetails.tsx [Client Component SSR]
    ./apps/web/components/GlobalSearch.tsx [Client Component SSR]
    ./apps/web/components/TopHeader.tsx [Client Component SSR]
    ./apps/web/components/TopHeader.tsx [Server Component]
    ./apps/web/app/layout.tsx [Server Component]

https://nextjs.org/docs/messages/module-not-found


⨯ ./apps/web/components/AssetDetails.tsx:15:1
Error: Module not found: Can't resolve '@/components/AssetWebConsoleProfilePanel'
  [90m13 |[0m [36mimport[0m { [33mAssetAgentPanel[0m } [36mfrom[0m [32m"@/components/AssetAgentPanel"[0m;
  [90m14 |[0m [36mimport[0m { [33mAssetSnmpPanel[0m } [36mfrom[0m [32m"@/components/AssetSnmpPanel"[0m;
[31m[1m>[0m [90m15 |[0m [36mimport[0m { [33mAssetWebConsoleProfilePanel[0m } [36mfrom[0m [32m"@/components/AssetWebConsoleProfilePanel"[0m;
  [90m   |[0m [31m[1m^^^^^^^^^^^^^^^^^^^^^^^^^^^^^^^^^^^^^^^^^^^^^^^^^^^^^^^^^^^^^^^^^^^^^^^^^^^^^^^^^^^^^^^[0m
  [90m16 |[0m [36mimport[0m styles [36mfrom[0m [32m"./AssetDetails.module.css"[0m;
  [90m17 |[0m
  [90m18 |[0m [36mtype[0m [33mDict[0m = ([36mtypeof[0m translations)[[32m"tr"[0m];

Import map: aliased to relative './components/AssetWebConsoleProfilePanel' inside of [project]/apps/web


Import traces:
  Client Component Browser:
    ./apps/web/components/AssetDetails.tsx [Client Component Browser]
    ./apps/web/components/GlobalSearch.tsx [Client Component Browser]
    ./apps/web/components/TopHeader.tsx [Client Component Browser]
    ./apps/web/components/TopHeader.tsx [Server Component]
    ./apps/web/app/layout.tsx [Server Component]

  Client Component SSR:
    ./apps/web/components/AssetDetails.tsx [Client Component SSR]
    ./apps/web/components/GlobalSearch.tsx [Client Component SSR]
    ./apps/web/components/TopHeader.tsx [Client Component SSR]
    ./apps/web/components/TopHeader.tsx [Server Component]
    ./apps/web/app/layout.tsx [Server Component]

https://nextjs.org/docs/messages/module-not-found


⨯ ./apps/web/components/AssetDetails.tsx:15:1
Error: Module not found: Can't resolve '@/components/AssetWebConsoleProfilePanel'
  [90m13 |[0m [36mimport[0m { [33mAssetAgentPanel[0m } [36mfrom[0m [32m"@/components/AssetAgentPanel"[0m;
  [90m14 |[0m [36mimport[0m { [33mAssetSnmpPanel[0m } [36mfrom[0m [32m"@/components/AssetSnmpPanel"[0m;
[31m[1m>[0m [90m15 |[0m [36mimport[0m { [33mAssetWebConsoleProfilePanel[0m } [36mfrom[0m [32m"@/components/AssetWebConsoleProfilePanel"[0m;
  [90m   |[0m [31m[1m^^^^^^^^^^^^^^^^^^^^^^^^^^^^^^^^^^^^^^^^^^^^^^^^^^^^^^^^^^^^^^^^^^^^^^^^^^^^^^^^^^^^^^^[0m
  [90m16 |[0m [36mimport[0m styles [36mfrom[0m [32m"./AssetDetails.module.css"[0m;
  [90m17 |[0m
  [90m18 |[0m [36mtype[0m [33mDict[0m = ([36mtypeof[0m translations)[[32m"tr"[0m];

Import map: aliased to relative './components/AssetWebConsoleProfilePanel' inside of [project]/apps/web


Import traces:
  Client Component Browser:
    ./apps/web/components/AssetDetails.tsx [Client Component Browser]
    ./apps/web/components/GlobalSearch.tsx [Client Component Browser]
    ./apps/web/components/TopHeader.tsx [Client Component Browser]
    ./apps/web/components/TopHeader.tsx [Server Component]
    ./apps/web/app/layout.tsx [Server Component]

  Client Component SSR:
    ./apps/web/components/AssetDetails.tsx [Client Component SSR]
    ./apps/web/components/GlobalSearch.tsx [Client Component SSR]
    ./apps/web/components/TopHeader.tsx [Client Component SSR]
    ./apps/web/components/TopHeader.tsx [Server Component]
    ./apps/web/app/layout.tsx [Server Component]

https://nextjs.org/docs/messages/module-not-found


⨯ ./apps/web/components/AssetDetails.tsx:15:1
Error: Module not found: Can't resolve '@/components/AssetWebConsoleProfilePanel'
  [90m13 |[0m [36mimport[0m { [33mAssetAgentPanel[0m } [36mfrom[0m [32m"@/components/AssetAgentPanel"[0m;
  [90m14 |[0m [36mimport[0m { [33mAssetSnmpPanel[0m } [36mfrom[0m [32m"@/components/AssetSnmpPanel"[0m;
[31m[1m>[0m [90m15 |[0m [36mimport[0m { [33mAssetWebConsoleProfilePanel[0m } [36mfrom[0m [32m"@/components/AssetWebConsoleProfilePanel"[0m;
  [90m   |[0m [31m[1m^^^^^^^^^^^^^^^^^^^^^^^^^^^^^^^^^^^^^^^^^^^^^^^^^^^^^^^^^^^^^^^^^^^^^^^^^^^^^^^^^^^^^^^[0m
  [90m16 |[0m [36mimport[0m styles [36mfrom[0m [32m"./AssetDetails.module.css"[0m;
  [90m17 |[0m
  [90m18 |[0m [36mtype[0m [33mDict[0m = ([36mtypeof[0m translations)[[32m"tr"[0m];

Import map: aliased to relative './components/AssetWebConsoleProfilePanel' inside of [project]/apps/web


Import traces:
  Client Component Browser:
    ./apps/web/components/AssetDetails.tsx [Client Component Browser]
    ./apps/web/components/GlobalSearch.tsx [Client Component Browser]
    ./apps/web/components/TopHeader.tsx [Client Component Browser]
    ./apps/web/components/TopHeader.tsx [Server Component]
    ./apps/web/app/layout.tsx [Server Component]

  Client Component SSR:
    ./apps/web/components/AssetDetails.tsx [Client Component SSR]
    ./apps/web/components/GlobalSearch.tsx [Client Component SSR]
    ./apps/web/components/TopHeader.tsx [Client Component SSR]
    ./apps/web/components/TopHeader.tsx [Server Component]
    ./apps/web/app/layout.tsx [Server Component]

https://nextjs.org/docs/messages/module-not-found


⨯ ./apps/web/components/AssetDetails.tsx:15:1
Error: Module not found: Can't resolve '@/components/AssetWebConsoleProfilePanel'
  [90m13 |[0m [36mimport[0m { [33mAssetAgentPanel[0m } [36mfrom[0m [32m"@/components/AssetAgentPanel"[0m;
  [90m14 |[0m [36mimport[0m { [33mAssetSnmpPanel[0m } [36mfrom[0m [32m"@/components/AssetSnmpPanel"[0m;
[31m[1m>[0m [90m15 |[0m [36mimport[0m { [33mAssetWebConsoleProfilePanel[0m } [36mfrom[0m [32m"@/components/AssetWebConsoleProfilePanel"[0m;
  [90m   |[0m [31m[1m^^^^^^^^^^^^^^^^^^^^^^^^^^^^^^^^^^^^^^^^^^^^^^^^^^^^^^^^^^^^^^^^^^^^^^^^^^^^^^^^^^^^^^^[0m
  [90m16 |[0m [36mimport[0m styles [36mfrom[0m [32m"./AssetDetails.module.css"[0m;
  [90m17 |[0m
  [90m18 |[0m [36mtype[0m [33mDict[0m = ([36mtypeof[0m translations)[[32m"tr"[0m];

Import map: aliased to relative './components/AssetWebConsoleProfilePanel' inside of [project]/apps/web


Import traces:
  Client Component Browser:
    ./apps/web/components/AssetDetails.tsx [Client Component Browser]
    ./apps/web/components/GlobalSearch.tsx [Client Component Browser]
    ./apps/web/components/TopHeader.tsx [Client Component Browser]
    ./apps/web/components/TopHeader.tsx [Server Component]
    ./apps/web/app/layout.tsx [Server Component]

  Client Component SSR:
    ./apps/web/components/AssetDetails.tsx [Client Component SSR]
    ./apps/web/components/GlobalSearch.tsx [Client Component SSR]
    ./apps/web/components/TopHeader.tsx [Client Component SSR]
    ./apps/web/components/TopHeader.tsx [Server Component]
    ./apps/web/app/layout.tsx [Server Component]

https://nextjs.org/docs/messages/module-not-found


⨯ ./apps/web/components/AssetDetails.tsx:15:1
Error: Module not found: Can't resolve '@/components/AssetWebConsoleProfilePanel'
  [90m13 |[0m [36mimport[0m { [33mAssetAgentPanel[0m } [36mfrom[0m [32m"@/components/AssetAgentPanel"[0m;
  [90m14 |[0m [36mimport[0m { [33mAssetSnmpPanel[0m } [36mfrom[0m [32m"@/components/AssetSnmpPanel"[0m;
[31m[1m>[0m [90m15 |[0m [36mimport[0m { [33mAssetWebConsoleProfilePanel[0m } [36mfrom[0m [32m"@/components/AssetWebConsoleProfilePanel"[0m;
  [90m   |[0m [31m[1m^^^^^^^^^^^^^^^^^^^^^^^^^^^^^^^^^^^^^^^^^^^^^^^^^^^^^^^^^^^^^^^^^^^^^^^^^^^^^^^^^^^^^^^[0m
  [90m16 |[0m [36mimport[0m styles [36mfrom[0m [32m"./AssetDetails.module.css"[0m;
  [90m17 |[0m
  [90m18 |[0m [36mtype[0m [33mDict[0m = ([36mtypeof[0m translations)[[32m"tr"[0m];

Import map: aliased to relative './components/AssetWebConsoleProfilePanel' inside of [project]/apps/web


Import traces:
  Client Component Browser:
    ./apps/web/components/AssetDetails.tsx [Client Component Browser]
    ./apps/web/components/GlobalSearch.tsx [Client Component Browser]
    ./apps/web/components/TopHeader.tsx [Client Component Browser]
    ./apps/web/components/TopHeader.tsx [Server Component]
    ./apps/web/app/layout.tsx [Server Component]

  Client Component SSR:
    ./apps/web/components/AssetDetails.tsx [Client Component SSR]
    ./apps/web/components/GlobalSearch.tsx [Client Component SSR]
    ./apps/web/components/TopHeader.tsx [Client Component SSR]
    ./apps/web/components/TopHeader.tsx [Server Component]
    ./apps/web/app/layout.tsx [Server Component]

https://nextjs.org/docs/messages/module-not-found


⨯ ./apps/web/components/AssetDetails.tsx:15:1
Error: Module not found: Can't resolve '@/components/AssetWebConsoleProfilePanel'
  [90m13 |[0m [36mimport[0m { [33mAssetAgentPanel[0m } [36mfrom[0m [32m"@/components/AssetAgentPanel"[0m;
  [90m14 |[0m [36mimport[0m { [33mAssetSnmpPanel[0m } [36mfrom[0m [32m"@/components/AssetSnmpPanel"[0m;
[31m[1m>[0m [90m15 |[0m [36mimport[0m { [33mAssetWebConsoleProfilePanel[0m } [36mfrom[0m [32m"@/components/AssetWebConsoleProfilePanel"[0m;
  [90m   |[0m [31m[1m^^^^^^^^^^^^^^^^^^^^^^^^^^^^^^^^^^^^^^^^^^^^^^^^^^^^^^^^^^^^^^^^^^^^^^^^^^^^^^^^^^^^^^^[0m
  [90m16 |[0m [36mimport[0m styles [36mfrom[0m [32m"./AssetDetails.module.css"[0m;
  [90m17 |[0m
  [90m18 |[0m [36mtype[0m [33mDict[0m = ([36mtypeof[0m translations)[[32m"tr"[0m];

Import map: aliased to relative './components/AssetWebConsoleProfilePanel' inside of [project]/apps/web


Import traces:
  Client Component Browser:
    ./apps/web/components/AssetDetails.tsx [Client Component Browser]
    ./apps/web/components/GlobalSearch.tsx [Client Component Browser]
    ./apps/web/components/TopHeader.tsx [Client Component Browser]
    ./apps/web/components/TopHeader.tsx [Server Component]
    ./apps/web/app/layout.tsx [Server Component]

  Client Component SSR:
    ./apps/web/components/AssetDetails.tsx [Client Component SSR]
    ./apps/web/components/GlobalSearch.tsx [Client Component SSR]
    ./apps/web/components/TopHeader.tsx [Client Component SSR]
    ./apps/web/components/TopHeader.tsx [Server Component]
    ./apps/web/app/layout.tsx [Server Component]

https://nextjs.org/docs/messages/module-not-found


⨯ ./apps/web/components/AssetDetails.tsx:15:1
Error: Module not found: Can't resolve '@/components/AssetWebConsoleProfilePanel'
  [90m13 |[0m [36mimport[0m { [33mAssetAgentPanel[0m } [36mfrom[0m [32m"@/components/AssetAgentPanel"[0m;
  [90m14 |[0m [36mimport[0m { [33mAssetSnmpPanel[0m } [36mfrom[0m [32m"@/components/AssetSnmpPanel"[0m;
[31m[1m>[0m [90m15 |[0m [36mimport[0m { [33mAssetWebConsoleProfilePanel[0m } [36mfrom[0m [32m"@/components/AssetWebConsoleProfilePanel"[0m;
  [90m   |[0m [31m[1m^^^^^^^^^^^^^^^^^^^^^^^^^^^^^^^^^^^^^^^^^^^^^^^^^^^^^^^^^^^^^^^^^^^^^^^^^^^^^^^^^^^^^^^[0m
  [90m16 |[0m [36mimport[0m styles [36mfrom[0m [32m"./AssetDetails.module.css"[0m;
  [90m17 |[0m
  [90m18 |[0m [36mtype[0m [33mDict[0m = ([36mtypeof[0m translations)[[32m"tr"[0m];

Import map: aliased to relative './components/AssetWebConsoleProfilePanel' inside of [project]/apps/web


Import traces:
  Client Component Browser:
    ./apps/web/components/AssetDetails.tsx [Client Component Browser]
    ./apps/web/components/GlobalSearch.tsx [Client Component Browser]
    ./apps/web/components/TopHeader.tsx [Client Component Browser]
    ./apps/web/components/TopHeader.tsx [Server Component]
    ./apps/web/app/layout.tsx [Server Component]

  Client Component SSR:
    ./apps/web/components/AssetDetails.tsx [Client Component SSR]
    ./apps/web/components/GlobalSearch.tsx [Client Component SSR]
    ./apps/web/components/TopHeader.tsx [Client Component SSR]
    ./apps/web/components/TopHeader.tsx [Server Component]
    ./apps/web/app/layout.tsx [Server Component]

https://nextjs.org/docs/messages/module-not-found


⨯ ./apps/web/components/AssetDetails.tsx:15:1
Error: Module not found: Can't resolve '@/components/AssetWebConsoleProfilePanel'
  [90m13 |[0m [36mimport[0m { [33mAssetAgentPanel[0m } [36mfrom[0m [32m"@/components/AssetAgentPanel"[0m;
  [90m14 |[0m [36mimport[0m { [33mAssetSnmpPanel[0m } [36mfrom[0m [32m"@/components/AssetSnmpPanel"[0m;
[31m[1m>[0m [90m15 |[0m [36mimport[0m { [33mAssetWebConsoleProfilePanel[0m } [36mfrom[0m [32m"@/components/AssetWebConsoleProfilePanel"[0m;
  [90m   |[0m [31m[1m^^^^^^^^^^^^^^^^^^^^^^^^^^^^^^^^^^^^^^^^^^^^^^^^^^^^^^^^^^^^^^^^^^^^^^^^^^^^^^^^^^^^^^^[0m
  [90m16 |[0m [36mimport[0m styles [36mfrom[0m [32m"./AssetDetails.module.css"[0m;
  [90m17 |[0m
  [90m18 |[0m [36mtype[0m [33mDict[0m = ([36mtypeof[0m translations)[[32m"tr"[0m];

Import map: aliased to relative './components/AssetWebConsoleProfilePanel' inside of [project]/apps/web


Import traces:
  Client Component Browser:
    ./apps/web/components/AssetDetails.tsx [Client Component Browser]
    ./apps/web/components/GlobalSearch.tsx [Client Component Browser]
    ./apps/web/components/TopHeader.tsx [Client Component Browser]
    ./apps/web/components/TopHeader.tsx [Server Component]
    ./apps/web/app/layout.tsx [Server Component]

  Client Component SSR:
    ./apps/web/components/AssetDetails.tsx [Client Component SSR]
    ./apps/web/components/GlobalSearch.tsx [Client Component SSR]
    ./apps/web/components/TopHeader.tsx [Client Component SSR]
    ./apps/web/components/TopHeader.tsx [Server Component]
    ./apps/web/app/layout.tsx [Server Component]

https://nextjs.org/docs/messages/module-not-found


⨯ ./apps/web/components/AssetDetails.tsx:15:1
Error: Module not found: Can't resolve '@/components/AssetWebConsoleProfilePanel'
  [90m13 |[0m [36mimport[0m { [33mAssetAgentPanel[0m } [36mfrom[0m [32m"@/components/AssetAgentPanel"[0m;
  [90m14 |[0m [36mimport[0m { [33mAssetSnmpPanel[0m } [36mfrom[0m [32m"@/components/AssetSnmpPanel"[0m;
[31m[1m>[0m [90m15 |[0m [36mimport[0m { [33mAssetWebConsoleProfilePanel[0m } [36mfrom[0m [32m"@/components/AssetWebConsoleProfilePanel"[0m;
  [90m   |[0m [31m[1m^^^^^^^^^^^^^^^^^^^^^^^^^^^^^^^^^^^^^^^^^^^^^^^^^^^^^^^^^^^^^^^^^^^^^^^^^^^^^^^^^^^^^^^[0m
  [90m16 |[0m [36mimport[0m styles [36mfrom[0m [32m"./AssetDetails.module.css"[0m;
  [90m17 |[0m
  [90m18 |[0m [36mtype[0m [33mDict[0m = ([36mtypeof[0m translations)[[32m"tr"[0m];

Import map: aliased to relative './components/AssetWebConsoleProfilePanel' inside of [project]/apps/web


Import traces:
  Client Component Browser:
    ./apps/web/components/AssetDetails.tsx [Client Component Browser]
    ./apps/web/components/GlobalSearch.tsx [Client Component Browser]
    ./apps/web/components/TopHeader.tsx [Client Component Browser]
    ./apps/web/components/TopHeader.tsx [Server Component]
    ./apps/web/app/layout.tsx [Server Component]

  Client Component SSR:
    ./apps/web/components/AssetDetails.tsx [Client Component SSR]
    ./apps/web/components/GlobalSearch.tsx [Client Component SSR]
    ./apps/web/components/TopHeader.tsx [Client Component SSR]
    ./apps/web/components/TopHeader.tsx [Server Component]
    ./apps/web/app/layout.tsx [Server Component]

https://nextjs.org/docs/messages/module-not-found


⨯ ./apps/web/components/AssetDetails.tsx:15:1
Error: Module not found: Can't resolve '@/components/AssetWebConsoleProfilePanel'
  [90m13 |[0m [36mimport[0m { [33mAssetAgentPanel[0m } [36mfrom[0m [32m"@/components/AssetAgentPanel"[0m;
  [90m14 |[0m [36mimport[0m { [33mAssetSnmpPanel[0m } [36mfrom[0m [32m"@/components/AssetSnmpPanel"[0m;
[31m[1m>[0m [90m15 |[0m [36mimport[0m { [33mAssetWebConsoleProfilePanel[0m } [36mfrom[0m [32m"@/components/AssetWebConsoleProfilePanel"[0m;
  [90m   |[0m [31m[1m^^^^^^^^^^^^^^^^^^^^^^^^^^^^^^^^^^^^^^^^^^^^^^^^^^^^^^^^^^^^^^^^^^^^^^^^^^^^^^^^^^^^^^^[0m
  [90m16 |[0m [36mimport[0m styles [36mfrom[0m [32m"./AssetDetails.module.css"[0m;
  [90m17 |[0m
  [90m18 |[0m [36mtype[0m [33mDict[0m = ([36mtypeof[0m translations)[[32m"tr"[0m];

Import map: aliased to relative './components/AssetWebConsoleProfilePanel' inside of [project]/apps/web


Import traces:
  Client Component Browser:
    ./apps/web/components/AssetDetails.tsx [Client Component Browser]
    ./apps/web/components/GlobalSearch.tsx [Client Component Browser]
    ./apps/web/components/TopHeader.tsx [Client Component Browser]
    ./apps/web/components/TopHeader.tsx [Server Component]
    ./apps/web/app/layout.tsx [Server Component]

  Client Component SSR:
    ./apps/web/components/AssetDetails.tsx [Client Component SSR]
    ./apps/web/components/GlobalSearch.tsx [Client Component SSR]
    ./apps/web/components/TopHeader.tsx [Client Component SSR]
    ./apps/web/components/TopHeader.tsx [Server Component]
    ./apps/web/app/layout.tsx [Server Component]

https://nextjs.org/docs/messages/module-not-found


⨯ ./apps/web/components/AssetDetails.tsx:15:1
Error: Module not found: Can't resolve '@/components/AssetWebConsoleProfilePanel'
  [90m13 |[0m [36mimport[0m { [33mAssetAgentPanel[0m } [36mfrom[0m [32m"@/components/AssetAgentPanel"[0m;
  [90m14 |[0m [36mimport[0m { [33mAssetSnmpPanel[0m } [36mfrom[0m [32m"@/components/AssetSnmpPanel"[0m;
[31m[1m>[0m [90m15 |[0m [36mimport[0m { [33mAssetWebConsoleProfilePanel[0m } [36mfrom[0m [32m"@/components/AssetWebConsoleProfilePanel"[0m;
  [90m   |[0m [31m[1m^^^^^^^^^^^^^^^^^^^^^^^^^^^^^^^^^^^^^^^^^^^^^^^^^^^^^^^^^^^^^^^^^^^^^^^^^^^^^^^^^^^^^^^[0m
  [90m16 |[0m [36mimport[0m styles [36mfrom[0m [32m"./AssetDetails.module.css"[0m;
  [90m17 |[0m
  [90m18 |[0m [36mtype[0m [33mDict[0m = ([36mtypeof[0m translations)[[32m"tr"[0m];

Import map: aliased to relative './components/AssetWebConsoleProfilePanel' inside of [project]/apps/web


Import traces:
  Client Component Browser:
    ./apps/web/components/AssetDetails.tsx [Client Component Browser]
    ./apps/web/components/GlobalSearch.tsx [Client Component Browser]
    ./apps/web/components/TopHeader.tsx [Client Component Browser]
    ./apps/web/components/TopHeader.tsx [Server Component]
    ./apps/web/app/layout.tsx [Server Component]

  Client Component SSR:
    ./apps/web/components/AssetDetails.tsx [Client Component SSR]
    ./apps/web/components/GlobalSearch.tsx [Client Component SSR]
    ./apps/web/components/TopHeader.tsx [Client Component SSR]
    ./apps/web/components/TopHeader.tsx [Server Component]
    ./apps/web/app/layout.tsx [Server Component]

https://nextjs.org/docs/messages/module-not-found


⨯ ./apps/web/components/AssetDetails.tsx:15:1
Error: Module not found: Can't resolve '@/components/AssetWebConsoleProfilePanel'
  [90m13 |[0m [36mimport[0m { [33mAssetAgentPanel[0m } [36mfrom[0m [32m"@/components/AssetAgentPanel"[0m;
  [90m14 |[0m [36mimport[0m { [33mAssetSnmpPanel[0m } [36mfrom[0m [32m"@/components/AssetSnmpPanel"[0m;
[31m[1m>[0m [90m15 |[0m [36mimport[0m { [33mAssetWebConsoleProfilePanel[0m } [36mfrom[0m [32m"@/components/AssetWebConsoleProfilePanel"[0m;
  [90m   |[0m [31m[1m^^^^^^^^^^^^^^^^^^^^^^^^^^^^^^^^^^^^^^^^^^^^^^^^^^^^^^^^^^^^^^^^^^^^^^^^^^^^^^^^^^^^^^^[0m
  [90m16 |[0m [36mimport[0m styles [36mfrom[0m [32m"./AssetDetails.module.css"[0m;
  [90m17 |[0m
  [90m18 |[0m [36mtype[0m [33mDict[0m = ([36mtypeof[0m translations)[[32m"tr"[0m];

Import map: aliased to relative './components/AssetWebConsoleProfilePanel' inside of [project]/apps/web


Import traces:
  Client Component Browser:
    ./apps/web/components/AssetDetails.tsx [Client Component Browser]
    ./apps/web/components/GlobalSearch.tsx [Client Component Browser]
    ./apps/web/components/TopHeader.tsx [Client Component Browser]
    ./apps/web/components/TopHeader.tsx [Server Component]
    ./apps/web/app/layout.tsx [Server Component]

  Client Component SSR:
    ./apps/web/components/AssetDetails.tsx [Client Component SSR]
    ./apps/web/components/GlobalSearch.tsx [Client Component SSR]
    ./apps/web/components/TopHeader.tsx [Client Component SSR]
    ./apps/web/components/TopHeader.tsx [Server Component]
    ./apps/web/app/layout.tsx [Server Component]

https://nextjs.org/docs/messages/module-not-found


⨯ ./apps/web/components/AssetDetails.tsx:15:1
Error: Module not found: Can't resolve '@/components/AssetWebConsoleProfilePanel'
  [90m13 |[0m [36mimport[0m { [33mAssetAgentPanel[0m } [36mfrom[0m [32m"@/components/AssetAgentPanel"[0m;
  [90m14 |[0m [36mimport[0m { [33mAssetSnmpPanel[0m } [36mfrom[0m [32m"@/components/AssetSnmpPanel"[0m;
[31m[1m>[0m [90m15 |[0m [36mimport[0m { [33mAssetWebConsoleProfilePanel[0m } [36mfrom[0m [32m"@/components/AssetWebConsoleProfilePanel"[0m;
  [90m   |[0m [31m[1m^^^^^^^^^^^^^^^^^^^^^^^^^^^^^^^^^^^^^^^^^^^^^^^^^^^^^^^^^^^^^^^^^^^^^^^^^^^^^^^^^^^^^^^[0m
  [90m16 |[0m [36mimport[0m styles [36mfrom[0m [32m"./AssetDetails.module.css"[0m;
  [90m17 |[0m
  [90m18 |[0m [36mtype[0m [33mDict[0m = ([36mtypeof[0m translations)[[32m"tr"[0m];

Import map: aliased to relative './components/AssetWebConsoleProfilePanel' inside of [project]/apps/web


Import traces:
  Client Component Browser:
    ./apps/web/components/AssetDetails.tsx [Client Component Browser]
    ./apps/web/components/GlobalSearch.tsx [Client Component Browser]
    ./apps/web/components/TopHeader.tsx [Client Component Browser]
    ./apps/web/components/TopHeader.tsx [Server Component]
    ./apps/web/app/layout.tsx [Server Component]

  Client Component SSR:
    ./apps/web/components/AssetDetails.tsx [Client Component SSR]
    ./apps/web/components/GlobalSearch.tsx [Client Component SSR]
    ./apps/web/components/TopHeader.tsx [Client Component SSR]
    ./apps/web/components/TopHeader.tsx [Server Component]
    ./apps/web/app/layout.tsx [Server Component]

https://nextjs.org/docs/messages/module-not-found


✓ Compiled in 175ms
⚠ Fast Refresh had to perform a full reload when ./apps/web/lib/i18n/translations.ts changed. Read more: https://nextjs.org/docs/messages/fast-refresh-reload
✓ Compiled in 991ms
⚠ Fast Refresh had to perform a full reload when ./apps/web/lib/i18n/translations.ts changed. Read more: https://nextjs.org/docs/messages/fast-refresh-reload
⚠ Fast Refresh had to perform a full reload when ./apps/web/lib/i18n/translations.ts changed. Read more: https://nextjs.org/docs/messages/fast-refresh-reload
 GET /my-access 200 in 400ms (next.js: 154ms, application-code: 246ms)
 GET / 200 in 306ms (next.js: 171ms, application-code: 136ms)
 GET /my-access 200 in 869ms (next.js: 26ms, application-code: 842ms)
 GET / 200 in 660ms (next.js: 35ms, application-code: 625ms)
 GET /login?next=%2F 200 in 346ms (next.js: 120ms, application-code: 226ms)
 GET /login?next=%2F 200 in 363ms (next.js: 94ms, application-code: 269ms)
⚠ Fast Refresh had to perform a full reload when ./apps/web/lib/i18n/translations.ts changed. Read more: https://nextjs.org/docs/messages/fast-refresh-reload
⚠ Fast Refresh had to perform a full reload when ./apps/web/lib/i18n/translations.ts changed. Read more: https://nextjs.org/docs/messages/fast-refresh-reload
✓ Compiled in 509ms
⚠ Fast Refresh had to perform a full reload when ./apps/web/lib/i18n/translations.ts changed. Read more: https://nextjs.org/docs/messages/fast-refresh-reload
 GET / 200 in 853ms (next.js: 347ms, application-code: 506ms)
 GET /my-access 200 in 856ms (next.js: 269ms, application-code: 586ms)
 GET /login?next=%2F 200 in 386ms (next.js: 94ms, application-code: 292ms)
 GET /my-access 200 in 941ms (next.js: 35ms, application-code: 906ms)
 GET / 200 in 947ms (next.js: 82ms, application-code: 865ms)
 GET /login?next=%2F 200 in 435ms (next.js: 67ms, application-code: 368ms)
⚠ Fast Refresh had to perform a full reload when ./apps/web/lib/i18n/translations.ts changed. Read more: https://nextjs.org/docs/messages/fast-refresh-reload
⚠ Fast Refresh had to perform a full reload when ./apps/web/lib/i18n/translations.ts changed. Read more: https://nextjs.org/docs/messages/fast-refresh-reload
✓ Compiled in 219ms
⚠ Fast Refresh had to perform a full reload when ./apps/web/lib/i18n/translations.ts changed. Read more: https://nextjs.org/docs/messages/fast-refresh-reload
 GET /my-access 200 in 752ms (next.js: 198ms, application-code: 554ms)
 GET / 200 in 598ms (next.js: 216ms, application-code: 382ms)
 GET /login?next=%2F 200 in 423ms (next.js: 139ms, application-code: 285ms)
 GET /my-access 200 in 969ms (next.js: 45ms, application-code: 925ms)
 GET / 200 in 895ms (next.js: 254ms, application-code: 642ms)
 GET /login?next=%2F 200 in 407ms (next.js: 131ms, application-code: 276ms)
 GET / 200 in 1051ms (next.js: 298ms, application-code: 753ms)
 GET /login?next=%2F 200 in 1017ms (next.js: 476ms, application-code: 541ms)
 GET /my-access 200 in 1108ms (next.js: 573ms, application-code: 534ms)
 GET / 200 in 660ms (next.js: 37ms, application-code: 623ms)
 GET /login?next=%2F 200 in 759ms (next.js: 109ms, application-code: 650ms)
 GET /my-access 200 in 654ms (next.js: 29ms, application-code: 625ms)
 GET / 200 in 554ms (next.js: 29ms, application-code: 525ms)
 GET /login?next=%2F 200 in 812ms (next.js: 120ms, application-code: 691ms)
 GET /my-access 200 in 634ms (next.js: 62ms, application-code: 572ms)
 GET / 200 in 657ms (next.js: 146ms, application-code: 511ms)
 GET /login?next=%2F 200 in 772ms (next.js: 209ms, application-code: 563ms)
 GET /my-access 200 in 722ms (next.js: 55ms, application-code: 667ms)
 GET / 200 in 721ms (next.js: 133ms, application-code: 588ms)
 GET /login?next=%2F 200 in 801ms (next.js: 202ms, application-code: 599ms)
 GET /my-access 200 in 671ms (next.js: 44ms, application-code: 627ms)
 GET / 200 in 762ms (next.js: 116ms, application-code: 646ms)
 GET /login?next=%2F 200 in 800ms (next.js: 161ms, application-code: 639ms)
 GET /my-access 200 in 632ms (next.js: 49ms, application-code: 582ms)
 GET / 200 in 628ms (next.js: 120ms, application-code: 507ms)
 GET /login?next=%2F 200 in 683ms (next.js: 114ms, application-code: 569ms)
 GET /my-access 200 in 595ms (next.js: 45ms, application-code: 550ms)
 GET / 200 in 684ms (next.js: 118ms, application-code: 566ms)
 GET /login?next=%2F 200 in 645ms (next.js: 101ms, application-code: 544ms)
 GET /my-access 200 in 653ms (next.js: 47ms, application-code: 606ms)
 GET / 200 in 824ms (next.js: 125ms, application-code: 699ms)
 GET /login?next=%2F 200 in 734ms (next.js: 96ms, application-code: 638ms)
 GET /my-access 200 in 675ms (next.js: 37ms, application-code: 638ms)
 GET / 200 in 782ms (next.js: 125ms, application-code: 658ms)
 GET /login?next=%2F 200 in 758ms (next.js: 97ms, application-code: 661ms)
 GET /my-access 200 in 702ms (next.js: 51ms, application-code: 651ms)
 GET / 200 in 786ms (next.js: 127ms, application-code: 659ms)
 GET /login?next=%2F 200 in 782ms (next.js: 209ms, application-code: 573ms)
 GET /my-access 200 in 762ms (next.js: 42ms, application-code: 720ms)
 GET / 200 in 779ms (next.js: 138ms, application-code: 641ms)
 GET /login?next=%2F 200 in 764ms (next.js: 102ms, application-code: 662ms)
 GET /my-access 200 in 693ms (next.js: 38ms, application-code: 655ms)
 GET / 200 in 791ms (next.js: 133ms, application-code: 659ms)
 GET /login?next=%2F 200 in 789ms (next.js: 203ms, application-code: 586ms)
 GET /my-access 200 in 729ms (next.js: 28ms, application-code: 701ms)
 GET / 200 in 739ms (next.js: 108ms, application-code: 631ms)
 GET /login?next=%2F 200 in 858ms (next.js: 143ms, application-code: 715ms)
 GET /my-access 200 in 748ms (next.js: 30ms, application-code: 718ms)
 GET /login?next=%2F 200 in 841ms (next.js: 237ms, application-code: 605ms)
 GET / 200 in 847ms (next.js: 136ms, application-code: 710ms)
 GET /my-access 200 in 839ms (next.js: 42ms, application-code: 797ms)
 GET / 200 in 859ms (next.js: 141ms, application-code: 718ms)
 GET /login?next=%2F 200 in 859ms (next.js: 238ms, application-code: 621ms)
 GET /my-access 200 in 736ms (next.js: 32ms, application-code: 704ms)
 GET / 200 in 759ms (next.js: 148ms, application-code: 611ms)
 GET /login?next=%2F 200 in 846ms (next.js: 243ms, application-code: 603ms)
 GET /my-access 200 in 679ms (next.js: 26ms, application-code: 653ms)
 GET / 200 in 679ms (next.js: 131ms, application-code: 547ms)
 GET /login?next=%2F 200 in 676ms (next.js: 31ms, application-code: 646ms)
 GET /my-access 200 in 770ms (next.js: 141ms, application-code: 628ms)
 GET / 200 in 679ms (next.js: 134ms, application-code: 544ms)
 GET /login?next=%2F 200 in 660ms (next.js: 27ms, application-code: 633ms)
 GET /my-access 200 in 758ms (next.js: 112ms, application-code: 646ms)
 GET / 200 in 811ms (next.js: 136ms, application-code: 675ms)
 GET /login?next=%2F 200 in 695ms (next.js: 28ms, application-code: 667ms)
 GET /my-access 200 in 715ms (next.js: 124ms, application-code: 591ms)
 GET / 200 in 801ms (next.js: 120ms, application-code: 682ms)
 GET /login?next=%2F 200 in 688ms (next.js: 45ms, application-code: 643ms)
 GET /my-access 200 in 729ms (next.js: 157ms, application-code: 572ms)
 GET / 200 in 711ms (next.js: 244ms, application-code: 467ms)
 GET /login?next=%2F 200 in 661ms (next.js: 51ms, application-code: 610ms)
 GET /my-access 200 in 754ms (next.js: 145ms, application-code: 608ms)
 GET / 200 in 753ms (next.js: 228ms, application-code: 525ms)
 GET /login?next=%2F 200 in 724ms (next.js: 61ms, application-code: 663ms)
 GET /my-access 200 in 722ms (next.js: 135ms, application-code: 587ms)
 GET / 200 in 890ms (next.js: 210ms, application-code: 680ms)
 GET /my-access 200 in 711ms (next.js: 121ms, application-code: 590ms)
 GET /login?next=%2F 200 in 715ms (next.js: 41ms, application-code: 674ms)
 GET / 200 in 873ms (next.js: 228ms, application-code: 644ms)
 GET /login?next=%2F 200 in 671ms (next.js: 46ms, application-code: 625ms)
 GET /my-access 200 in 771ms (next.js: 127ms, application-code: 644ms)
 GET / 200 in 820ms (next.js: 196ms, application-code: 624ms)
 GET /login?next=%2F 200 in 701ms (next.js: 43ms, application-code: 658ms)
 GET /my-access 200 in 798ms (next.js: 129ms, application-code: 669ms)
 GET / 200 in 846ms (next.js: 204ms, application-code: 642ms)
 GET /login?next=%2F 200 in 651ms (next.js: 41ms, application-code: 609ms)
 GET /my-access 200 in 646ms (next.js: 123ms, application-code: 523ms)
 GET / 200 in 639ms (next.js: 129ms, application-code: 511ms)
 GET /login?next=%2F 200 in 579ms (next.js: 40ms, application-code: 539ms)
 GET /my-access 200 in 583ms (next.js: 126ms, application-code: 457ms)
 GET / 200 in 580ms (next.js: 101ms, application-code: 479ms)
 GET /login?next=%2F 200 in 616ms (next.js: 43ms, application-code: 573ms)
 GET /my-access 200 in 647ms (next.js: 133ms, application-code: 513ms)
 GET / 200 in 812ms (next.js: 192ms, application-code: 620ms)
 GET /login?next=%2F 200 in 694ms (next.js: 24ms, application-code: 669ms)
 GET /my-access 200 in 811ms (next.js: 125ms, application-code: 685ms)
 GET / 200 in 803ms (next.js: 123ms, application-code: 680ms)
 GET /login?next=%2F 200 in 793ms (next.js: 47ms, application-code: 746ms)
 GET /my-access 200 in 814ms (next.js: 133ms, application-code: 680ms)
 GET / 200 in 869ms (next.js: 208ms, application-code: 661ms)
 GET /login?next=%2F 200 in 686ms (next.js: 29ms, application-code: 658ms)
 GET /my-access 200 in 776ms (next.js: 145ms, application-code: 631ms)
 GET / 200 in 751ms (next.js: 121ms, application-code: 629ms)
 GET /login?next=%2F 200 in 654ms (next.js: 105ms, application-code: 550ms)
 GET /my-access 200 in 733ms (next.js: 120ms, application-code: 613ms)
 GET / 200 in 643ms (next.js: 127ms, application-code: 516ms)
 GET /login?next=%2F 200 in 637ms (next.js: 83ms, application-code: 554ms)
 GET /my-access 200 in 631ms (next.js: 30ms, application-code: 601ms)
 GET / 200 in 653ms (next.js: 117ms, application-code: 536ms)
 GET /login?next=%2F 200 in 813ms (next.js: 120ms, application-code: 694ms)
 GET /my-access 200 in 718ms (next.js: 32ms, application-code: 686ms)
 GET / 200 in 727ms (next.js: 122ms, application-code: 605ms)
 GET /login?next=%2F 200 in 724ms (next.js: 192ms, application-code: 532ms)
 GET /my-access 200 in 803ms (next.js: 54ms, application-code: 749ms)
 GET / 200 in 956ms (next.js: 215ms, application-code: 741ms)
 GET /login?next=%2F 200 in 955ms (next.js: 300ms, application-code: 654ms)
 GET /my-access 200 in 789ms (next.js: 46ms, application-code: 742ms)
 GET / 200 in 785ms (next.js: 143ms, application-code: 642ms)
 GET /login?next=%2F 200 in 804ms (next.js: 234ms, application-code: 570ms)
 GET /my-access 200 in 767ms (next.js: 40ms, application-code: 726ms)
 GET / 200 in 767ms (next.js: 123ms, application-code: 643ms)
 GET /login?next=%2F 200 in 906ms (next.js: 183ms, application-code: 723ms)
 GET /my-access 200 in 641ms (next.js: 27ms, application-code: 614ms)
 GET / 200 in 663ms (next.js: 110ms, application-code: 553ms)
 GET /login?next=%2F 200 in 850ms (next.js: 118ms, application-code: 732ms)
 GET /my-access 200 in 697ms (next.js: 57ms, application-code: 640ms)
 GET / 200 in 865ms (next.js: 143ms, application-code: 721ms)
 GET /login?next=%2F 200 in 845ms (next.js: 196ms, application-code: 649ms)
 GET /my-access 200 in 820ms (next.js: 55ms, application-code: 765ms)
 GET / 200 in 819ms (next.js: 136ms, application-code: 683ms)
 GET /login?next=%2F 200 in 915ms (next.js: 218ms, application-code: 697ms)
 GET /my-access 200 in 806ms (next.js: 40ms, application-code: 766ms)
 GET / 200 in 827ms (next.js: 149ms, application-code: 678ms)
 GET /login?next=%2F 200 in 870ms (next.js: 211ms, application-code: 660ms)
 GET /my-access 200 in 676ms (next.js: 25ms, application-code: 651ms)
 GET / 200 in 780ms (next.js: 129ms, application-code: 651ms)
 GET /login?next=%2F 200 in 766ms (next.js: 121ms, application-code: 644ms)
 GET /my-access 200 in 752ms (next.js: 112ms, application-code: 640ms)
 GET / 200 in 749ms (next.js: 118ms, application-code: 632ms)
 GET /login?next=%2F 200 in 743ms (next.js: 101ms, application-code: 642ms)
 GET /my-access 200 in 750ms (next.js: 109ms, application-code: 641ms)
 GET / 200 in 775ms (next.js: 137ms, application-code: 638ms)
 GET /login?next=%2F 200 in 769ms (next.js: 107ms, application-code: 662ms)
 GET /my-access 200 in 768ms (next.js: 107ms, application-code: 661ms)
 GET / 200 in 770ms (next.js: 113ms, application-code: 657ms)
 GET /login?next=%2F 200 in 868ms (next.js: 111ms, application-code: 757ms)
 GET /my-access 200 in 770ms (next.js: 126ms, application-code: 644ms)
 GET / 200 in 658ms (next.js: 118ms, application-code: 540ms)
 GET /login?next=%2F 200 in 598ms (next.js: 129ms, application-code: 469ms)
 GET /my-access 200 in 659ms (next.js: 31ms, application-code: 628ms)
 GET / 200 in 765ms (next.js: 125ms, application-code: 640ms)
 GET /login?next=%2F 200 in 763ms (next.js: 202ms, application-code: 560ms)
 GET /my-access 200 in 671ms (next.js: 45ms, application-code: 626ms)
 GET / 200 in 703ms (next.js: 143ms, application-code: 561ms)
 GET /login?next=%2F 200 in 703ms (next.js: 229ms, application-code: 474ms)
 GET / 200 in 680ms (next.js: 132ms, application-code: 549ms)
 GET /my-access 200 in 687ms (next.js: 45ms, application-code: 641ms)
 GET /login?next=%2F 200 in 697ms (next.js: 219ms, application-code: 477ms)
 GET /my-access 200 in 703ms (next.js: 44ms, application-code: 659ms)
 GET / 200 in 799ms (next.js: 142ms, application-code: 658ms)
 GET /login?next=%2F 200 in 798ms (next.js: 217ms, application-code: 581ms)
 GET / 200 in 666ms (next.js: 132ms, application-code: 534ms)
 GET /my-access 200 in 670ms (next.js: 44ms, application-code: 625ms)
 GET /login?next=%2F 200 in 711ms (next.js: 242ms, application-code: 470ms)
 GET /my-access 200 in 717ms (next.js: 41ms, application-code: 676ms)
 GET / 200 in 872ms (next.js: 140ms, application-code: 732ms)
 GET /login?next=%2F 200 in 852ms (next.js: 194ms, application-code: 658ms)
 GET /my-access 200 in 686ms (next.js: 54ms, application-code: 632ms)
 GET / 200 in 685ms (next.js: 145ms, application-code: 540ms)
 GET /login?next=%2F 200 in 786ms (next.js: 255ms, application-code: 530ms)
 GET /my-access 200 in 625ms (next.js: 41ms, application-code: 584ms)
 GET / 200 in 628ms (next.js: 119ms, application-code: 508ms)
 GET /login?next=%2F 200 in 626ms (next.js: 181ms, application-code: 444ms)
 GET /my-access 200 in 665ms (next.js: 41ms, application-code: 624ms)
 GET / 200 in 680ms (next.js: 143ms, application-code: 536ms)
 GET /login?next=%2F 200 in 664ms (next.js: 204ms, application-code: 460ms)
 GET /my-access 200 in 458ms (next.js: 41ms, application-code: 417ms)
 GET / 200 in 456ms (next.js: 132ms, application-code: 324ms)
 GET /login?next=%2F 200 in 456ms (next.js: 205ms, application-code: 251ms)
 GET /my-access 200 in 122ms (next.js: 28ms, application-code: 94ms)
⚠ Fast Refresh had to perform a full reload when ./apps/web/lib/i18n/translations.ts changed. Read more: https://nextjs.org/docs/messages/fast-refresh-reload
⚠ Fast Refresh had to perform a full reload when ./apps/web/lib/i18n/translations.ts changed. Read more: https://nextjs.org/docs/messages/fast-refresh-reload
✓ Compiled in 244ms
⚠ Fast Refresh had to perform a full reload when ./apps/web/lib/i18n/translations.ts changed. Read more: https://nextjs.org/docs/messages/fast-refresh-reload
 GET / 200 in 1199ms (next.js: 788ms, application-code: 411ms)
 GET /my-access 200 in 1275ms (next.js: 77ms, application-code: 1198ms)
 GET /login?next=%2F 200 in 349ms (next.js: 87ms, application-code: 262ms)
 GET / 200 in 1332ms (next.js: 199ms, application-code: 1133ms)
 GET /my-access 200 in 1338ms (next.js: 58ms, application-code: 1280ms)
 GET /login?next=%2F 200 in 385ms (next.js: 61ms, application-code: 324ms)
⚠ Fast Refresh had to perform a full reload when ./apps/web/lib/i18n/translations.ts changed. Read more: https://nextjs.org/docs/messages/fast-refresh-reload
⚠ Fast Refresh had to perform a full reload when ./apps/web/lib/i18n/translations.ts changed. Read more: https://nextjs.org/docs/messages/fast-refresh-reload
✓ Compiled in 223ms
⚠ Fast Refresh had to perform a full reload when ./apps/web/lib/i18n/translations.ts changed. Read more: https://nextjs.org/docs/messages/fast-refresh-reload
 GET /my-access 200 in 553ms (next.js: 204ms, application-code: 349ms)
 GET / 200 in 729ms (next.js: 289ms, application-code: 440ms)
 GET /login?next=%2F 200 in 366ms (next.js: 81ms, application-code: 285ms)
 GET /my-access 200 in 942ms (next.js: 39ms, application-code: 904ms)
 GET / 200 in 884ms (next.js: 118ms, application-code: 767ms)
 GET /login?next=%2F 200 in 487ms (next.js: 55ms, application-code: 432ms)
✓ Compiled in 218ms
 GET /my-access 200 in 361ms (next.js: 42ms, application-code: 319ms)
 GET / 200 in 218ms (next.js: 25ms, application-code: 192ms)
 GET /login?next=%2F 200 in 197ms (next.js: 112ms, application-code: 85ms)
✓ Compiled in 190ms
 GET /my-access 200 in 336ms (next.js: 44ms, application-code: 292ms)
 GET / 200 in 297ms (next.js: 107ms, application-code: 190ms)
 GET /login?next=%2F 200 in 116ms (next.js: 24ms, application-code: 92ms)
⚠ Fast Refresh had to perform a full reload when ./apps/web/lib/i18n/translations.ts changed. Read more: https://nextjs.org/docs/messages/fast-refresh-reload
⚠ Fast Refresh had to perform a full reload when ./apps/web/lib/i18n/translations.ts changed. Read more: https://nextjs.org/docs/messages/fast-refresh-reload
✓ Compiled in 223ms
⚠ Fast Refresh had to perform a full reload when ./apps/web/lib/i18n/translations.ts changed. Read more: https://nextjs.org/docs/messages/fast-refresh-reload
 GET /my-access 200 in 685ms (next.js: 232ms, application-code: 453ms)
 GET / 200 in 642ms (next.js: 244ms, application-code: 398ms)
 GET /login?next=%2F 200 in 313ms (next.js: 89ms, application-code: 224ms)
 GET /my-access 200 in 944ms (next.js: 40ms, application-code: 904ms)
 GET / 200 in 938ms (next.js: 145ms, application-code: 793ms)
 GET /login?next=%2F 200 in 384ms (next.js: 55ms, application-code: 329ms)
⚠ Fast Refresh had to perform a full reload when ./apps/web/lib/i18n/translations.ts changed. Read more: https://nextjs.org/docs/messages/fast-refresh-reload
⚠ Fast Refresh had to perform a full reload when ./apps/web/lib/i18n/translations.ts changed. Read more: https://nextjs.org/docs/messages/fast-refresh-reload
✓ Compiled in 202ms
⚠ Fast Refresh had to perform a full reload when ./apps/web/lib/i18n/translations.ts changed. Read more: https://nextjs.org/docs/messages/fast-refresh-reload
 GET /my-access 200 in 631ms (next.js: 254ms, application-code: 378ms)
 GET / 200 in 455ms (next.js: 37ms, application-code: 418ms)
 GET /login?next=%2F 200 in 327ms (next.js: 78ms, application-code: 249ms)
 GET /my-access 200 in 998ms (next.js: 30ms, application-code: 968ms)
 GET / 200 in 954ms (next.js: 183ms, application-code: 771ms)
 GET /login?next=%2F 200 in 430ms (next.js: 57ms, application-code: 373ms)
Failed to proxy http://10.0.213.30:8000/api/scans Error: read ECONNRESET
    at ignore-listed frames {
  errno: -4077,
  code: 'ECONNRESET',
  syscall: 'read'
}
Error: read ECONNRESET
    at ignore-listed frames {
  errno: -4077,
  code: 'ECONNRESET',
  syscall: 'read'
}
 GET / 200 in 185ms (next.js: 31ms, application-code: 154ms)
 GET /pam/users 200 in 223ms (next.js: 73ms, application-code: 150ms)
 GET /pam/users/3aced589-213f-4bb3-a421-9cd375ba92f7 200 in 2.7s (next.js: 2.6s, application-code: 151ms)
 GET / 200 in 101ms (next.js: 27ms, application-code: 74ms)
 GET / 200 in 179ms (next.js: 23ms, application-code: 156ms)
